time_ms,accel_x_raw,accel_y_raw,accel_z_raw,uv_raw,accel_valid,uv_valid,uv_new,sensor_error_mask,pump_on,accel_fifo_skipped_total,log_dropped_total
57421,18,-5391,145,0,1,1,0,0,1,0,0
57431,27,-5380,136,0,1,1,0,0,1,0,0
57441,24,-5395,148,0,1,1,0,0,1,0,0
57451,31,-5403,151,0,1,1,0,0,1,0,0
57461,17,-5380,139,0,1,1,0,0,1,0,0
57471,22,-5379,150,0,1,1,0,0,1,0,0
57481,42,-5386,149,0,1,1,0,0,1,0,0
57491,38,-5372,151,0,1,1,0,0,1,0,0
57501,32,-5379,143,0,1,1,0,0,1,0,0
57511,27,-5391,147,0,1,1,0,0,1,0,0
57521,33,-5376,148,0,1,1,0,0,1,0,0
57531,30,-5380,146,0,1,1,0,0,1,0,0
57541,17,-5390,139,0,1,1,0,0,1,0,0
57551,29,-5387,152,0,1,1,0,0,1,0,0
57561,26,-5381,137,0,1,1,0,0,1,0,0
57571,27,-5382,136,0,1,1,0,0,1,0,0
57581,28,-5382,148,0,1,1,0,0,1,0,0
57591,38,-5398,152,0,1,1,0,0,1,0,0
57601,18,-5401,150,0,1,1,0,0,1,0,0
57611,11,-5376,141,0,1,1,0,0,1,0,0
57621,27,-5392,152,0,1,1,0,0,1,0,0
57631,5,-5397,149,0,1,1,0,0,1,0,0
57641,25,-5373,127,0,1,1,0,0,1,0,0
57651,24,-5381,147,0,1,1,0,0,1,0,0
57661,13,-5378,142,0,1,1,0,0,1,0,0
57672,30,-5380,132,0,1,1,0,0,1,0,0
57682,32,-5371,141,0,1,1,0,0,1,0,0
57683,25,-5386,142,0,1,1,0,0,1,0,0
57693,45,-5395,133,0,1,1,0,0,1,0,0
57703,23,-5388,135,0,1,1,0,0,1,0,0
57714,19,-5388,139,0,1,1,0,0,1,0,0
57724,38,-5383,147,0,1,1,0,0,1,0,0
57734,5,-5393,145,0,1,1,0,0,1,0,0
57744,15,-5383,148,0,1,1,0,0,1,0,0
57754,21,-5379,149,0,1,1,0,0,1,0,0
57764,14,-5382,146,0,1,1,0,0,1,0,0
57774,27,-5382,145,0,1,1,0,0,1,0,0
57784,20,-5378,150,0,1,1,0,0,1,0,0
57794,24,-5374,142,0,1,1,0,0,1,0,0
57804,31,-5387,134,0,1,1,0,0,1,0,0
57818,32,-5379,153,0,1,1,0,0,1,0,0
57828,26,-5384,149,0,1,1,1,0,1,0,0
57839,35,-5382,134,0,1,1,0,0,1,0,0
57849,29,-5382,142,0,1,1,0,0,1,0,0
57860,7,-5388,150,0,1,1,0,0,1,0,0
57870,47,-5387,147,0,1,1,0,0,1,0,0
57881,36,-5375,156,0,1,1,0,0,1,0,0
57891,24,-5382,149,0,1,1,0,0,1,0,0
57901,43,-5377,138,0,1,1,0,0,1,0,0
57911,31,-5379,145,0,1,1,0,0,1,0,0
57921,16,-5397,154,0,1,1,0,0,1,0,0
57931,38,-5386,140,0,1,1,0,0,1,0,0
57941,24,-5392,143,0,1,1,0,0,1,0,0
57951,21,-5390,142,0,1,1,0,0,1,0,0
57961,29,-5385,149,0,1,1,0,0,1,0,0
57962,9,-5384,148,0,1,1,0,0,1,0,0
57972,22,-5382,144,0,1,1,0,0,1,0,0
57982,32,-5381,144,0,1,1,0,0,1,0,0
57992,22,-5374,141,0,1,1,0,0,1,0,0
58002,31,-5384,149,0,1,1,0,0,1,0,0
58012,11,-5388,138,0,1,1,0,0,1,0,0
58022,14,-5384,146,0,1,1,0,0,1,0,0
58032,30,-5389,139,0,1,1,0,0,1,0,0
58042,22,-5383,142,0,1,1,0,0,1,0,0
58052,20,-5380,134,0,1,1,0,0,1,0,0
58062,39,-5381,130,0,1,1,0,0,1,0,0
58072,16,-5388,141,0,1,1,0,0,1,0,0
58082,32,-5371,139,0,1,1,0,0,1,0,0
58092,43,-5371,141,0,1,1,0,0,1,0,0
58102,31,-5384,148,0,1,1,0,0,1,0,0
58112,33,-5383,141,0,1,1,0,0,1,0,0
58122,23,-5376,150,0,1,1,0,0,1,0,0
58132,29,-5380,145,0,1,1,0,0,1,0,0
58142,28,-5378,146,0,1,1,0,0,1,0,0
58152,17,-5380,148,0,1,1,0,0,1,0,0
58162,36,-5395,136,0,1,1,0,0,1,0,0
58172,15,-5380,138,0,1,1,0,0,1,0,0
58182,29,-5385,145,0,1,1,0,0,1,0,0
58192,28,-5378,150,0,1,1,0,0,1,0,0
58202,19,-5392,145,0,1,1,0,0,1,0,0
58212,34,-5377,145,0,1,1,0,0,1,0,0
58222,24,-5378,152,0,1,1,0,0,1,0,0
58232,21,-5388,149,0,1,1,0,0,1,0,0
58242,54,-5371,140,0,1,1,0,0,1,0,0
58252,38,-5374,151,0,1,1,0,0,1,0,0
58262,13,-5390,153,0,1,1,0,0,1,0,0
58272,34,-5382,142,0,1,1,0,0,1,0,0
58282,30,-5373,146,0,1,1,0,0,1,0,0
58292,24,-5375,140,0,1,1,0,0,1,0,0
58302,34,-5388,136,0,1,1,0,0,1,0,0
58312,34,-5377,136,0,1,1,0,0,1,0,0
58322,20,-5388,143,0,1,1,0,0,1,0,0
58332,23,-5382,133,0,1,1,0,0,1,0,0
58342,18,-5388,122,0,1,1,0,0,1,0,0
58352,9,-5385,142,0,1,1,1,0,1,0,0
58362,32,-5380,135,0,1,1,0,0,1,0,0
58372,22,-5391,149,0,1,1,0,0,1,0,0
58382,18,-5389,164,0,1,1,0,0,1,0,0
58392,23,-5385,151,0,1,1,0,0,1,0,0
58402,21,-5391,140,0,1,1,0,0,1,0,0
58412,31,-5389,138,0,1,1,0,0,1,0,0
58422,40,-5365,170,0,1,1,0,0,1,0,0
58432,8,-5372,146,0,1,1,0,0,1,0,0
58436,22,-5378,131,0,1,1,0,0,1,0,0
58446,45,-5387,142,0,1,1,0,0,1,0,0
58456,26,-5395,151,0,1,1,0,0,1,0,0
58466,24,-5377,139,0,1,1,0,0,1,0,0
58476,39,-5375,148,0,1,1,0,0,1,0,0
58487,22,-5379,155,0,1,1,0,0,1,0,0
58497,14,-5369,141,0,1,1,0,0,1,0,0
58508,43,-5374,157,0,1,1,0,0,1,0,0
58518,29,-5387,149,0,1,1,0,0,1,0,0
58533,29,-5386,131,0,1,1,0,0,1,0,0
58543,42,-5376,159,0,1,1,0,0,1,0,0
58544,19,-5383,137,0,1,1,0,0,1,0,0
58554,23,-5386,137,0,1,1,0,0,1,0,0
58564,24,-5388,144,0,1,1,0,0,1,0,0
58575,14,-5375,135,0,1,1,0,0,1,0,0
58585,27,-5386,138,0,1,1,0,0,1,0,0
58596,16,-5382,140,0,1,1,0,0,1,0,0
58606,18,-5383,149,0,1,1,0,0,1,0,0
58617,27,-5389,140,0,1,1,0,0,1,0,0
58627,18,-5400,142,0,1,1,0,0,1,0,0
58638,34,-5389,134,0,1,1,0,0,1,0,0
58648,27,-5387,148,0,1,1,0,0,1,0,0
58659,19,-5386,160,0,1,1,0,0,1,0,0
58669,38,-5379,150,0,1,1,0,0,1,0,0
58675,33,-5382,156,0,1,1,0,0,1,0,0
58685,23,-5384,147,0,1,1,0,0,1,0,0
58695,30,-5379,146,0,1,1,0,0,1,0,0
58706,35,-5379,149,0,1,1,0,0,1,0,0
58716,23,-5383,130,0,1,1,0,0,1,0,0
58728,32,-5386,147,0,1,1,0,0,1,0,0
58738,19,-5371,130,0,1,1,0,0,1,0,0
58749,39,-5379,133,0,1,1,0,0,1,0,0
58759,18,-5385,154,0,1,1,0,0,1,0,0
58770,15,-5382,135,0,1,1,0,0,1,0,0
58780,33,-5378,149,0,1,1,0,0,1,0,0
58781,16,-5373,147,0,1,1,0,0,1,0,0
58791,30,-5378,145,0,1,1,0,0,1,0,0
58801,25,-5377,153,0,1,1,0,0,1,0,0
58812,14,-5387,145,0,1,1,0,0,1,0,0
58822,39,-5372,149,0,1,1,0,0,1,0,0
58833,33,-5394,137,0,1,1,0,0,1,0,0
58843,18,-5377,153,0,1,1,0,0,1,0,0
58844,35,-5387,129,0,1,1,0,0,1,0,0
58854,15,-5376,149,0,1,1,0,0,1,0,0
58864,16,-5371,144,0,1,1,1,0,1,0,0
58887,34,-5380,134,0,1,1,0,0,1,0,0
58897,39,-5385,146,0,1,1,0,0,1,0,0
58907,24,-5376,154,0,1,1,0,0,1,0,0
58918,34,-5382,127,0,1,1,0,0,1,0,0
58928,23,-5380,148,0,1,1,0,0,1,0,0
58939,21,-5377,130,0,1,1,0,0,1,0,0
58949,39,-5382,157,0,1,1,0,0,1,0,0
58950,12,-5379,161,0,1,1,0,0,1,0,0
58960,24,-5387,140,0,1,1,0,0,1,0,0
58970,31,-5384,153,0,1,1,0,0,1,0,0
58980,18,-5387,146,0,1,1,0,0,1,0,0
58990,22,-5385,136,0,1,1,0,0,1,0,0
59000,34,-5385,156,0,1,1,0,0,1,0,0
59010,17,-5387,141,0,1,1,0,0,1,0,0
59020,29,-5384,123,0,1,1,0,0,1,0,0
59030,39,-5368,141,0,1,1,0,0,1,0,0
59040,14,-5386,156,0,1,1,0,0,1,0,0
59050,38,-5384,149,0,1,1,0,0,1,0,0
59060,35,-5378,142,0,1,1,0,0,1,0,0
59070,15,-5386,147,0,1,1,0,0,1,0,0
59080,37,-5388,140,0,1,1,0,0,1,0,0
59090,45,-5370,141,0,1,1,0,0,1,0,0
59100,22,-5372,150,0,1,1,0,0,1,0,0
59110,21,-5381,141,0,1,1,0,0,1,0,0
59120,33,-5377,166,0,1,1,0,0,1,0,0
59130,26,-5383,140,0,1,1,0,0,1,0,0
59141,25,-5379,136,0,1,1,0,0,1,0,0
59151,23,-5388,148,0,1,1,0,0,1,0,0
59161,25,-5393,140,0,1,1,0,0,1,0,0
59171,25,-5373,144,0,1,1,0,0,1,0,0
59181,23,-5387,140,0,1,1,0,0,1,0,0
59191,37,-5380,145,0,1,1,0,0,1,0,0
59201,31,-5374,143,0,1,1,0,0,1,0,0
59211,26,-5379,152,0,1,1,0,0,1,0,0
59222,38,-5392,141,0,1,1,0,0,1,0,0
59232,20,-5371,131,0,1,1,0,0,1,0,0
59242,10,-5379,135,0,1,1,0,0,1,0,0
59252,23,-5375,144,0,1,1,0,0,1,0,0
59262,24,-5392,151,0,1,1,0,0,1,0,0
59272,13,-5384,138,0,1,1,0,0,1,0,0
59282,34,-5378,143,0,1,1,0,0,1,0,0
59292,30,-5378,154,0,1,1,0,0,1,0,0
59302,34,-5380,141,0,1,1,0,0,1,0,0
59312,25,-5376,151,0,1,1,0,0,1,0,0
59322,17,-5384,157,0,1,1,0,0,1,0,0
59332,23,-5381,138,0,1,1,0,0,1,0,0
59342,13,-5385,155,0,1,1,0,0,1,0,0
59352,33,-5396,142,0,1,1,0,0,1,0,0
59362,28,-5378,150,0,1,1,0,0,1,0,0
59372,17,-5385,148,0,1,1,0,0,1,0,0
59377,28,-5381,129,0,1,1,0,0,1,0,0
59387,27,-5372,153,0,1,1,0,0,1,0,0
59397,33,-5389,143,0,1,1,1,0,1,0,0
59408,38,-5387,143,0,1,1,0,0,1,0,0
59418,18,-5371,133,0,1,1,0,0,1,0,0
59426,20,-5381,136,0,1,1,0,0,1,0,0
59436,26,-5380,147,0,1,1,0,0,1,0,0
59446,15,-5368,132,0,1,1,0,0,1,0,0
59456,33,-5391,133,0,1,1,0,0,1,0,0
59466,31,-5390,145,0,1,1,0,0,1,0,0
59477,33,-5386,148,0,1,1,0,0,1,0,0
59487,37,-5390,138,0,1,1,0,0,1,0,0
59498,31,-5388,143,0,1,1,0,0,1,0,0
59508,5,-5385,147,0,1,1,0,0,1,0,0
59516,9,-5372,132,0,1,1,0,0,1,0,0
59526,26,-5381,146,0,1,1,0,0,1,0,0
59536,10,-5384,160,0,1,1,0,0,1,0,0
59547,16,-5381,142,0,1,1,0,0,1,0,0
59557,26,-5375,160,0,1,1,0,0,1,0,0
59568,22,-5372,148,0,1,1,0,0,1,0,0
59578,22,-5382,123,0,1,1,0,0,1,0,0
59589,16,-5378,143,0,1,1,0,0,1,0,0
59599,18,-5382,138,0,1,1,0,0,1,0,0
59610,43,-5377,142,0,1,1,0,0,1,0,0
59620,19,-5385,140,0,1,1,0,0,1,0,0
59631,7,-5382,148,0,1,1,0,0,1,0,0
59641,34,-5382,153,0,1,1,0,0,1,0,0
59642,26,-5393,142,0,1,1,0,0,1,0,0
59652,5,-5386,143,0,1,1,0,0,1,0,0
59662,26,-5393,146,0,1,1,0,0,1,0,0
59673,15,-5383,143,0,1,1,0,0,1,0,0
59683,5,-5371,146,0,1,1,0,0,1,0,0
59694,29,-5380,148,0,1,1,0,0,1,0,0
59704,17,-5383,148,0,1,1,0,0,1,0,0
59714,12,-5384,156,0,1,1,0,0,1,0,0
59724,29,-5382,140,0,1,1,0,0,1,0,0
59734,20,-5390,151,0,1,1,0,0,1,0,0
59744,31,-5374,139,0,1,1,0,0,1,0,0
59754,26,-5375,148,0,1,1,0,0,1,0,0
59764,30,-5390,138,0,1,1,0,0,1,0,0
59774,37,-5398,139,0,1,1,0,0,1,0,0
59784,19,-5378,150,0,1,1,0,0,1,0,0
59794,22,-5385,147,0,1,1,0,0,1,0,0
59804,42,-5399,141,0,1,1,0,0,1,0,0
59814,36,-5386,154,0,1,1,0,0,1,0,0
59824,22,-5383,143,0,1,1,0,0,1,0,0
59834,38,-5382,136,0,1,1,0,0,1,0,0
59844,18,-5393,157,0,1,1,0,0,1,0,0
59854,16,-5385,132,0,1,1,0,0,1,0,0
59864,34,-5384,152,0,1,1,0,0,1,0,0
59874,18,-5387,143,0,1,1,0,0,1,0,0
59884,22,-5382,126,0,1,1,0,0,1,0,0
59894,28,-5376,151,0,1,1,0,0,1,0,0
59904,17,-5375,150,0,1,1,0,0,1,0,0
59914,22,-5366,132,0,1,1,0,0,1,0,0
59924,15,-5387,146,0,1,1,1,0,1,0,0
59925,14,-5389,147,0,1,1,0,0,1,0,0
59935,19,-5380,153,0,1,1,0,0,1,0,0
59945,6,-5373,143,0,1,1,0,0,1,0,0
59965,27,-5385,133,0,1,1,0,0,1,0,0
59975,17,-5383,139,0,1,1,0,0,1,0,0
59985,19,-5387,139,0,1,1,0,0,1,0,0
59995,32,-5388,142,0,1,1,0,0,1,0,0
60005,29,-5387,154,0,1,1,0,0,1,0,0
60015,27,-5384,151,0,1,1,0,0,1,0,0
60025,24,-5378,155,0,1,1,0,0,1,0,0
60035,15,-5388,151,0,1,1,0,0,1,0,0
60045,35,-5391,144,0,1,1,0,0,1,0,0
60055,46,-5383,167,0,1,1,0,0,1,0,0
60065,12,-5388,138,0,1,1,0,0,1,0,0
60075,21,-5378,135,0,1,1,0,0,1,0,0
60085,26,-5385,159,0,1,1,0,0,1,0,0
60095,2,-5384,142,0,1,1,0,0,1,0,0
60105,12,-5382,139,0,1,1,0,0,1,0,0
60115,22,-5386,153,0,1,1,0,0,1,0,0
60125,29,-5381,141,0,1,1,0,0,1,0,0
60135,39,-5372,145,0,1,1,0,0,1,0,0
60145,25,-5379,152,0,1,1,0,0,1,0,0
60155,7,-5384,150,0,1,1,0,0,1,0,0
60165,33,-5378,136,0,1,1,0,0,1,0,0
60175,24,-5368,162,0,1,1,0,0,1,0,0
60185,17,-5376,145,0,1,1,0,0,1,0,0
60195,35,-5370,137,0,1,1,0,0,1,0,0
60205,18,-5367,139,0,1,1,0,0,1,0,0
60215,27,-5385,134,0,1,1,0,0,1,0,0
60225,49,-5389,132,0,1,1,0,0,1,0,0
60235,29,-5388,151,0,1,1,0,0,1,0,0
60245,21,-5384,157,0,1,1,0,0,1,0,0
60255,36,-5378,146,0,1,1,0,0,1,0,0
60265,21,-5390,154,0,1,1,0,0,1,0,0
60275,19,-5374,148,0,1,1,0,0,1,0,0
60285,42,-5384,160,0,1,1,0,0,1,0,0
60295,36,-5386,168,0,1,1,0,0,1,0,0
60305,28,-5377,143,0,1,1,0,0,1,0,0
60315,27,-5377,139,0,1,1,0,0,1,0,0
60325,23,-5383,143,0,1,1,0,0,1,0,0
60335,17,-5378,132,0,1,1,0,0,1,0,0
60336,17,-5385,160,0,1,1,0,0,1,0,0
60346,21,-5393,149,0,1,1,0,0,1,0,0
60356,40,-5395,138,0,1,1,0,0,1,0,0
60366,19,-5386,149,0,1,1,0,0,1,0,0
60376,35,-5386,123,0,1,1,0,0,1,0,0
60386,19,-5374,132,0,1,1,0,0,1,0,0
60396,7,-5379,142,0,1,1,0,0,1,0,0
60406,28,-5389,141,0,1,1,0,0,1,0,0
60416,39,-5379,156,0,1,1,0,0,1,0,0
60426,20,-5374,158,0,1,1,0,0,1,0,0
60442,29,-5383,133,0,1,1,0,0,1,0,0
60452,37,-5361,150,0,1,1,0,0,1,0,0
60462,29,-5380,150,0,1,1,0,0,1,0,0
60472,33,-5378,153,0,1,1,1,0,1,0,0
60473,20,-5380,142,0,1,1,0,0,1,0,0
60483,30,-5393,147,0,1,1,0,0,1,0,0
60493,41,-5388,144,0,1,1,0,0,1,0,0
60504,11,-5387,148,0,1,1,0,0,1,0,0
60514,23,-5371,152,0,1,1,0,0,1,0,0
60529,16,-5370,165,0,1,1,0,0,1,0,0
60539,24,-5390,145,0,1,1,0,0,1,0,0
60550,24,-5379,140,0,1,1,0,0,1,0,0
60560,14,-5377,151,0,1,1,0,0,1,0,0
60571,26,-5377,145,0,1,1,0,0,1,0,0
60581,18,-5385,152,0,1,1,0,0,1,0,0
60582,14,-5378,157,0,1,1,0,0,1,0,0
60592,40,-5377,152,0,1,1,0,0,1,0,0
60602,20,-5370,142,0,1,1,0,0,1,0,0
60613,21,-5400,142,0,1,1,0,0,1,0,0
60623,40,-5385,146,0,1,1,0,0,1,0,0
60634,14,-5382,137,0,1,1,0,0,1,0,0
60644,44,-5382,155,0,1,1,0,0,1,0,0
60655,52,-5383,157,0,1,1,0,0,1,0,0
60665,24,-5388,155,0,1,1,0,0,1,0,0
60676,21,-5393,135,0,1,1,0,0,1,0,0
60686,29,-5386,147,0,1,1,0,0,1,0,0
60697,25,-5378,154,0,1,1,0,0,1,0,0
60707,29,-5376,131,0,1,1,0,0,1,0,0
60717,17,-5379,145,0,1,1,0,0,1,0,0
60727,6,-5379,134,0,1,1,0,0,1,0,0
60737,30,-5381,131,0,1,1,0,0,1,0,0
60748,23,-5398,118,0,1,1,0,0,1,0,0
60758,15,-5399,128,0,1,1,0,0,1,0,0
60768,40,-5362,132,0,1,1,0,0,1,0,0
60779,26,-5383,143,0,1,1,0,0,1,0,0
60789,27,-5385,158,0,1,1,0,0,1,0,0
60799,45,-5369,177,0,1,1,0,0,1,0,0
60809,32,-5363,178,0,1,1,0,0,1,0,0
60819,19,-5383,166,0,1,1,0,0,1,0,0
60829,46,-5398,141,0,1,1,0,0,1,0,0
60839,36,-5378,154,0,1,1,0,0,1,0,0
60849,47,-5359,131,0,1,1,0,0,1,0,0
60859,45,-5408,145,0,1,1,0,0,1,0,0
60860,12,-5375,136,0,1,1,0,0,1,0,0
60870,25,-5374,125,0,1,1,0,0,1,0,0
60880,33,-5388,161,0,1,1,0,0,1,0,0
60890,14,-5403,153,0,1,1,0,0,1,0,0
60900,18,-5377,149,0,1,1,0,0,1,0,0
60910,23,-5374,159,0,1,1,0,0,1,0,0
60920,3,-5384,136,0,1,1,0,0,1,0,0
60930,20,-5375,134,0,1,1,0,0,1,0,0
60945,18,-5373,141,0,1,1,0,0,1,0,0
60955,33,-5390,133,0,1,1,1,0,1,0,0
60966,39,-5397,137,0,1,1,0,0,1,0,0
60976,13,-5388,128,0,1,1,0,0,1,0,0
60977,12,-5384,139,0,1,1,0,0,1,0,0
60987,24,-5384,150,0,1,1,0,0,1,0,0
60997,17,-5372,160,0,1,1,0,0,1,0,0
61008,36,-5384,158,0,1,1,0,0,1,0,0
61018,43,-5391,141,0,1,1,0,0,1,0,0
61029,21,-5398,136,0,1,1,0,0,1,0,0
61039,34,-5364,156,0,1,1,0,0,1,0,0
61050,32,-5368,145,0,1,1,0,0,1,0,0
61060,28,-5389,153,0,1,1,0,0,1,0,0
61071,44,-5379,144,0,1,1,0,0,1,0,0
61081,11,-5379,153,0,1,1,0,0,1,0,0
61092,19,-5380,141,0,1,1,0,0,1,0,0
61102,37,-5379,132,0,1,1,0,0,1,0,0
61113,30,-5365,148,0,1,1,0,0,1,0,0
61123,40,-5365,144,0,1,1,0,0,1,0,0
61133,8,-5399,138,0,1,1,0,0,1,0,0
61143,21,-5379,146,0,1,1,0,0,1,0,0
61153,22,-5381,158,0,1,1,0,0,1,0,0
61163,15,-5386,140,0,1,1,0,0,1,0,0
61173,24,-5375,140,0,1,1,0,0,1,0,0
61183,17,-5362,130,0,1,1,0,0,1,0,0
61194,35,-5386,135,0,1,1,0,0,1,0,0
61204,23,-5400,151,0,1,1,0,0,1,0,0
61214,18,-5384,138,0,1,1,0,0,1,0,0
61224,31,-5385,127,0,1,1,0,0,1,0,0
61234,37,-5379,152,0,1,1,0,0,1,0,0
61244,22,-5379,157,0,1,1,0,0,1,0,0
61254,32,-5382,141,0,1,1,0,0,1,0,0
61264,30,-5386,154,0,1,1,0,0,1,0,0
61274,27,-5378,146,0,1,1,0,0,1,0,0
61284,38,-5382,150,0,1,1,0,0,1,0,0
61294,33,-5378,159,0,1,1,0,0,1,0,0
61304,31,-5383,144,0,1,1,0,0,1,0,0
61314,27,-5378,141,0,1,1,0,0,1,0,0
61324,20,-5380,144,0,1,1,0,0,1,0,0
61334,34,-5383,128,0,1,1,0,0,1,0,0
61344,24,-5384,133,0,1,1,0,0,1,0,0
61354,23,-5386,137,0,1,1,0,0,1,0,0
61355,15,-5375,141,0,1,1,0,0,1,0,0
61365,14,-5379,145,0,1,1,0,0,1,0,0
61375,14,-5380,161,0,1,1,0,0,1,0,0
61385,30,-5384,153,0,1,1,0,0,1,0,0
61395,33,-5377,162,0,1,1,0,0,1,0,0
61405,22,-5378,148,0,1,1,0,0,1,0,0
61415,34,-5386,138,0,1,1,0,0,1,0,0
61425,42,-5385,149,0,1,1,0,0,1,0,0
61432,24,-5379,145,0,1,1,0,0,1,0,0
61442,33,-5374,148,0,1,1,0,0,1,0,0
61452,28,-5375,155,0,1,1,0,0,1,0,0
61462,24,-5375,141,0,1,1,0,0,1,0,0
61472,27,-5405,140,0,1,1,1,0,1,0,0
61482,31,-5386,138,0,1,1,0,0,1,0,0
61492,24,-5386,169,0,1,1,0,0,1,0,0
61503,30,-5385,136,0,1,1,0,0,1,0,0
61513,17,-5390,138,0,1,1,0,0,1,0,0
61528,19,-5398,148,0,1,1,0,0,1,0,0
61538,15,-5369,145,0,1,1,0,0,1,0,0
61549,19,-5389,149,0,1,1,0,0,1,0,0
61559,20,-5397,147,0,1,1,0,0,1,0,0
61570,15,-5377,153,0,1,1,0,0,1,0,0
61580,21,-5373,150,0,1,1,0,0,1,0,0
61581,33,-5400,151,0,1,1,0,0,1,0,0
61591,20,-5386,141,0,1,1,0,0,1,0,0
61601,21,-5388,138,0,1,1,0,0,1,0,0
61612,28,-5386,142,0,1,1,0,0,1,0,0
61622,19,-5386,149,0,1,1,0,0,1,0,0
61632,43,-5388,150,0,1,1,0,0,1,0,0
61642,37,-5376,165,0,1,1,0,0,1,0,0
61652,16,-5388,144,0,1,1,0,0,1,0,0
61662,41,-5396,155,0,1,1,0,0,1,0,0
61672,24,-5368,145,0,1,1,0,0,1,0,0
61682,15,-5381,144,0,1,1,0,0,1,0,0
61692,38,-5390,150,0,1,1,0,0,1,0,0
61702,20,-5381,135,0,1,1,0,0,1,0,0
61712,25,-5386,137,0,1,1,0,0,1,0,0
61722,16,-5379,146,0,1,1,0,0,1,0,0
61732,15,-5395,139,0,1,1,0,0,1,0,0
61742,31,-5386,153,0,1,1,0,0,1,0,0
61752,7,-5377,135,0,1,1,0,0,1,0,0
61762,25,-5379,139,0,1,1,0,0,1,0,0
61773,21,-5397,144,0,1,1,0,0,1,0,0
61783,28,-5399,147,0,1,1,0,0,1,0,0
61793,30,-5394,156,0,1,1,0,0,1,0,0
61803,25,-5389,131,0,1,1,0,0,1,0,0
61813,19,-5376,143,0,1,1,0,0,1,0,0
61823,30,-5377,154,0,1,1,0,0,1,0,0
61833,26,-5387,152,0,1,1,0,0,1,0,0
61843,18,-5387,142,0,1,1,0,0,1,0,0
61853,33,-5375,137,0,1,1,0,0,1,0,0
61863,27,-5374,151,0,1,1,0,0,1,0,0
61873,21,-5390,135,0,1,1,0,0,1,0,0
61883,30,-5382,146,0,1,1,0,0,1,0,0
61893,15,-5378,144,0,1,1,0,0,1,0,0
61903,30,-5374,134,0,1,1,0,0,1,0,0
61913,23,-5380,155,0,1,1,0,0,1,0,0
61923,15,-5372,151,0,1,1,0,0,1,0,0
61930,37,-5379,151,0,1,1,0,0,1,0,0
61940,24,-5387,147,0,1,1,0,0,1,0,0
61950,17,-5390,133,0,1,1,0,0,1,0,0
61960,14,-5380,141,0,1,1,0,0,1,0,0
61970,13,-5377,145,0,1,1,0,0,1,0,0
61971,26,-5382,142,0,1,1,0,0,1,0,0
61981,34,-5388,157,0,1,1,0,0,1,0,0
61991,18,-5386,159,0,1,1,1,0,1,0,0
62011,27,-5386,149,0,1,1,0,0,1,0,0
62021,38,-5374,162,0,1,1,0,0,1,0,0
62031,28,-5384,141,0,1,1,0,0,1,0,0
62041,34,-5381,150,0,1,1,0,0,1,0,0
62051,39,-5382,153,0,1,1,0,0,1,0,0
62061,20,-5374,143,0,1,1,0,0,1,0,0
62071,30,-5380,134,0,1,1,0,0,1,0,0
62081,51,-5390,136,0,1,1,0,0,1,0,0
62091,24,-5387,143,0,1,1,0,0,1,0,0
62102,22,-5388,138,0,1,1,0,0,1,0,0
62112,32,-5382,152,0,1,1,0,0,1,0,0
62122,17,-5382,152,0,1,1,0,0,1,0,0
62132,32,-5379,136,0,1,1,0,0,1,0,0
62142,10,-5385,155,0,1,1,0,0,1,0,0
62152,11,-5392,138,0,1,1,0,0,1,0,0
62162,29,-5392,146,0,1,1,0,0,1,0,0
62172,11,-5390,141,0,1,1,0,0,1,0,0
62182,27,-5383,146,0,1,1,0,0,1,0,0
62192,27,-5370,150,0,1,1,0,0,1,0,0
62202,13,-5377,135,0,1,1,0,0,1,0,0
62212,25,-5382,141,0,1,1,0,0,1,0,0
62222,24,-5384,155,0,1,1,0,0,1,0,0
62232,11,-5388,137,0,1,1,0,0,1,0,0
62242,24,-5375,150,0,1,1,0,0,1,0,0
62252,21,-5379,156,0,1,1,0,0,1,0,0
62262,19,-5384,141,0,1,1,0,0,1,0,0
62272,28,-5380,151,0,1,1,0,0,1,0,0
62282,14,-5378,139,0,1,1,0,0,1,0,0
62292,36,-5381,141,0,1,1,0,0,1,0,0
62302,39,-5384,154,0,1,1,0,0,1,0,0
62312,16,-5384,158,0,1,1,0,0,1,0,0
62322,35,-5366,143,0,1,1,0,0,1,0,0
62332,21,-5376,143,0,1,1,0,0,1,0,0
62342,26,-5382,135,0,1,1,0,0,1,0,0
62352,22,-5375,147,0,1,1,0,0,1,0,0
62362,20,-5388,138,0,1,1,0,0,1,0,0
62372,33,-5385,153,0,1,1,0,0,1,0,0
62382,5,-5364,153,0,1,1,0,0,1,0,0
62392,11,-5380,148,0,1,1,0,0,1,0,0
62402,16,-5391,152,0,1,1,0,0,1,0,0
62412,21,-5378,142,0,1,1,0,0,1,0,0
62422,37,-5385,141,0,1,1,0,0,1,0,0
62432,28,-5388,150,0,1,1,0,0,1,0,0
62434,17,-5397,144,0,1,1,0,0,1,0,0
62444,33,-5375,138,0,1,1,0,0,1,0,0
62454,20,-5372,147,0,1,1,0,0,1,0,0
62464,25,-5374,140,0,1,1,0,0,1,0,0
62474,36,-5389,133,0,1,1,0,0,1,0,0
62484,22,-5390,156,0,1,1,0,0,1,0,0
62495,14,-5382,145,0,1,1,0,0,1,0,0
62505,18,-5388,151,0,1,1,0,0,1,0,0
62510,24,-5383,153,0,1,1,0,0,1,0,0
62520,27,-5378,150,0,1,1,0,0,1,0,0
62530,24,-5379,141,0,1,1,1,0,1,0,0
62550,21,-5383,156,0,1,1,0,0,1,0,0
62560,29,-5375,144,0,1,1,0,0,1,0,0
62570,31,-5372,157,0,1,1,0,0,1,0,0
62571,18,-5374,149,0,1,1,0,0,1,0,0
62581,26,-5397,142,0,1,1,0,0,1,0,0
62591,26,-5381,154,0,1,1,0,0,1,0,0
62602,9,-5375,154,0,1,1,0,0,1,0,0
62612,33,-5386,134,0,1,1,0,0,1,0,0
62622,28,-5380,153,0,1,1,0,0,1,0,0
62632,27,-5383,150,0,1,1,0,0,1,0,0
62642,20,-5382,144,0,1,1,0,0,1,0,0
62652,34,-5378,142,0,1,1,0,0,1,0,0
62662,23,-5382,131,0,1,1,0,0,1,0,0
62672,35,-5386,138,0,1,1,0,0,1,0,0
62682,22,-5372,151,0,1,1,0,0,1,0,0
62692,10,-5374,149,0,1,1,0,0,1,0,0
62702,34,-5378,143,0,1,1,0,0,1,0,0
62712,24,-5385,146,0,1,1,0,0,1,0,0
62720,24,-5383,142,0,1,1,0,0,1,0,0
62730,20,-5372,153,0,1,1,0,0,1,0,0
62740,16,-5382,152,0,1,1,0,0,1,0,0
62751,40,-5391,155,0,1,1,0,0,1,0,0
62761,23,-5390,145,0,1,1,0,0,1,0,0
62772,22,-5383,131,0,1,1,0,0,1,0,0
62782,33,-5378,150,0,1,1,0,0,1,0,0
62792,27,-5386,146,0,1,1,0,0,1,0,0
62802,27,-5378,145,0,1,1,0,0,1,0,0
62812,28,-5373,135,0,1,1,0,0,1,0,0
62822,23,-5387,145,0,1,1,0,0,1,0,0
62832,28,-5383,131,0,1,1,0,0,1,0,0
62842,32,-5380,148,0,1,1,0,0,1,0,0
62852,16,-5376,150,0,1,1,0,0,1,0,0
62862,40,-5376,148,0,1,1,0,0,1,0,0
62872,33,-5379,140,0,1,1,0,0,1,0,0
62882,25,-5380,142,0,1,1,0,0,1,0,0
62892,32,-5385,143,0,1,1,0,0,1,0,0
62902,19,-5381,143,0,1,1,0,0,1,0,0
62912,31,-5378,150,0,1,1,0,0,1,0,0
62922,33,-5374,156,0,1,1,0,0,1,0,0
62932,30,-5384,145,0,1,1,0,0,1,0,0
62942,27,-5377,138,0,1,1,0,0,1,0,0
62952,24,-5388,140,0,1,1,0,0,1,0,0
62962,40,-5389,147,0,1,1,0,0,1,0,0
62972,19,-5375,150,0,1,1,0,0,1,0,0
62982,23,-5379,133,0,1,1,0,0,1,0,0
62992,33,-5383,132,0,1,1,0,0,1,0,0
63002,27,-5388,144,0,1,1,0,0,1,0,0
63012,38,-5375,140,0,1,1,0,0,1,0,0
63022,31,-5383,159,0,1,1,0,0,1,0,0
63026,17,-5383,159,0,1,1,0,0,1,0,0
63036,39,-5387,147,0,1,1,0,0,1,0,0
63046,30,-5384,149,0,1,1,1,0,1,0,0
63057,6,-5380,138,0,1,1,0,0,1,0,0
63067,27,-5392,141,0,1,1,0,0,1,0,0
63078,29,-5391,151,0,1,1,0,0,1,0,0
63088,27,-5388,151,0,1,1,0,0,1,0,0
63099,39,-5379,130,0,1,1,0,0,1,0,0
63109,24,-5380,143,0,1,1,0,0,1,0,0
63119,27,-5378,146,0,1,1,0,0,1,0,0
63129,43,-5387,149,0,1,1,0,0,1,0,0
63139,21,-5377,155,0,1,1,0,0,1,0,0
63149,19,-5383,130,0,1,1,0,0,1,0,0
63159,31,-5380,143,0,1,1,0,0,1,0,0
63169,16,-5388,138,0,1,1,0,0,1,0,0
63180,25,-5387,128,0,1,1,0,0,1,0,0
63190,29,-5392,158,0,1,1,0,0,1,0,0
63200,8,-5384,139,0,1,1,0,0,1,0,0
63210,24,-5372,151,0,1,1,0,0,1,0,0
63220,33,-5389,153,0,1,1,0,0,1,0,0
63230,22,-5392,141,0,1,1,0,0,1,0,0
63240,30,-5383,137,0,1,1,0,0,1,0,0
63250,23,-5383,149,0,1,1,0,0,1,0,0
63260,10,-5395,146,0,1,1,0,0,1,0,0
63270,29,-5379,146,0,1,1,0,0,1,0,0
63280,37,-5382,154,0,1,1,0,0,1,0,0
63290,20,-5375,124,0,1,1,0,0,1,0,0
63300,28,-5374,147,0,1,1,0,0,1,0,0
63310,16,-5390,154,0,1,1,0,0,1,0,0
63320,26,-5399,142,0,1,1,0,0,1,0,0
63330,37,-5369,150,0,1,1,0,0,1,0,0
63341,19,-5380,142,0,1,1,0,0,1,0,0
63351,40,-5385,148,0,1,1,0,0,1,0,0
63361,34,-5388,145,0,1,1,0,0,1,0,0
63371,23,-5386,149,0,1,1,0,0,1,0,0
63381,36,-5369,146,0,1,1,0,0,1,0,0
63391,21,-5379,145,0,1,1,0,0,1,0,0
63401,33,-5383,136,0,1,1,0,0,1,0,0
63411,23,-5383,145,0,1,1,0,0,1,0,0
63421,16,-5391,143,0,1,1,0,0,1,0,0
63431,32,-5381,130,0,1,1,0,0,1,0,0
63435,34,-5377,140,0,1,1,0,0,1,0,0
63445,18,-5381,138,0,1,1,0,0,1,0,0
63455,44,-5385,137,0,1,1,0,0,1,0,0
63465,17,-5380,157,0,1,1,0,0,1,0,0
63475,20,-5372,138,0,1,1,0,0,1,0,0
63486,36,-5375,141,0,1,1,0,0,1,0,0
63496,17,-5379,141,0,1,1,0,0,1,0,0
63507,20,-5381,138,0,1,1,0,0,1,0,0
63517,25,-5384,156,0,1,1,0,0,1,0,0
63522,26,-5367,147,0,1,1,0,0,1,0,0
63532,29,-5385,158,0,1,1,0,0,1,0,0
63542,15,-5377,146,0,1,1,0,0,1,0,0
63553,33,-5376,140,0,1,1,0,0,1,0,0
63563,29,-5377,148,0,1,1,1,0,1,0,0
63574,32,-5379,134,0,1,1,0,0,1,0,0
63584,38,-5376,154,0,1,1,0,0,1,0,0
63595,7,-5373,159,0,1,1,0,0,1,0,0
63605,24,-5376,138,0,1,1,0,0,1,0,0
63616,35,-5381,146,0,1,1,0,0,1,0,0
63626,9,-5382,148,0,1,1,0,0,1,0,0
63636,18,-5389,143,0,1,1,0,0,1,0,0
63646,30,-5388,158,0,1,1,0,0,1,0,0
63656,19,-5391,155,0,1,1,0,0,1,0,0
63666,33,-5378,150,0,1,1,0,0,1,0,0
63676,25,-5379,142,0,1,1,0,0,1,0,0
63686,25,-5386,156,0,1,1,0,0,1,0,0
63696,15,-5385,139,0,1,1,0,0,1,0,0
63706,22,-5380,141,0,1,1,0,0,1,0,0
63716,22,-5386,153,0,1,1,0,0,1,0,0
63726,33,-5382,155,0,1,1,0,0,1,0,0
63736,11,-5373,148,0,1,1,0,0,1,0,0
63746,16,-5387,135,0,1,1,0,0,1,0,0
63756,31,-5391,153,0,1,1,0,0,1,0,0
63766,20,-5380,142,0,1,1,0,0,1,0,0
63777,35,-5387,133,0,1,1,0,0,1,0,0
63787,29,-5382,159,0,1,1,0,0,1,0,0
63797,16,-5383,140,0,1,1,0,0,1,0,0
63807,31,-5387,126,0,1,1,0,0,1,0,0
63817,22,-5388,139,0,1,1,0,0,1,0,0
63827,12,-5388,147,0,1,1,0,0,1,0,0
63837,29,-5378,142,0,1,1,0,0,1,0,0
63847,33,-5390,151,0,1,1,0,0,1,0,0
63857,25,-5383,149,0,1,1,0,0,1,0,0
63867,31,-5379,143,0,1,1,0,0,1,0,0
63877,40,-5367,155,0,1,1,0,0,1,0,0
63887,28,-5378,135,0,1,1,0,0,1,0,0
63897,35,-5386,151,0,1,1,0,0,1,0,0
63907,35,-5384,149,0,1,1,0,0,1,0,0
63917,14,-5373,141,0,1,1,0,0,1,0,0
63927,30,-5379,130,0,1,1,0,0,1,0,0
63937,25,-5387,133,0,1,1,0,0,1,0,0
63938,23,-5380,137,0,1,1,0,0,1,0,0
63948,26,-5377,148,0,1,1,0,0,1,0,0
63958,16,-5380,140,0,1,1,0,0,1,0,0
63968,27,-5384,145,0,1,1,0,0,1,0,0
63978,19,-5380,157,0,1,1,0,0,1,0,0
63988,23,-5374,140,0,1,1,0,0,1,0,0
63998,34,-5379,153,0,1,1,0,0,1,0,0
64008,23,-5388,163,0,1,1,0,0,1,0,0
64019,25,-5382,143,0,1,1,0,0,1,0,0
64029,28,-5384,150,0,1,1,0,0,1,0,0
64039,20,-5376,151,0,1,1,0,0,1,0,0
64049,32,-5379,139,0,1,1,0,0,1,0,0
64059,42,-5367,158,0,1,1,0,0,1,0,0
64069,16,-5381,147,0,1,1,0,0,1,0,0
64079,25,-5391,144,0,1,1,0,0,1,0,0
64089,12,-5388,146,0,1,1,1,0,1,0,0
64099,24,-5382,145,0,1,1,0,0,1,0,0
64109,19,-5381,146,0,1,1,0,0,1,0,0
64119,29,-5388,146,0,1,1,0,0,1,0,0
64129,40,-5378,152,0,1,1,0,0,1,0,0
64139,28,-5389,154,0,1,1,0,0,1,0,0
64149,25,-5387,141,0,1,1,0,0,1,0,0
64159,16,-5380,133,0,1,1,0,0,1,0,0
64169,29,-5382,140,0,1,1,0,0,1,0,0
64180,42,-5393,145,0,1,1,0,0,1,0,0
64190,22,-5394,156,0,1,1,0,0,1,0,0
64200,23,-5389,153,0,1,1,0,0,1,0,0
64210,32,-5385,140,0,1,1,0,0,1,0,0
64220,26,-5385,144,0,1,1,0,0,1,0,0
64230,25,-5387,144,0,1,1,0,0,1,0,0
64240,28,-5376,143,0,1,1,0,0,1,0,0
64250,26,-5373,133,0,1,1,0,0,1,0,0
64260,29,-5378,138,0,1,1,0,0,1,0,0
64270,35,-5391,158,0,1,1,0,0,1,0,0
64280,18,-5379,152,0,1,1,0,0,1,0,0
64290,24,-5378,134,0,1,1,0,0,1,0,0
64300,22,-5387,150,0,1,1,0,0,1,0,0
64310,18,-5379,138,0,1,1,0,0,1,0,0
64320,28,-5384,142,0,1,1,0,0,1,0,0
64330,20,-5386,147,0,1,1,0,0,1,0,0
64340,23,-5379,146,0,1,1,0,0,1,0,0
64350,38,-5378,141,0,1,1,0,0,1,0,0
64360,20,-5380,140,0,1,1,0,0,1,0,0
64370,18,-5379,148,0,1,1,0,0,1,0,0
64380,39,-5376,140,0,1,1,0,0,1,0,0
64390,16,-5404,132,0,1,1,0,0,1,0,0
64400,30,-5384,131,0,1,1,0,0,1,0,0
64410,40,-5389,147,0,1,1,0,0,1,0,0
64420,15,-5385,157,0,1,1,0,0,1,0,0
64430,29,-5379,147,0,1,1,0,0,1,0,0
64436,45,-5381,154,0,1,1,0,0,1,0,0
64446,22,-5380,142,0,1,1,0,0,1,0,0
64456,20,-5376,136,0,1,1,0,0,1,0,0
64466,36,-5379,145,0,1,1,0,0,1,0,0
64476,29,-5383,139,0,1,1,0,0,1,0,0
64486,17,-5388,137,0,1,1,0,0,1,0,0
64497,35,-5380,152,0,1,1,0,0,1,0,0
64507,17,-5389,152,0,1,1,0,0,1,0,0
64518,29,-5377,145,0,1,1,0,0,1,0,0
64528,18,-5370,147,0,1,1,0,0,1,0,0
64538,24,-5373,145,0,1,1,0,0,1,0,0
64548,41,-5383,146,0,1,1,0,0,1,0,0
64558,22,-5374,148,0,1,1,0,0,1,0,0
64568,28,-5374,132,0,1,1,0,0,1,0,0
64578,26,-5389,144,0,1,1,0,0,1,0,0
64588,21,-5373,151,0,1,1,0,0,1,0,0
64592,32,-5387,151,0,1,1,0,0,1,0,0
64602,29,-5384,135,0,1,1,0,0,1,0,0
64612,13,-5382,155,0,1,1,1,0,1,0,0
64623,39,-5394,142,0,1,1,0,0,1,0,0
64633,27,-5386,158,0,1,1,0,0,1,0,0
64644,27,-5376,133,0,1,1,0,0,1,0,0
64654,26,-5386,139,0,1,1,0,0,1,0,0
64665,3,-5383,156,0,1,1,0,0,1,0,0
64675,35,-5376,147,0,1,1,0,0,1,0,0
64686,33,-5378,156,0,1,1,0,0,1,0,0
64696,32,-5389,131,0,1,1,0,0,1,0,0
64707,44,-5380,135,0,1,1,0,0,1,0,0
64717,28,-5375,149,0,1,1,0,0,1,0,0
64721,23,-5386,155,0,1,1,0,0,1,0,0
64731,34,-5389,142,0,1,1,0,0,1,0,0
64741,31,-5386,151,0,1,1,0,0,1,0,0
64752,31,-5391,146,0,1,1,0,0,1,0,0
64762,30,-5389,153,0,1,1,0,0,1,0,0
64773,32,-5381,142,0,1,1,0,0,1,0,0
64783,31,-5381,144,0,1,1,0,0,1,0,0
64793,8,-5383,147,0,1,1,0,0,1,0,0
64803,31,-5397,145,0,1,1,0,0,1,0,0
64813,28,-5392,146,0,1,1,0,0,1,0,0
64823,16,-5388,155,0,1,1,0,0,1,0,0
64833,36,-5382,153,0,1,1,0,0,1,0,0
64843,20,-5382,150,0,1,1,0,0,1,0,0
64853,11,-5376,154,0,1,1,0,0,1,0,0
64863,29,-5385,142,0,1,1,0,0,1,0,0
64873,29,-5380,145,0,1,1,0,0,1,0,0
64883,13,-5373,137,0,1,1,0,0,1,0,0
64893,31,-5392,149,0,1,1,0,0,1,0,0
64903,25,-5384,145,0,1,1,0,0,1,0,0
64913,20,-5376,150,0,1,1,0,0,1,0,0
64923,34,-5374,147,0,1,1,0,0,1,0,0
64933,29,-5382,154,0,1,1,0,0,1,0,0
64943,28,-5373,156,0,1,1,0,0,1,0,0
64953,39,-5378,138,0,1,1,0,0,1,0,0
64963,28,-5391,145,0,1,1,0,0,1,0,0
64973,42,-5382,125,0,1,1,0,0,1,0,0
64983,36,-5381,143,0,1,1,0,0,1,0,0
64993,10,-5372,143,0,1,1,0,0,1,0,0
65003,20,-5382,139,0,1,1,0,0,1,0,0
65013,28,-5386,144,0,1,1,0,0,1,0,0
65023,18,-5402,149,0,1,1,0,0,1,0,0
65033,25,-5388,136,0,1,1,0,0,1,0,0
65043,28,-5383,146,0,1,1,0,0,1,0,0
65053,25,-5372,148,0,1,1,0,0,1,0,0
65063,32,-5365,142,0,1,1,0,0,1,0,0
65073,39,-5381,145,0,1,1,0,0,1,0,0
65083,25,-5376,146,0,1,1,0,0,1,0,0
65093,33,-5372,137,0,1,1,0,0,1,0,0
65103,27,-5391,142,0,1,1,0,0,1,0,0
65107,16,-5377,148,0,1,1,0,0,1,0,0
65117,31,-5376,138,0,1,1,0,0,1,0,0
65127,23,-5379,154,0,1,1,1,0,1,0,0
65138,25,-5393,145,0,1,1,0,0,1,0,0
65148,36,-5383,134,0,1,1,0,0,1,0,0
65159,14,-5378,144,0,1,1,0,0,1,0,0
65169,43,-5384,140,0,1,1,0,0,1,0,0
65180,34,-5381,155,0,1,1,0,0,1,0,0
65190,22,-5381,152,0,1,1,0,0,1,0,0
65200,24,-5387,141,0,1,1,0,0,1,0,0
65210,22,-5380,139,0,1,1,0,0,1,0,0
65220,18,-5383,139,0,1,1,0,0,1,0,0
65230,33,-5378,146,0,1,1,0,0,1,0,0
65240,26,-5372,150,0,1,1,0,0,1,0,0
65250,28,-5369,129,0,1,1,0,0,1,0,0
65260,45,-5379,146,0,1,1,0,0,1,0,0
65270,9,-5385,141,0,1,1,0,0,1,0,0
65280,28,-5391,134,0,1,1,0,0,1,0,0
65290,26,-5379,154,0,1,1,0,0,1,0,0
65300,38,-5381,144,0,1,1,0,0,1,0,0
65310,42,-5391,149,0,1,1,0,0,1,0,0
65320,23,-5391,135,0,1,1,0,0,1,0,0
65330,28,-5386,134,0,1,1,0,0,1,0,0
65331,32,-5386,146,0,1,1,0,0,1,0,0
65341,22,-5386,143,0,1,1,0,0,1,0,0
65351,41,-5382,145,0,1,1,0,0,1,0,0
65361,19,-5387,145,0,1,1,0,0,1,0,0
65371,32,-5383,148,0,1,1,0,0,1,0,0
65381,33,-5388,150,0,1,1,0,0,1,0,0
65391,27,-5388,163,0,1,1,0,0,1,0,0
65401,34,-5393,146,0,1,1,0,0,1,0,0
65411,31,-5385,143,0,1,1,0,0,1,0,0
65422,9,-5383,136,0,1,1,0,0,1,0,0
65432,34,-5384,145,0,1,1,0,0,1,0,0
65446,23,-5386,146,0,1,1,0,0,1,0,0
65456,19,-5374,141,0,1,1,0,0,1,0,0
65466,15,-5378,136,0,1,1,0,0,1,0,0
65476,27,-5381,155,0,1,1,0,0,1,0,0
65487,32,-5375,151,0,1,1,0,0,1,0,0
65497,35,-5377,149,0,1,1,0,0,1,0,0
65508,29,-5377,160,0,1,1,0,0,1,0,0
65518,27,-5388,133,0,1,1,0,0,1,0,0
65519,32,-5382,145,0,1,1,0,0,1,0,0
65529,13,-5383,147,0,1,1,0,0,1,0,0
65539,20,-5391,130,0,1,1,0,0,1,0,0
65549,25,-5369,141,0,1,1,0,0,1,0,0
65559,21,-5371,145,0,1,1,0,0,1,0,0
65569,29,-5383,142,0,1,1,0,0,1,0,0
65579,35,-5381,160,0,1,1,0,0,1,0,0
65589,28,-5380,145,0,1,1,0,0,1,0,0
65599,36,-5378,144,0,1,1,0,0,1,0,0
65610,27,-5369,149,0,1,1,0,0,1,0,0
65620,26,-5387,147,0,1,1,0,0,1,0,0
65634,36,-5391,144,0,1,1,0,0,1,0,0
65644,39,-5374,145,0,1,1,1,0,1,0,0
65655,24,-5391,149,0,1,1,0,0,1,0,0
65665,43,-5379,153,0,1,1,0,0,1,0,0
65676,27,-5389,155,0,1,1,0,0,1,0,0
65686,17,-5385,141,0,1,1,0,0,1,0,0
65697,15,-5392,149,0,1,1,0,0,1,0,0
65707,19,-5370,147,0,1,1,0,0,1,0,0
65717,34,-5378,134,0,1,1,0,0,1,0,0
65727,29,-5387,138,0,1,1,0,0,1,0,0
65737,25,-5390,154,0,1,1,0,0,1,0,0
65747,30,-5391,152,0,1,1,0,0,1,0,0
65757,19,-5383,141,0,1,1,0,0,1,0,0
65767,16,-5381,161,0,1,1,0,0,1,0,0
65777,25,-5369,152,0,1,1,0,0,1,0,0
65778,12,-5394,131,0,1,1,0,0,1,0,0
65788,30,-5388,134,0,1,1,0,0,1,0,0
65798,39,-5395,136,0,1,1,0,0,1,0,0
65808,4,-5375,154,0,1,1,0,0,1,0,0
65818,43,-5386,148,0,1,1,0,0,1,0,0
65828,45,-5376,141,0,1,1,0,0,1,0,0
65838,9,-5390,139,0,1,1,0,0,1,0,0
65848,41,-5389,141,0,1,1,0,0,1,0,0
65859,31,-5378,155,0,1,1,0,0,1,0,0
65869,21,-5370,137,0,1,1,0,0,1,0,0
65879,34,-5376,151,0,1,1,0,0,1,0,0
65889,14,-5385,155,0,1,1,0,0,1,0,0
65899,30,-5382,142,0,1,1,0,0,1,0,0
65909,27,-5379,158,0,1,1,0,0,1,0,0
65919,20,-5378,152,0,1,1,0,0,1,0,0
65929,29,-5392,146,0,1,1,0,0,1,0,0
65939,26,-5388,150,0,1,1,0,0,1,0,0
65949,26,-5391,138,0,1,1,0,0,1,0,0
65959,12,-5375,145,0,1,1,0,0,1,0,0
65969,22,-5375,146,0,1,1,0,0,1,0,0
65979,35,-5389,145,0,1,1,0,0,1,0,0
65989,27,-5380,137,0,1,1,0,0,1,0,0
65999,20,-5374,144,0,1,1,0,0,1,0,0
66009,36,-5387,141,0,1,1,0,0,1,0,0
66020,25,-5382,154,0,1,1,0,0,1,0,0
66030,25,-5379,145,0,1,1,0,0,1,0,0
66040,34,-5386,138,0,1,1,0,0,1,0,0
66050,14,-5387,146,0,1,1,0,0,1,0,0
66060,35,-5384,138,0,1,1,0,0,1,0,0
66070,31,-5386,145,0,1,1,0,0,1,0,0
66080,20,-5391,158,0,1,1,0,0,1,0,0
66090,34,-5381,141,0,1,1,0,0,1,0,0
66100,29,-5380,155,0,1,1,0,0,1,0,0
66110,14,-5384,147,0,1,1,0,0,1,0,0
66120,43,-5381,146,0,1,1,0,0,1,0,0
66130,21,-5378,153,0,1,1,0,0,1,0,0
66140,15,-5395,143,0,1,1,0,0,1,0,0
66150,24,-5385,137,0,1,1,0,0,1,0,0
66154,26,-5367,146,0,1,1,0,0,1,0,0
66164,22,-5374,140,0,1,1,0,0,1,0,0
66174,36,-5384,147,0,1,1,1,0,1,0,0
66185,26,-5386,137,0,1,1,0,0,1,0,0
66195,33,-5387,148,0,1,1,0,0,1,0,0
66205,30,-5387,148,0,1,1,0,0,1,0,0
66215,14,-5388,159,0,1,1,0,0,1,0,0
66225,12,-5380,141,0,1,1,0,0,1,0,0
66235,33,-5386,141,0,1,1,0,0,1,0,0
66245,26,-5381,138,0,1,1,0,0,1,0,0
66255,25,-5377,130,0,1,1,0,0,1,0,0
66266,36,-5373,137,0,1,1,0,0,1,0,0
66276,16,-5367,145,0,1,1,0,0,1,0,0
66286,31,-5376,135,0,1,1,0,0,1,0,0
66296,22,-5384,148,0,1,1,0,0,1,0,0
66306,18,-5386,146,0,1,1,0,0,1,0,0
66316,23,-5393,147,0,1,1,0,0,1,0,0
66326,17,-5381,148,0,1,1,0,0,1,0,0
66336,17,-5377,141,0,1,1,0,0,1,0,0
66346,27,-5377,142,0,1,1,0,0,1,0,0
66356,14,-5382,141,0,1,1,0,0,1,0,0
66366,34,-5381,146,0,1,1,0,0,1,0,0
66376,19,-5376,157,0,1,1,0,0,1,0,0
66386,17,-5378,149,0,1,1,0,0,1,0,0
66396,45,-5383,137,0,1,1,0,0,1,0,0
66406,22,-5382,151,0,1,1,0,0,1,0,0
66416,27,-5374,145,0,1,1,0,0,1,0,0
66420,34,-5376,139,0,1,1,0,0,1,0,0
66430,22,-5388,157,0,1,1,0,0,1,0,0
66440,14,-5396,146,0,1,1,0,0,1,0,0
66450,25,-5398,132,0,1,1,0,0,1,0,0
66460,23,-5380,153,0,1,1,0,0,1,0,0
66470,29,-5386,148,0,1,1,0,0,1,0,0
66484,26,-5390,155,0,1,1,0,0,1,0,0
66494,20,-5381,145,0,1,1,0,0,1,0,0
66504,30,-5386,155,0,1,1,0,0,1,0,0
66514,19,-5392,139,0,1,1,0,0,1,0,0
66525,30,-5389,143,0,1,1,0,0,1,0,0
66535,28,-5383,159,0,1,1,0,0,1,0,0
66546,33,-5386,138,0,1,1,0,0,1,0,0
66556,39,-5376,152,0,1,1,0,0,1,0,0
66561,19,-5379,135,0,1,1,0,0,1,0,0
66571,28,-5382,128,0,1,1,0,0,1,0,0
66581,29,-5379,151,0,1,1,0,0,1,0,0
66592,23,-5379,140,0,1,1,0,0,1,0,0
66602,32,-5392,145,0,1,1,0,0,1,0,0
66613,17,-5375,153,0,1,1,0,0,1,0,0
66623,14,-5387,141,0,1,1,0,0,1,0,0
66634,32,-5384,141,0,1,1,0,0,1,0,0
66644,20,-5375,145,0,1,1,0,0,1,0,0
66655,25,-5368,147,0,1,1,0,0,1,0,0
66665,37,-5385,157,0,1,1,0,0,1,0,0
66666,27,-5384,159,0,1,1,0,0,1,0,0
66676,29,-5380,141,0,1,1,0,0,1,0,0
66686,33,-5380,152,0,1,1,1,0,1,0,0
66697,11,-5382,151,0,1,1,0,0,1,0,0
66707,28,-5381,141,0,1,1,0,0,1,0,0
66718,28,-5373,147,0,1,1,0,0,1,0,0
66728,19,-5387,155,0,1,1,0,0,1,0,0
66736,35,-5384,145,0,1,1,0,0,1,0,0
66746,22,-5378,152,0,1,1,0,0,1,0,0
66756,17,-5394,133,0,1,1,0,0,1,0,0
66767,28,-5376,144,0,1,1,0,0,1,0,0
66777,23,-5373,161,0,1,1,0,0,1,0,0
66788,21,-5382,136,0,1,1,0,0,1,0,0
66798,52,-5390,147,0,1,1,0,0,1,0,0
66809,18,-5377,154,0,1,1,0,0,1,0,0
66819,8,-5377,134,0,1,1,0,0,1,0,0
66830,30,-5376,145,0,1,1,0,0,1,0,0
66840,19,-5382,154,0,1,1,0,0,1,0,0
66850,19,-5383,140,0,1,1,0,0,1,0,0
66860,34,-5378,148,0,1,1,0,0,1,0,0
66870,22,-5394,153,0,1,1,0,0,1,0,0
66880,38,-5387,142,0,1,1,0,0,1,0,0
66890,30,-5384,146,0,1,1,0,0,1,0,0
66900,21,-5393,155,0,1,1,0,0,1,0,0
66910,26,-5378,148,0,1,1,0,0,1,0,0
66920,29,-5376,152,0,1,1,0,0,1,0,0
66930,26,-5386,142,0,1,1,0,0,1,0,0
66940,35,-5388,152,0,1,1,0,0,1,0,0
66950,4,-5382,145,0,1,1,0,0,1,0,0
66960,31,-5384,132,0,1,1,0,0,1,0,0
66970,43,-5385,149,0,1,1,0,0,1,0,0
66980,20,-5376,143,0,1,1,0,0,1,0,0
66990,33,-5378,130,0,1,1,0,0,1,0,0
67000,25,-5383,151,0,1,1,0,0,1,0,0
67010,12,-5384,152,0,1,1,0,0,1,0,0
67020,30,-5372,143,0,1,1,0,0,1,0,0
67030,29,-5378,150,0,1,1,0,0,1,0,0
67040,23,-5377,133,0,1,1,0,0,1,0,0
67050,33,-5390,150,0,1,1,0,0,1,0,0
67060,30,-5382,136,0,1,1,0,0,1,0,0
67070,23,-5386,145,0,1,1,0,0,1,0,0
67080,29,-5370,155,0,1,1,0,0,1,0,0
67090,25,-5376,141,0,1,1,0,0,1,0,0
67100,39,-5380,141,0,1,1,0,0,1,0,0
67110,30,-5386,155,0,1,1,0,0,1,0,0
67120,22,-5385,140,0,1,1,0,0,1,0,0
67130,12,-5371,152,0,1,1,0,0,1,0,0
67140,3,-5377,140,0,1,1,0,0,1,0,0
67151,29,-5380,143,0,1,1,0,0,1,0,0
67161,27,-5385,143,0,1,1,0,0,1,0,0
67171,35,-5376,150,0,1,1,0,0,1,0,0
67181,22,-5378,149,0,1,1,0,0,1,0,0
67191,21,-5375,150,0,1,1,0,0,1,0,0
67201,41,-5376,136,0,1,1,0,0,1,0,0
67211,23,-5377,146,0,1,1,0,0,1,0,0
67221,12,-5375,145,0,1,1,0,0,1,0,0
67231,37,-5374,139,0,1,1,1,0,1,0,0
67232,22,-5387,162,0,1,1,0,0,1,0,0
67242,29,-5374,147,0,1,1,0,0,1,0,0
67252,43,-5368,164,0,1,1,0,0,1,0,0
67262,21,-5378,157,0,1,1,0,0,1,0,0
67272,21,-5385,145,0,1,1,0,0,1,0,0
67282,34,-5382,141,0,1,1,0,0,1,0,0
67292,24,-5388,134,0,1,1,0,0,1,0,0
67302,24,-5389,132,0,1,1,0,0,1,0,0
67312,27,-5383,139,0,1,1,0,0,1,0,0
67322,24,-5380,139,0,1,1,0,0,1,0,0
67332,34,-5393,144,0,1,1,0,0,1,0,0
67342,30,-5378,141,0,1,1,0,0,1,0,0
67352,22,-5366,138,0,1,1,0,0,1,0,0
67362,27,-5374,144,0,1,1,0,0,1,0,0
67372,27,-5367,143,0,1,1,0,0,1,0,0
67382,30,-5385,143,0,1,1,0,0,1,0,0
67393,47,-5389,148,0,1,1,0,0,1,0,0
67403,38,-5389,148,0,1,1,0,0,1,0,0
67413,25,-5385,150,0,1,1,0,0,1,0,0
67423,31,-5379,136,0,1,1,0,0,1,0,0
67433,25,-5384,166,0,1,1,0,0,1,0,0
67443,21,-5380,158,0,1,1,0,0,1,0,0
67453,36,-5382,150,0,1,1,0,0,1,0,0
67463,32,-5379,147,0,1,1,0,0,1,0,0
67472,23,-5391,137,0,1,1,0,0,1,0,0
67482,21,-5378,144,0,1,1,0,0,1,0,0
67492,22,-5370,148,0,1,1,0,0,1,0,0
67502,31,-5385,144,0,1,1,0,0,1,0,0
67513,33,-5381,160,0,1,1,0,0,1,0,0
67523,17,-5382,158,0,1,1,0,0,1,0,0
67534,34,-5391,145,0,1,1,0,0,1,0,0
67544,27,-5384,149,0,1,1,0,0,1,0,0
67549,27,-5376,129,0,1,1,0,0,1,0,0
67559,36,-5383,143,0,1,1,0,0,1,0,0
67569,18,-5392,149,0,1,1,0,0,1,0,0
67580,44,-5388,145,0,1,1,0,0,1,0,0
67590,27,-5387,153,0,1,1,0,0,1,0,0
67601,17,-5387,150,0,1,1,0,0,1,0,0
67611,28,-5383,143,0,1,1,0,0,1,0,0
67622,32,-5390,140,0,1,1,0,0,1,0,0
67632,15,-5403,141,0,1,1,0,0,1,0,0
67643,26,-5379,136,0,1,1,0,0,1,0,0
67653,19,-5384,148,0,1,1,0,0,1,0,0
67664,29,-5387,145,0,1,1,0,0,1,0,0
67674,42,-5380,152,0,1,1,0,0,1,0,0
67685,13,-5374,151,0,1,1,0,0,1,0,0
67695,22,-5398,150,0,1,1,0,0,1,0,0
67696,33,-5389,155,0,1,1,0,0,1,0,0
67706,28,-5372,140,0,1,1,0,0,1,0,0
67716,26,-5392,146,0,1,1,0,0,1,0,0
67731,23,-5388,142,0,1,1,0,0,1,0,0
67741,43,-5367,160,0,1,1,1,0,1,0,0
67752,30,-5374,156,0,1,1,0,0,1,0,0
67762,21,-5386,139,0,1,1,0,0,1,0,0
67772,20,-5389,146,0,1,1,0,0,1,0,0
67782,16,-5391,147,0,1,1,0,0,1,0,0
67792,28,-5383,147,0,1,1,0,0,1,0,0
67802,25,-5377,142,0,1,1,0,0,1,0,0
67813,17,-5388,143,0,1,1,0,0,1,0,0
67823,30,-5392,135,0,1,1,0,0,1,0,0
67833,33,-5385,153,0,1,1,0,0,1,0,0
67843,32,-5373,145,0,1,1,0,0,1,0,0
67853,28,-5382,158,0,1,1,0,0,1,0,0
67863,16,-5383,162,0,1,1,0,0,1,0,0
67873,13,-5381,138,0,1,1,0,0,1,0,0
67883,42,-5383,151,0,1,1,0,0,1,0,0
67893,16,-5378,146,0,1,1,0,0,1,0,0
67903,27,-5373,145,0,1,1,0,0,1,0,0
67913,31,-5404,145,0,1,1,0,0,1,0,0
67923,16,-5388,147,0,1,1,0,0,1,0,0
67933,20,-5370,150,0,1,1,0,0,1,0,0
67943,25,-5392,145,0,1,1,0,0,1,0,0
67953,27,-5393,150,0,1,1,0,0,1,0,0
67963,30,-5376,135,0,1,1,0,0,1,0,0
67973,14,-5375,132,0,1,1,0,0,1,0,0
67974,14,-5383,128,0,1,1,0,0,1,0,0
67984,37,-5399,137,0,1,1,0,0,1,0,0
67994,24,-5373,151,0,1,1,0,0,1,0,0
68004,15,-5378,170,0,1,1,0,0,1,0,0
68014,36,-5398,185,0,1,1,0,0,1,0,0
68024,28,-5382,184,0,1,1,0,0,1,0,0
68034,21,-5363,162,0,1,1,0,0,1,0,0
68044,33,-5390,138,0,1,1,0,0,1,0,0
68054,44,-5396,126,0,1,1,0,0,1,0,0
68064,39,-5370,102,0,1,1,0,0,1,0,0
68074,41,-5368,110,0,1,1,0,0,1,0,0
68084,20,-5388,113,0,1,1,0,0,1,0,0
68094,35,-5405,115,0,1,1,0,0,1,0,0
68104,6,-5380,166,0,1,1,0,0,1,0,0
68114,-9,-5370,180,0,1,1,0,0,1,0,0
68124,1,-5399,179,0,1,1,0,0,1,0,0
68135,-2,-5377,179,0,1,1,0,0,1,0,0
68145,14,-5382,158,0,1,1,0,0,1,0,0
68155,24,-5384,157,0,1,1,0,0,1,0,0
68165,21,-5396,137,0,1,1,0,0,1,0,0
68175,44,-5371,123,0,1,1,0,0,1,0,0
68185,25,-5382,121,0,1,1,0,0,1,0,0
68195,12,-5389,126,0,1,1,0,0,1,0,0
68205,40,-5386,151,0,1,1,0,0,1,0,0
68215,17,-5378,157,0,1,1,0,0,1,0,0
68225,18,-5375,148,0,1,1,0,0,1,0,0
68235,36,-5374,160,0,1,1,0,0,1,0,0
68245,27,-5382,150,0,1,1,0,0,1,0,0
68255,59,-5382,146,0,1,1,0,0,1,0,0
68265,50,-5373,124,0,1,1,1,0,1,0,0
68275,30,-5389,128,0,1,1,0,0,1,0,0
68285,33,-5379,153,0,1,1,0,0,1,0,0
68296,24,-5372,149,0,1,1,0,0,1,0,0
68306,21,-5381,158,0,1,1,0,0,1,0,0
68316,23,-5381,169,0,1,1,0,0,1,0,0
68326,16,-5383,156,0,1,1,0,0,1,0,0
68336,9,-5386,146,0,1,1,0,0,1,0,0
68346,3,-5393,129,0,1,1,0,0,1,0,0
68356,42,-5381,119,0,1,1,0,0,1,0,0
68366,20,-5373,126,0,1,1,0,0,1,0,0
68377,32,-5380,122,0,1,1,0,0,1,0,0
68387,45,-5383,135,0,1,1,0,0,1,0,0
68397,14,-5371,153,0,1,1,0,0,1,0,0
68407,39,-5375,172,0,1,1,0,0,1,0,0
68417,33,-5388,164,0,1,1,0,0,1,0,0
68427,14,-5396,180,0,1,1,0,0,1,0,0
68437,37,-5380,155,0,1,1,0,0,1,0,0
68447,43,-5383,153,0,1,1,0,0,1,0,0
68457,34,-5385,129,0,1,1,0,0,1,0,0
68467,48,-5380,117,0,1,1,0,0,1,0,0
68473,45,-5373,119,0,1,1,0,0,1,0,0
68483,34,-5379,112,0,1,1,0,0,1,0,0
68493,51,-5381,137,0,1,1,0,0,1,0,0
68503,29,-5388,150,0,1,1,0,0,1,0,0
68514,10,-5388,159,0,1,1,0,0,1,0,0
68524,14,-5381,181,0,1,1,0,0,1,0,0
68535,11,-5382,180,0,1,1,0,0,1,0,0
68545,32,-5377,156,0,1,1,0,0,1,0,0
68550,23,-5382,157,0,1,1,0,0,1,0,0
68560,9,-5385,133,0,1,1,0,0,1,0,0
68570,25,-5378,107,0,1,1,0,0,1,0,0
68581,27,-5386,107,0,1,1,0,0,1,0,0
68591,31,-5389,126,0,1,1,0,0,1,0,0
68602,33,-5381,131,0,1,1,0,0,1,0,0
68612,24,-5384,148,0,1,1,0,0,1,0,0
68623,7,-5390,167,0,1,1,0,0,1,0,0
68633,28,-5383,170,0,1,1,0,0,1,0,0
68644,12,-5387,175,0,1,1,0,0,1,0,0
68654,20,-5391,155,0,1,1,0,0,1,0,0
68655,42,-5376,131,0,1,1,0,0,1,0,0
68665,37,-5381,148,0,1,1,0,0,1,0,0
68675,28,-5375,119,0,1,1,0,0,1,0,0
68686,56,-5383,130,0,1,1,0,0,1,0,0
68696,34,-5384,135,0,1,1,0,0,1,0,0
68707,16,-5384,142,0,1,1,0,0,1,0,0
68717,16,-5383,156,0,1,1,0,0,1,0,0
68727,-7,-5384,163,0,1,1,0,0,1,0,0
68737,7,-5380,156,0,1,1,0,0,1,0,0
68748,14,-5387,156,0,1,1,0,0,1,0,0
68758,23,-5390,149,0,1,1,0,0,1,0,0
68769,35,-5392,140,0,1,1,0,0,1,0,0
68779,34,-5389,133,0,1,1,1,0,1,0,0
68790,32,-5382,122,0,1,1,0,0,1,0,0
68800,12,-5377,138,0,1,1,0,0,1,0,0
68811,21,-5392,159,0,1,1,0,0,1,0,0
68821,28,-5388,152,0,1,1,0,0,1,0,0
68831,29,-5389,176,0,1,1,0,0,1,0,0
68841,19,-5385,147,0,1,1,0,0,1,0,0
68851,40,-5385,143,0,1,1,0,0,1,0,0
68861,39,-5387,153,0,1,1,0,0,1,0,0
68871,30,-5398,132,0,1,1,0,0,1,0,0
68881,52,-5384,139,0,1,1,0,0,1,0,0
68891,34,-5390,136,0,1,1,0,0,1,0,0
68901,35,-5370,140,0,1,1,0,0,1,0,0
68911,30,-5375,155,0,1,1,0,0,1,0,0
68921,26,-5401,164,0,1,1,0,0,1,0,0
68931,25,-5389,161,0,1,1,0,0,1,0,0
68941,12,-5387,152,0,1,1,0,0,1,0,0
68951,15,-5392,138,0,1,1,0,0,1,0,0
68961,23,-5383,129,0,1,1,0,0,1,0,0
68971,33,-5379,125,0,1,1,0,0,1,0,0
68981,38,-5388,122,0,1,1,0,0,1,0,0
68991,33,-5393,127,0,1,1,0,0,1,0,0
69001,33,-5381,127,0,1,1,0,0,1,0,0
69011,30,-5386,155,0,1,1,0,0,1,0,0
69021,14,-5391,170,0,1,1,0,0,1,0,0
69031,15,-5378,161,0,1,1,0,0,1,0,0
69041,25,-5376,177,0,1,1,0,0,1,0,0
69051,19,-5373,152,0,1,1,0,0,1,0,0
69061,37,-5379,145,0,1,1,0,0,1,0,0
69071,31,-5379,126,0,1,1,0,0,1,0,0
69081,21,-5386,115,0,1,1,0,0,1,0,0
69091,38,-5401,116,0,1,1,0,0,1,0,0
69101,28,-5381,124,0,1,1,0,0,1,0,0
69111,23,-5381,143,0,1,1,0,0,1,0,0
69121,17,-5373,173,0,1,1,0,0,1,0,0
69131,8,-5379,164,0,1,1,0,0,1,0,0
69132,15,-5374,164,0,1,1,0,0,1,0,0
69142,38,-5370,162,0,1,1,0,0,1,0,0
69152,20,-5387,154,0,1,1,0,0,1,0,0
69162,25,-5384,138,0,1,1,0,0,1,0,0
69172,30,-5393,129,0,1,1,0,0,1,0,0
69182,24,-5384,134,0,1,1,0,0,1,0,0
69192,36,-5382,121,0,1,1,0,0,1,0,0
69202,34,-5383,134,0,1,1,0,0,1,0,0
69212,18,-5375,151,0,1,1,0,0,1,0,0
69222,19,-5393,147,0,1,1,0,0,1,0,0
69232,20,-5377,172,0,1,1,0,0,1,0,0
69242,15,-5378,148,0,1,1,0,0,1,0,0
69252,40,-5391,142,0,1,1,0,0,1,0,0
69262,27,-5383,160,0,1,1,0,0,1,0,0
69272,19,-5390,145,0,1,1,0,0,1,0,0
69282,32,-5377,142,0,1,1,0,0,1,0,0
69292,44,-5375,139,0,1,1,0,0,1,0,0
69302,23,-5388,142,0,1,1,1,0,1,0,0
69312,37,-5389,133,0,1,1,0,0,1,0,0
69322,17,-5384,150,0,1,1,0,0,1,0,0
69332,32,-5394,132,0,1,1,0,0,1,0,0
69342,34,-5390,157,0,1,1,0,0,1,0,0
69352,21,-5383,154,0,1,1,0,0,1,0,0
69362,36,-5381,149,0,1,1,0,0,1,0,0
69373,28,-5398,150,0,1,1,0,0,1,0,0
69383,25,-5389,133,0,1,1,0,0,1,0,0
69393,29,-5368,142,0,1,1,0,0,1,0,0
69403,19,-5382,152,0,1,1,0,0,1,0,0
69413,15,-5377,147,0,1,1,0,0,1,0,0
69423,26,-5377,152,0,1,1,0,0,1,0,0
69433,10,-5381,156,0,1,1,0,0,1,0,0
69443,36,-5383,139,0,1,1,0,0,1,0,0
69453,34,-5375,148,0,1,1,0,0,1,0,0
69463,11,-5384,135,0,1,1,0,0,1,0,0
69473,21,-5380,134,0,1,1,0,0,1,0,0
69483,24,-5383,142,0,1,1,0,0,1,0,0
69493,25,-5389,136,0,1,1,0,0,1,0,0
69503,39,-5382,148,0,1,1,0,0,1,0,0
69514,28,-5389,151,0,1,1,0,0,1,0,0
69524,25,-5379,140,0,1,1,0,0,1,0,0
69535,10,-5388,169,0,1,1,0,0,1,0,0
69545,23,-5393,159,0,1,1,0,0,1,0,0
69550,39,-5387,150,0,1,1,0,0,1,0,0
69560,26,-5386,136,0,1,1,0,0,1,0,0
69570,40,-5385,127,0,1,1,0,0,1,0,0
69581,30,-5384,128,0,1,1,0,0,1,0,0
69591,20,-5381,122,0,1,1,0,0,1,0,0
69602,22,-5381,147,0,1,1,0,0,1,0,0
69612,17,-5372,147,0,1,1,0,0,1,0,0
69623,23,-5370,139,0,1,1,0,0,1,0,0
69633,39,-5378,158,0,1,1,0,0,1,0,0
69644,16,-5385,167,0,1,1,0,0,1,0,0
69654,22,-5380,151,0,1,1,0,0,1,0,0
69664,22,-5381,167,0,1,1,0,0,1,0,0
69674,12,-5383,142,0,1,1,0,0,1,0,0
69684,25,-5370,126,0,1,1,0,0,1,0,0
69694,29,-5379,139,0,1,1,0,0,1,0,0
69704,22,-5376,139,0,1,1,0,0,1,0,0
69714,26,-5383,145,0,1,1,0,0,1,0,0
69724,40,-5380,144,0,1,1,0,0,1,0,0
69725,34,-5377,146,0,1,1,0,0,1,0,0
69735,29,-5381,148,0,1,1,0,0,1,0,0
69747,15,-5386,157,0,1,1,0,0,1,0,0
69757,31,-5386,148,0,1,1,0,0,1,0,0
69768,27,-5385,151,0,1,1,0,0,1,0,0
69778,12,-5372,132,0,1,1,0,0,1,0,0
69789,22,-5380,117,0,1,1,0,0,1,0,0
69799,29,-5389,133,0,1,1,0,0,1,0,0
69804,13,-5388,144,0,1,1,0,0,1,0,0
69814,22,-5393,139,0,1,1,0,0,1,0,0
69824,14,-5383,148,0,1,1,1,0,1,0,0
69835,8,-5392,153,0,1,1,0,0,1,0,0
69845,21,-5385,141,0,1,1,0,0,1,0,0
69856,19,-5386,154,0,1,1,0,0,1,0,0
69866,15,-5374,155,0,1,1,0,0,1,0,0
69877,25,-5385,123,0,1,1,0,0,1,0,0
69887,31,-5381,146,0,1,1,0,0,1,0,0
69898,38,-5376,145,0,1,1,0,0,1,0,0
69908,43,-5396,148,0,1,1,0,0,1,0,0
69919,28,-5402,155,0,1,1,0,0,1,0,0
69929,33,-5388,145,0,1,1,0,0,1,0,0
69940,31,-5379,147,0,1,1,0,0,1,0,0
69950,11,-5372,147,0,1,1,0,0,1,0,0
69951,40,-5387,134,0,1,1,0,0,1,0,0
69961,24,-5386,144,0,1,1,0,0,1,0,0
69971,23,-5384,134,0,1,1,0,0,1,0,0
69982,25,-5398,149,0,1,1,0,0,1,0,0
69992,10,-5374,134,0,1,1,0,0,1,0,0
70002,14,-5378,147,0,1,1,0,0,1,0,0
70012,32,-5382,149,0,1,1,0,0,1,0,0
70022,27,-5383,144,0,1,1,0,0,1,0,0
70032,21,-5380,148,0,1,1,0,0,1,0,0
70042,19,-5375,157,0,1,1,0,0,1,0,0
70052,18,-5388,139,0,1,1,0,0,1,0,0
70063,23,-5373,139,0,1,1,0,0,1,0,0
70073,14,-5383,145,0,1,1,0,0,1,0,0
70083,28,-5396,136,0,1,1,0,0,1,0,0
70093,35,-5383,144,0,1,1,0,0,1,0,0
70103,26,-5368,148,0,1,1,0,0,1,0,0
70113,39,-5376,148,0,1,1,0,0,1,0,0
70123,27,-5384,164,0,1,1,0,0,1,0,0
70133,32,-5378,152,0,1,1,0,0,1,0,0
70143,39,-5385,157,0,1,1,0,0,1,0,0
70153,25,-5387,142,0,1,1,0,0,1,0,0
70163,32,-5390,136,0,1,1,0,0,1,0,0
70173,10,-5392,139,0,1,1,0,0,1,0,0
70183,33,-5390,129,0,1,1,0,0,1,0,0
70193,27,-5380,128,0,1,1,0,0,1,0,0
70203,11,-5380,154,0,1,1,0,0,1,0,0
70213,25,-5387,131,0,1,1,0,0,1,0,0
70224,33,-5372,154,0,1,1,0,0,1,0,0
70234,14,-5369,161,0,1,1,0,0,1,0,0
70244,28,-5392,147,0,1,1,0,0,1,0,0
70254,17,-5387,159,0,1,1,0,0,1,0,0
70264,9,-5370,143,0,1,1,0,0,1,0,0
70274,34,-5392,134,0,1,1,0,0,1,0,0
70284,36,-5382,143,0,1,1,0,0,1,0,0
70294,27,-5381,143,0,1,1,0,0,1,0,0
70304,26,-5376,141,0,1,1,0,0,1,0,0
70314,20,-5384,147,0,1,1,0,0,1,0,0
70318,27,-5395,130,0,1,1,0,0,1,0,0
70328,40,-5397,151,0,1,1,0,0,1,0,0
70338,31,-5382,158,0,1,1,1,0,1,0,0
70349,30,-5378,150,0,1,1,0,0,1,0,0
70359,25,-5390,149,0,1,1,0,0,1,0,0
70370,23,-5388,138,0,1,1,0,0,1,0,0
70380,23,-5388,140,0,1,1,0,0,1,0,0
70391,27,-5379,151,0,1,1,0,0,1,0,0
70401,17,-5380,142,0,1,1,0,0,1,0,0
70411,15,-5376,126,0,1,1,0,0,1,0,0
70421,36,-5381,155,0,1,1,0,0,1,0,0
70431,21,-5380,145,0,1,1,0,0,1,0,0
70441,12,-5381,136,0,1,1,0,0,1,0,0
70451,28,-5378,151,0,1,1,0,0,1,0,0
70461,17,-5378,159,0,1,1,0,0,1,0,0
70472,33,-5372,137,0,1,1,0,0,1,0,0
70482,34,-5374,144,0,1,1,0,0,1,0,0
70492,30,-5382,147,0,1,1,0,0,1,0,0
70502,42,-5389,145,0,1,1,0,0,1,0,0
70513,19,-5370,158,0,1,1,0,0,1,0,0
70523,22,-5385,142,0,1,1,0,0,1,0,0
70534,32,-5391,142,0,1,1,0,0,1,0,0
70544,33,-5379,148,0,1,1,0,0,1,0,0
70549,27,-5376,143,0,1,1,0,0,1,0,0
70559,16,-5367,150,0,1,1,0,0,1,0,0
70569,27,-5387,144,0,1,1,0,0,1,0,0
70580,42,-5386,143,0,1,1,0,0,1,0,0
70590,23,-5377,147,0,1,1,0,0,1,0,0
70601,19,-5382,135,0,1,1,0,0,1,0,0
70611,31,-5387,161,0,1,1,0,0,1,0,0
70622,12,-5391,150,0,1,1,0,0,1,0,0
70632,17,-5365,173,0,1,1,0,0,1,0,0
70643,22,-5367,149,0,1,1,0,0,1,0,0
70653,12,-5401,153,0,1,1,0,0,1,0,0
70663,33,-5409,141,0,1,1,0,0,1,0,0
70673,9,-5389,118,0,1,1,0,0,1,0,0
70683,29,-5377,113,0,1,1,0,0,1,0,0
70693,40,-5398,133,0,1,1,0,0,1,0,0
70703,12,-5377,131,0,1,1,0,0,1,0,0
70713,15,-5369,137,0,1,1,0,0,1,0,0
70723,25,-5379,165,0,1,1,0,0,1,0,0
70724,33,-5390,172,0,1,1,0,0,1,0,0
70734,48,-5385,171,0,1,1,0,0,1,0,0
70748,7,-5357,157,0,1,1,0,0,1,0,0
70758,28,-5385,144,0,1,1,0,0,1,0,0
70769,28,-5406,157,0,1,1,0,0,1,0,0
70779,23,-5372,145,0,1,1,0,0,1,0,0
70790,43,-5373,124,0,1,1,0,0,1,0,0
70800,30,-5386,159,0,1,1,0,0,1,0,0
70811,19,-5394,137,0,1,1,0,0,1,0,0
70821,34,-5372,147,0,1,1,0,0,1,0,0
70831,9,-5373,146,0,1,1,0,0,1,0,0
70841,18,-5386,143,0,1,1,0,0,1,0,0
70845,50,-5388,134,0,1,1,0,0,1,0,0
70855,23,-5380,144,0,1,1,0,0,1,0,0
70865,19,-5380,151,0,1,1,1,0,1,0,0
70876,51,-5381,143,0,1,1,0,0,1,0,0
70886,22,-5375,142,0,1,1,0,0,1,0,0
70897,23,-5375,141,0,1,1,0,0,1,0,0
70907,31,-5393,150,0,1,1,0,0,1,0,0
70918,19,-5389,143,0,1,1,0,0,1,0,0
70928,28,-5369,133,0,1,1,0,0,1,0,0
70939,32,-5378,143,0,1,1,0,0,1,0,0
70949,13,-5392,142,0,1,1,0,0,1,0,0
70950,25,-5380,145,0,1,1,0,0,1,0,0
70960,20,-5368,149,0,1,1,0,0,1,0,0
70970,23,-5398,154,0,1,1,0,0,1,0,0
70988,40,-5398,137,0,1,1,0,0,1,0,0
70998,22,-5370,139,0,1,1,0,0,1,0,0
71008,11,-5365,156,0,1,1,0,0,1,0,0
71018,33,-5379,151,0,1,1,0,0,1,0,0
71029,17,-5377,149,0,1,1,0,0,1,0,0
71039,17,-5353,146,0,1,1,0,0,1,0,0
71040,24,-5372,124,0,1,1,0,0,1,0,0
71050,10,-5392,137,0,1,1,0,0,1,0,0
71060,21,-5374,145,0,1,1,0,0,1,0,0
71071,24,-5383,135,0,1,1,0,0,1,0,0
71081,19,-5382,140,0,1,1,0,0,1,0,0
71091,49,-5388,143,0,1,1,0,0,1,0,0
71101,45,-5374,153,0,1,1,0,0,1,0,0
71111,24,-5380,143,0,1,1,0,0,1,0,0
71121,39,-5391,142,0,1,1,0,0,1,0,0
71131,35,-5380,160,0,1,1,0,0,1,0,0
71141,30,-5376,144,0,1,1,0,0,1,0,0
71151,31,-5389,141,0,1,1,0,0,1,0,0
71161,19,-5390,144,0,1,1,0,0,1,0,0
71171,26,-5376,139,0,1,1,0,0,1,0,0
71181,34,-5389,139,0,1,1,0,0,1,0,0
71191,12,-5387,139,0,1,1,0,0,1,0,0
71201,6,-5380,150,0,1,1,0,0,1,0,0
71211,26,-5381,159,0,1,1,0,0,1,0,0
71221,23,-5384,163,0,1,1,0,0,1,0,0
71231,31,-5383,145,0,1,1,0,0,1,0,0
71241,29,-5378,154,0,1,1,0,0,1,0,0
71251,26,-5364,159,0,1,1,0,0,1,0,0
71261,42,-5386,145,0,1,1,0,0,1,0,0
71271,39,-5382,151,0,1,1,0,0,1,0,0
71281,27,-5375,142,0,1,1,0,0,1,0,0
71291,33,-5386,142,0,1,1,0,0,1,0,0
71301,12,-5387,131,0,1,1,0,0,1,0,0
71311,35,-5373,140,0,1,1,0,0,1,0,0
71321,39,-5375,140,0,1,1,0,0,1,0,0
71331,9,-5392,150,0,1,1,0,0,1,0,0
71341,31,-5380,151,0,1,1,0,0,1,0,0
71351,14,-5385,150,0,1,1,0,0,1,0,0
71361,31,-5385,149,0,1,1,0,0,1,0,0
71375,39,-5381,159,0,1,1,0,0,1,0,0
71385,22,-5381,145,0,1,1,1,0,1,0,0
71386,27,-5367,137,0,1,1,0,0,1,0,0
71396,26,-5382,132,0,1,1,0,0,1,0,0
71406,30,-5385,136,0,1,1,0,0,1,0,0
71416,29,-5373,138,0,1,1,0,0,1,0,0
71426,20,-5387,132,0,1,1,0,0,1,0,0
71436,34,-5382,137,0,1,1,0,0,1,0,0
71446,17,-5383,148,0,1,1,0,0,1,0,0
71456,18,-5373,153,0,1,1,0,0,1,0,0
71466,23,-5383,153,0,1,1,0,0,1,0,0
71483,21,-5383,153,0,1,1,0,0,1,0,0
71493,15,-5389,149,0,1,1,0,0,1,0,0
71503,24,-5392,130,0,1,1,0,0,1,0,0
71513,25,-5382,151,0,1,1,0,0,1,0,0
71523,13,-5378,144,0,1,1,0,0,1,0,0
71524,43,-5383,122,0,1,1,0,0,1,0,0
71534,25,-5376,133,0,1,1,0,0,1,0,0
71544,26,-5377,129,0,1,1,0,0,1,0,0
71555,40,-5381,139,0,1,1,0,0,1,0,0
71565,18,-5384,132,0,1,1,0,0,1,0,0
71575,23,-5373,140,0,1,1,0,0,1,0,0
71585,31,-5375,140,0,1,1,0,0,1,0,0
71595,7,-5385,141,0,1,1,0,0,1,0,0
71605,22,-5383,149,0,1,1,0,0,1,0,0
71615,39,-5370,156,0,1,1,0,0,1,0,0
71625,22,-5383,147,0,1,1,0,0,1,0,0
71636,17,-5378,155,0,1,1,0,0,1,0,0
71646,38,-5381,155,0,1,1,0,0,1,0,0
71656,23,-5388,149,0,1,1,0,0,1,0,0
71666,19,-5381,135,0,1,1,0,0,1,0,0
71676,24,-5387,123,0,1,1,0,0,1,0,0
71686,17,-5398,135,0,1,1,0,0,1,0,0
71696,34,-5391,137,0,1,1,0,0,1,0,0
71706,26,-5386,153,0,1,1,0,0,1,0,0
71716,7,-5380,152,0,1,1,0,0,1,0,0
71726,25,-5381,153,0,1,1,0,0,1,0,0
71736,14,-5383,157,0,1,1,0,0,1,0,0
71746,14,-5385,147,0,1,1,0,0,1,0,0
71756,26,-5386,151,0,1,1,0,0,1,0,0
71767,16,-5380,150,0,1,1,0,0,1,0,0
71777,14,-5382,137,0,1,1,0,0,1,0,0
71787,25,-5389,145,0,1,1,0,0,1,0,0
71798,33,-5375,133,0,1,1,0,0,1,0,0
71808,30,-5377,150,0,1,1,0,0,1,0,0
71818,27,-5377,155,0,1,1,0,0,1,0,0
71828,34,-5386,145,0,1,1,0,0,1,0,0
71838,29,-5386,145,0,1,1,0,0,1,0,0
71848,16,-5370,154,0,1,1,0,0,1,0,0
71858,30,-5373,153,0,1,1,0,0,1,0,0
71868,27,-5379,146,0,1,1,0,0,1,0,0
71878,21,-5384,146,0,1,1,0,0,1,0,0
71888,36,-5384,153,0,1,1,0,0,1,0,0
71898,8,-5382,145,0,1,1,0,0,1,0,0
71908,22,-5389,141,0,1,1,1,0,1,0,0
71918,16,-5372,150,0,1,1,0,0,1,0,0
71928,-1,-5380,145,0,1,1,0,0,1,0,0
71938,31,-5385,150,0,1,1,0,0,1,0,0
71948,4,-5391,145,0,1,1,0,0,1,0,0
71958,17,-5380,133,0,1,1,0,0,1,0,0
71968,17,-5379,148,0,1,1,0,0,1,0,0
71978,15,-5379,162,0,1,1,0,0,1,0,0
71988,35,-5390,159,0,1,1,0,0,1,0,0
71998,30,-5385,153,0,1,1,0,0,1,0,0
72008,21,-5385,152,0,1,1,0,0,1,0,0
72018,34,-5385,135,0,1,1,0,0,1,0,0
72028,25,-5372,152,0,1,1,0,0,1,0,0
72038,21,-5386,144,0,1,1,0,0,1,0,0
72048,41,-5388,140,0,1,1,0,0,1,0,0
72058,31,-5382,154,0,1,1,0,0,1,0,0
72068,23,-5390,132,0,1,1,0,0,1,0,0
72078,30,-5390,149,0,1,1,0,0,1,0,0
72088,12,-5392,149,0,1,1,0,0,1,0,0
72098,16,-5371,141,0,1,1,0,0,1,0,0
72108,29,-5373,152,0,1,1,0,0,1,0,0
72118,19,-5394,153,0,1,1,0,0,1,0,0
72119,19,-5385,158,0,1,1,0,0,1,0,0
72129,21,-5377,153,0,1,1,0,0,1,0,0
72139,32,-5381,139,0,1,1,0,0,1,0,0
72149,27,-5375,138,0,1,1,0,0,1,0,0
72159,11,-5375,143,0,1,1,0,0,1,0,0
72169,14,-5385,130,0,1,1,0,0,1,0,0
72179,25,-5382,131,0,1,1,0,0,1,0,0
72189,28,-5388,141,0,1,1,0,0,1,0,0
72200,24,-5399,142,0,1,1,0,0,1,0,0
72210,36,-5385,147,0,1,1,0,0,1,0,0
72220,23,-5378,160,0,1,1,0,0,1,0,0
72230,20,-5381,152,0,1,1,0,0,1,0,0
72240,34,-5379,162,0,1,1,0,0,1,0,0
72250,26,-5370,145,0,1,1,0,0,1,0,0
72260,23,-5388,141,0,1,1,0,0,1,0,0
72270,28,-5378,141,0,1,1,0,0,1,0,0
72280,15,-5385,143,0,1,1,0,0,1,0,0
72290,19,-5382,136,0,1,1,0,0,1,0,0
72300,20,-5385,139,0,1,1,0,0,1,0,0
72310,15,-5388,141,0,1,1,0,0,1,0,0
72320,31,-5379,141,0,1,1,0,0,1,0,0
72330,11,-5384,152,0,1,1,0,0,1,0,0
72340,21,-5381,155,0,1,1,0,0,1,0,0
72350,33,-5370,159,0,1,1,0,0,1,0,0
72361,11,-5375,153,0,1,1,0,0,1,0,0
72371,26,-5379,140,0,1,1,0,0,1,0,0
72381,28,-5375,154,0,1,1,0,0,1,0,0
72391,13,-5376,153,0,1,1,0,0,1,0,0
72401,35,-5380,133,0,1,1,0,0,1,0,0
72411,34,-5379,149,0,1,1,0,0,1,0,0
72421,30,-5386,132,0,1,1,0,0,1,0,0
72431,42,-5380,139,0,1,1,1,0,1,0,0
72441,25,-5385,160,0,1,1,0,0,1,0,0
72451,40,-5381,142,0,1,1,0,0,1,0,0
72461,23,-5384,151,0,1,1,0,0,1,0,0
72471,14,-5395,144,0,1,1,0,0,1,0,0
72483,31,-5380,143,0,1,1,0,0,1,0,0
72493,22,-5374,151,0,1,1,0,0,1,0,0
72503,20,-5379,138,0,1,1,0,0,1,0,0
72513,13,-5382,140,0,1,1,0,0,1,0,0
72523,8,-5381,144,0,1,1,0,0,1,0,0
72524,29,-5387,145,0,1,1,0,0,1,0,0
72534,18,-5391,145,0,1,1,0,0,1,0,0
72544,34,-5380,128,0,1,1,0,0,1,0,0
72555,34,-5394,154,0,1,1,0,0,1,0,0
72565,16,-5392,138,0,1,1,0,0,1,0,0
72575,34,-5390,133,0,1,1,0,0,1,0,0
72585,27,-5380,154,0,1,1,0,0,1,0,0
72595,27,-5395,151,0,1,1,0,0,1,0,0
72605,38,-5383,161,0,1,1,0,0,1,0,0
72615,24,-5371,148,0,1,1,0,0,1,0,0
72625,32,-5394,147,0,1,1,0,0,1,0,0
72636,40,-5383,151,0,1,1,0,0,1,0,0
72646,23,-5378,142,0,1,1,0,0,1,0,0
72656,30,-5387,133,0,1,1,0,0,1,0,0
72666,18,-5385,138,0,1,1,0,0,1,0,0
72676,21,-5385,141,0,1,1,0,0,1,0,0
72686,26,-5390,142,0,1,1,0,0,1,0,0
72696,22,-5390,145,0,1,1,0,0,1,0,0
72706,9,-5379,140,0,1,1,0,0,1,0,0
72716,24,-5387,133,0,1,1,0,0,1,0,0
72726,18,-5388,149,0,1,1,0,0,1,0,0
72736,18,-5384,144,0,1,1,0,0,1,0,0
72746,20,-5375,146,0,1,1,0,0,1,0,0
72756,23,-5387,156,0,1,1,0,0,1,0,0
72767,20,-5372,144,0,1,1,0,0,1,0,0
72777,32,-5385,144,0,1,1,0,0,1,0,0
72787,29,-5389,152,0,1,1,0,0,1,0,0
72798,17,-5383,132,0,1,1,0,0,1,0,0
72808,34,-5377,139,0,1,1,0,0,1,0,0
72818,29,-5377,141,0,1,1,0,0,1,0,0
72828,7,-5374,153,0,1,1,0,0,1,0,0
72838,40,-5377,154,0,1,1,0,0,1,0,0
72848,23,-5382,154,0,1,1,0,0,1,0,0
72858,24,-5392,149,0,1,1,0,0,1,0,0
72868,49,-5393,149,0,1,1,0,0,1,0,0
72879,25,-5374,151,0,1,1,0,0,1,0,0
72889,18,-5389,130,0,1,1,0,0,1,0,0
72899,25,-5391,141,0,1,1,0,0,1,0,0
72909,13,-5370,141,0,1,1,0,0,1,0,0
72919,25,-5379,144,0,1,1,0,0,1,0,0
72929,14,-5384,151,0,1,1,0,0,1,0,0
72939,22,-5383,142,0,1,1,0,0,1,0,0
72949,29,-5379,144,0,1,1,0,0,1,0,0
72959,20,-5379,141,0,1,1,1,0,1,0,0
72960,20,-5374,135,0,1,1,0,0,1,0,0
72970,29,-5388,150,0,1,1,0,0,1,0,0
72980,22,-5392,148,0,1,1,0,0,1,0,0
72990,23,-5383,139,0,1,1,0,0,1,0,0
73000,40,-5381,154,0,1,1,0,0,1,0,0
73010,25,-5379,145,0,1,1,0,0,1,0,0
73020,45,-5373,152,0,1,1,0,0,1,0,0
73030,29,-5369,156,0,1,1,0,0,1,0,0
73042,10,-5378,130,0,1,1,0,0,1,0,0
73052,28,-5379,142,0,1,1,0,0,1,0,0
73062,23,-5395,143,0,1,1,0,0,1,0,0
73072,29,-5385,133,0,1,1,0,0,1,0,0
73082,31,-5379,148,0,1,1,0,0,1,0,0
73092,12,-5377,138,0,1,1,0,0,1,0,0
73102,26,-5378,158,0,1,1,0,0,1,0,0
73112,18,-5390,158,0,1,1,0,0,1,0,0
73122,19,-5385,143,0,1,1,0,0,1,0,0
73132,6,-5379,148,0,1,1,0,0,1,0,0
73142,7,-5378,143,0,1,1,0,0,1,0,0
73152,18,-5377,132,0,1,1,0,0,1,0,0
73162,9,-5383,139,0,1,1,0,0,1,0,0
73172,30,-5395,125,0,1,1,0,0,1,0,0
73182,26,-5392,147,0,1,1,0,0,1,0,0
73192,15,-5378,142,0,1,1,0,0,1,0,0
73203,30,-5380,129,0,1,1,0,0,1,0,0
73213,34,-5385,144,0,1,1,0,0,1,0,0
73223,12,-5381,156,0,1,1,0,0,1,0,0
73233,37,-5382,167,0,1,1,0,0,1,0,0
73243,30,-5385,147,0,1,1,0,0,1,0,0
73253,14,-5382,137,0,1,1,0,0,1,0,0
73263,26,-5385,140,0,1,1,0,0,1,0,0
73273,21,-5388,146,0,1,1,0,0,1,0,0
73283,25,-5388,139,0,1,1,0,0,1,0,0
73293,40,-5391,151,0,1,1,0,0,1,0,0
73303,14,-5375,145,0,1,1,0,0,1,0,0
73313,19,-5377,138,0,1,1,0,0,1,0,0
73323,26,-5384,139,0,1,1,0,0,1,0,0
73333,9,-5369,146,0,1,1,0,0,1,0,0
73343,16,-5383,144,0,1,1,0,0,1,0,0
73353,27,-5383,156,0,1,1,0,0,1,0,0
73364,21,-5379,142,0,1,1,0,0,1,0,0
73374,24,-5391,148,0,1,1,0,0,1,0,0
73384,16,-5385,142,0,1,1,0,0,1,0,0
73394,24,-5380,140,0,1,1,0,0,1,0,0
73404,40,-5380,146,0,1,1,0,0,1,0,0
73414,28,-5383,146,0,1,1,0,0,1,0,0
73424,15,-5373,135,0,1,1,0,0,1,0,0
73434,32,-5377,139,0,1,1,0,0,1,0,0
73444,23,-5380,140,0,1,1,0,0,1,0,0
73445,21,-5373,141,0,1,1,0,0,1,0,0
73455,30,-5384,140,0,1,1,0,0,1,0,0
73465,26,-5381,148,4999,1,1,0,0,1,0,0
73475,13,-5381,147,4999,1,1,1,0,1,0,0
73483,35,-5384,149,4999,1,1,0,0,1,0,0
73493,8,-5387,146,4999,1,1,0,0,1,0,0
73503,22,-5376,139,4999,1,1,0,0,1,0,0
73513,22,-5367,149,4999,1,1,0,0,1,0,0
73524,6,-5393,144,4999,1,1,0,0,1,0,0
73534,26,-5394,156,4999,1,1,0,0,1,0,0
73545,7,-5387,156,4999,1,1,0,0,1,0,0
73555,10,-5389,141,4999,1,1,0,0,1,0,0
73566,30,-5373,144,4999,1,1,0,0,1,0,0
73576,17,-5375,145,4999,1,1,0,0,1,0,0
73586,14,-5386,137,4999,1,1,0,0,1,0,0
73596,34,-5375,155,4999,1,1,0,0,1,0,0
73606,15,-5387,150,4999,1,1,0,0,1,0,0
73616,29,-5388,125,4999,1,1,0,0,1,0,0
73626,21,-5379,153,4999,1,1,0,0,1,0,0
73636,17,-5382,143,4999,1,1,0,0,1,0,0
73647,36,-5382,137,4999,1,1,0,0,1,0,0
73657,36,-5375,147,4999,1,1,0,0,1,0,0
73667,29,-5364,143,4999,1,1,0,0,1,0,0
73677,23,-5382,146,4999,1,1,0,0,1,0,0
73687,28,-5391,154,4999,1,1,0,0,1,0,0
73697,12,-5382,142,4999,1,1,0,0,1,0,0
73707,19,-5384,140,4999,1,1,0,0,1,0,0
73717,26,-5386,138,4999,1,1,0,0,1,0,0
73728,40,-5369,163,4999,1,1,0,0,1,0,0
73738,16,-5373,148,4999,1,1,0,0,1,0,0
73748,41,-5390,137,4999,1,1,0,0,1,0,0
73758,14,-5380,132,4999,1,1,0,0,1,0,0
73769,33,-5378,126,4999,1,1,0,0,1,0,0
73779,41,-5385,150,4999,1,1,0,0,1,0,0
73780,22,-5377,141,4999,1,1,0,0,1,0,0
73790,28,-5381,138,4999,1,1,0,0,1,0,0
73800,18,-5403,152,4999,1,1,0,0,1,0,0
73811,13,-5390,147,4999,1,1,0,0,1,0,0
73821,27,-5387,141,4999,1,1,0,0,1,0,0
73832,37,-5392,142,4999,1,1,0,0,1,0,0
73842,26,-5387,150,4999,1,1,0,0,1,0,0
73853,33,-5383,150,4999,1,1,0,0,1,0,0
73863,11,-5383,148,4999,1,1,0,0,1,0,0
73874,28,-5381,144,4999,1,1,0,0,1,0,0
73884,47,-5387,146,4999,1,1,0,0,1,0,0
73895,29,-5392,151,4999,1,1,0,0,1,0,0
73905,29,-5377,133,4999,1,1,0,0,1,0,0
73915,38,-5379,148,4999,1,1,0,0,1,0,0
73925,21,-5375,151,4999,1,1,0,0,1,0,0
73935,38,-5375,139,4999,1,1,0,0,1,0,0
73945,32,-5390,162,4999,1,1,0,0,1,0,0
73955,19,-5380,142,4999,1,1,0,0,1,0,0
73965,29,-5381,146,4999,1,1,0,0,1,0,0
73970,25,-5376,138,5340,1,1,0,0,1,0,0
73980,22,-5386,129,5340,1,1,0,0,1,0,0
73990,34,-5384,141,5340,1,1,1,0,1,0,0
74001,21,-5384,145,5340,1,1,0,0,1,0,0
74011,14,-5382,142,5340,1,1,0,0,1,0,0
74022,29,-5387,126,5340,1,1,0,0,1,0,0
74032,26,-5389,147,5340,1,1,0,0,1,0,0
74043,20,-5379,148,5340,1,1,0,0,1,0,0
74053,36,-5383,141,5340,1,1,0,0,1,0,0
74064,19,-5388,156,5340,1,1,0,0,1,0,0
74074,20,-5386,136,5340,1,1,0,0,1,0,0
74085,36,-5377,151,5340,1,1,0,0,1,0,0
74095,9,-5380,150,5340,1,1,0,0,1,0,0
74096,31,-5382,144,5340,1,1,0,0,1,0,0
74106,21,-5392,148,5340,1,1,0,0,1,0,0
74116,24,-5374,140,5340,1,1,0,0,1,0,0
74127,34,-5382,133,5340,1,1,0,0,1,0,0
74137,28,-5378,153,5340,1,1,0,0,1,0,0
74148,37,-5375,143,5340,1,1,0,0,1,0,0
74158,31,-5384,139,5340,1,1,0,0,1,0,0
74168,11,-5383,136,5340,1,1,0,0,1,0,0
74178,33,-5379,147,5340,1,1,0,0,1,0,0
74188,32,-5377,147,5340,1,1,0,0,1,0,0
74198,14,-5376,138,5340,1,1,0,0,1,0,0
74208,33,-5386,142,5340,1,1,0,0,1,0,0
74218,20,-5385,154,5340,1,1,0,0,1,0,0
74229,26,-5381,154,5340,1,1,0,0,1,0,0
74239,33,-5378,146,5340,1,1,0,0,1,0,0
74249,22,-5365,148,5340,1,1,0,0,1,0,0
74259,18,-5384,139,5340,1,1,0,0,1,0,0
74269,22,-5375,142,5340,1,1,0,0,1,0,0
74279,24,-5381,136,5340,1,1,0,0,1,0,0
74289,34,-5387,142,5340,1,1,0,0,1,0,0
74299,15,-5391,139,5340,1,1,0,0,1,0,0
74309,30,-5383,138,5340,1,1,0,0,1,0,0
74319,30,-5384,160,5340,1,1,0,0,1,0,0
74329,15,-5377,146,5340,1,1,0,0,1,0,0
74339,33,-5385,148,5340,1,1,0,0,1,0,0
74349,17,-5376,153,5340,1,1,0,0,1,0,0
74359,27,-5391,140,5340,1,1,0,0,1,0,0
74369,19,-5395,138,5340,1,1,0,0,1,0,0
74379,20,-5385,148,5340,1,1,0,0,1,0,0
74390,46,-5394,149,5340,1,1,0,0,1,0,0
74400,28,-5386,166,5340,1,1,0,0,1,0,0
74410,18,-5388,143,5340,1,1,0,0,1,0,0
74420,36,-5393,144,5340,1,1,0,0,1,0,0
74430,19,-5383,141,5340,1,1,0,0,1,0,0
74440,14,-5386,140,5340,1,1,0,0,1,0,0
74450,32,-5367,147,5340,1,1,0,0,1,0,0
74460,19,-5374,148,5340,1,1,0,0,1,0,0
74470,30,-5383,139,5340,1,1,0,0,1,0,0
74480,31,-5395,156,5340,1,1,0,0,1,0,0
74490,21,-5391,150,5530,1,1,0,0,1,0,0
74500,19,-5385,124,5530,1,1,0,0,1,0,0
74510,22,-5386,137,5530,1,1,0,0,1,0,0
74520,14,-5384,143,5530,1,1,0,0,1,0,0
74530,19,-5395,133,5530,1,1,0,0,1,0,0
74540,18,-5383,157,5530,1,1,1,0,1,0,0
74545,15,-5375,145,5530,1,1,0,0,1,0,0
74555,35,-5372,152,5530,1,1,0,0,1,0,0
74565,15,-5379,146,5530,1,1,0,0,1,0,0
74576,21,-5386,146,5530,1,1,0,0,1,0,0
74586,34,-5385,158,5530,1,1,0,0,1,0,0
74596,9,-5382,140,5530,1,1,0,0,1,0,0
74606,17,-5380,135,5530,1,1,0,0,1,0,0
74616,27,-5394,155,5530,1,1,0,0,1,0,0
74626,20,-5375,168,5530,1,1,0,0,1,0,0
74636,36,-5392,140,5530,1,1,0,0,1,0,0
74646,16,-5378,144,5530,1,1,0,0,1,0,0
74657,13,-5367,147,5530,1,1,0,0,1,0,0
74667,28,-5369,152,5530,1,1,0,0,1,0,0
74677,31,-5379,153,5530,1,1,0,0,1,0,0
74687,31,-5391,144,5530,1,1,0,0,1,0,0
74697,29,-5387,154,5530,1,1,0,0,1,0,0
74707,19,-5395,156,5530,1,1,0,0,1,0,0
74717,33,-5383,142,5530,1,1,0,0,1,0,0
74727,31,-5388,137,5530,1,1,0,0,1,0,0
74737,11,-5387,142,5530,1,1,0,0,1,0,0
74747,29,-5377,147,5530,1,1,0,0,1,0,0
74757,13,-5374,161,5530,1,1,0,0,1,0,0
74768,7,-5376,150,5530,1,1,0,0,1,0,0
74778,33,-5391,138,5530,1,1,0,0,1,0,0
74788,23,-5369,139,5530,1,1,0,0,1,0,0
74798,26,-5372,133,5530,1,1,0,0,1,0,0
74808,29,-5370,155,5530,1,1,0,0,1,0,0
74809,23,-5385,150,5530,1,1,0,0,1,0,0
74819,29,-5381,139,5530,1,1,0,0,1,0,0
74829,26,-5372,148,5530,1,1,0,0,1,0,0
74839,19,-5377,144,5530,1,1,0,0,1,0,0
74849,32,-5386,143,5530,1,1,0,0,1,0,0
74859,10,-5375,149,5530,1,1,0,0,1,0,0
74869,17,-5379,131,5530,1,1,0,0,1,0,0
74879,36,-5381,142,5530,1,1,0,0,1,0,0
74889,22,-5385,154,5530,1,1,0,0,1,0,0
74900,29,-5381,136,5530,1,1,0,0,1,0,0
74910,27,-5368,140,5530,1,1,0,0,1,0,0
74920,28,-5382,143,5530,1,1,0,0,1,0,0
74930,22,-5385,150,5530,1,1,0,0,1,0,0
74940,40,-5379,139,5530,1,1,0,0,1,0,0
74950,29,-5374,148,5530,1,1,0,0,1,0,0
74960,7,-5384,138,5530,1,1,0,0,1,0,0
74970,21,-5405,142,5530,1,1,0,0,1,0,0
74980,35,-5390,145,5530,1,1,0,0,1,0,0
74990,11,-5355,134,5530,1,1,0,0,1,0,0
75000,37,-5377,136,5530,1,1,0,0,1,0,0
75010,22,-5369,151,5530,1,1,0,0,1,0,0
75024,18,-5386,145,5708,1,1,0,0,1,0,0
75034,30,-5378,151,5708,1,1,1,0,1,0,0
75045,10,-5384,158,5708,1,1,0,0,1,0,0
75055,23,-5396,149,5708,1,1,0,0,1,0,0
75066,28,-5364,141,5708,1,1,0,0,1,0,0
75076,27,-5404,118,5708,1,1,0,0,1,0,0
75086,29,-5409,109,5708,1,1,0,0,1,0,0
75096,29,-5375,107,5708,1,1,0,0,1,0,0
75106,13,-5414,40,5708,1,1,0,0,1,0,0
75116,20,-5384,111,5708,1,1,0,0,1,0,0
75126,-4,-5300,135,5708,1,1,0,0,1,0,0
75136,1,-5379,140,5708,1,1,0,0,1,0,0
75146,30,-5440,141,5708,1,1,0,0,1,0,0
75147,45,-5528,119,5708,1,1,0,0,1,0,0
75157,30,-5408,149,5708,1,1,0,0,1,0,0
75167,30,-5266,109,5708,1,1,0,0,1,0,0
75177,16,-5283,190,5708,1,1,0,0,1,0,0
75187,67,-5418,139,5708,1,1,0,0,1,0,0
75197,78,-5480,-3,5708,1,1,0,0,1,0,0
75207,35,-5390,-20,5708,1,1,0,0,1,0,0
75217,7,-5335,-17,5708,1,1,0,0,1,0,0
75227,7,-5366,130,5708,1,1,0,0,1,0,0
75237,-4,-5426,208,5708,1,1,0,0,1,0,0
75247,-27,-5435,195,5708,1,1,0,0,1,0,0
75257,-37,-5376,210,5708,1,1,0,0,1,0,0
75267,-61,-5321,162,5708,1,1,0,0,1,0,0
75277,-41,-5260,174,5708,1,1,0,0,1,0,0
75287,-9,-5259,191,5708,1,1,0,0,1,0,0
75297,5,-5390,228,5708,1,1,0,0,1,0,0
75312,42,-5437,280,5708,1,1,0,0,1,0,0
75322,27,-5401,306,5708,1,1,0,0,1,0,0
75332,37,-5387,369,5708,1,1,0,0,1,0,0
75342,48,-5382,270,5708,1,1,0,0,1,0,0
75343,61,-5325,290,5708,1,1,0,0,1,0,0
75353,83,-5235,300,5708,1,1,0,0,1,0,0
75363,80,-5350,119,5708,1,1,0,0,1,0,0
75374,104,-5471,192,5708,1,1,0,0,1,0,0
75384,115,-5452,50,5708,1,1,0,0,1,0,0
75394,73,-5404,-20,5708,1,1,0,0,1,0,0
75404,61,-5349,49,5708,1,1,0,0,1,0,0
75414,57,-5426,-42,5708,1,1,0,0,1,0,0
75424,7,-5434,74,5708,1,1,0,0,1,0,0
75434,-14,-5396,44,5708,1,1,0,0,1,0,0
75444,-14,-5407,107,5708,1,1,0,0,1,0,0
75454,-31,-5446,199,5708,1,1,0,0,1,0,0
75464,-45,-5436,116,5708,1,1,0,0,1,0,0
75474,-85,-5265,161,5708,1,1,0,0,1,0,0
75484,-59,-5307,92,5708,1,1,0,0,1,0,0
75494,-26,-5438,183,5708,1,1,0,0,1,0,0
75504,-24,-5435,232,5708,1,1,0,0,1,0,0
75514,-23,-5372,176,5708,1,1,0,0,1,0,0
75524,-38,-5266,249,5708,1,1,0,0,1,0,0
75525,6,-5311,222,5871,1,1,0,0,1,0,0
75535,42,-5472,232,5871,1,1,0,0,1,0,0
75545,42,-5408,205,5871,1,1,1,0,1,0,0
75558,58,-5268,121,5871,1,1,0,0,1,0,0
75568,68,-5329,117,5871,1,1,0,0,1,0,0
75578,112,-5440,116,5871,1,1,0,0,1,0,0
75599,120,-5464,130,5871,1,1,0,0,1,0,0
75609,79,-5385,96,5871,1,1,0,0,1,0,0
75619,68,-5357,71,5871,1,1,0,0,1,0,0
75620,61,-5418,159,5871,1,1,0,0,1,0,0
75630,32,-5391,147,5871,1,1,0,0,1,0,0
75640,7,-5330,178,5871,1,1,0,0,1,0,0
75651,5,-5369,241,5871,1,1,0,0,1,0,0
75661,-13,-5418,181,5871,1,1,0,0,1,0,0
75671,-26,-5359,217,5871,1,1,0,0,1,0,0
75681,-22,-5345,181,5871,1,1,0,0,1,0,0
75691,-35,-5386,190,5871,1,1,0,0,1,0,0
75701,-31,-5295,215,5871,1,1,0,0,1,0,0
75711,-37,-5333,169,5871,1,1,0,0,1,0,0
75721,-34,-5441,193,5871,1,1,0,0,1,0,0
75731,-14,-5395,185,5871,1,1,0,0,1,0,0
75741,-38,-5360,106,5871,1,1,0,0,1,0,0
75751,3,-5364,89,5871,1,1,0,0,1,0,0
75761,31,-5418,47,5871,1,1,0,0,1,0,0
75771,32,-5464,62,5871,1,1,0,0,1,0,0
75781,59,-5432,21,5871,1,1,0,0,1,0,0
75791,69,-5409,20,5871,1,1,0,0,1,0,0
75801,62,-5369,123,5871,1,1,0,0,1,0,0
75812,79,-5376,114,5871,1,1,0,0,1,0,0
75822,68,-5467,107,5871,1,1,0,0,1,0,0
75832,45,-5390,158,5871,1,1,0,0,1,0,0
75842,24,-5317,78,5871,1,1,0,0,1,0,0
75852,20,-5365,139,5871,1,1,0,0,1,0,0
75862,19,-5404,179,5871,1,1,0,0,1,0,0
75872,21,-5398,164,5871,1,1,0,0,1,0,0
75882,-1,-5365,202,5871,1,1,0,0,1,0,0
75892,-5,-5384,151,5871,1,1,0,0,1,0,0
75902,12,-5381,198,5871,1,1,0,0,1,0,0
75912,-5,-5359,172,5871,1,1,0,0,1,0,0
75922,1,-5387,169,5871,1,1,0,0,1,0,0
75932,-37,-5373,201,5871,1,1,0,0,1,0,0
75942,-52,-5382,158,5871,1,1,0,0,1,0,0
75952,-15,-5362,223,5871,1,1,0,0,1,0,0
75962,-22,-5367,195,5871,1,1,0,0,1,0,0
75973,-5,-5390,148,5871,1,1,0,0,1,0,0
75983,21,-5355,110,5871,1,1,0,0,1,0,0
75993,38,-5370,96,5871,1,1,0,0,1,0,0
76003,65,-5458,126,5871,1,1,0,0,1,0,0
76013,83,-5432,93,5871,1,1,0,0,1,0,0
76023,36,-5331,98,5871,1,1,0,0,1,0,0
76033,47,-5350,119,5871,1,1,0,0,1,0,0
76043,32,-5435,64,5871,1,1,0,0,1,0,0
76054,20,-5458,39,5871,1,1,0,0,1,0,0
76064,45,-5419,25,5871,1,1,0,0,1,0,0
76074,28,-5383,3,6039,1,1,0,0,1,0,0
76084,35,-5411,71,6039,1,1,1,0,1,0,0
76094,33,-5440,112,6039,1,1,0,0,1,0,0
76104,30,-5402,188,6039,1,1,0,0,1,0,0
76114,8,-5355,268,6039,1,1,0,0,1,0,0
76124,-39,-5312,305,6039,1,1,0,0,1,0,0
76134,-28,-5265,361,6039,1,1,0,0,1,0,0
76144,-23,-5354,330,6039,1,1,0,0,1,0,0
76154,0,-5422,275,6039,1,1,0,0,1,0,0
76164,6,-5411,188,6039,1,1,0,0,1,0,0
76174,-8,-5340,124,6039,1,1,0,0,1,0,0
76184,22,-5313,130,6039,1,1,0,0,1,0,0
76194,55,-5384,126,6039,1,1,0,0,1,0,0
76204,60,-5453,147,6039,1,1,0,0,1,0,0
76214,45,-5411,116,6039,1,1,0,0,1,0,0
76215,21,-5358,98,6039,1,1,0,0,1,0,0
76225,10,-5395,175,6039,1,1,0,0,1,0,0
76235,10,-5379,137,6039,1,1,0,0,1,0,0
76245,9,-5364,180,6039,1,1,0,0,1,0,0
76255,2,-5424,196,6039,1,1,0,0,1,0,0
76265,17,-5380,134,6039,1,1,0,0,1,0,0
76275,12,-5358,117,6039,1,1,0,0,1,0,0
76285,35,-5408,86,6039,1,1,0,0,1,0,0
76295,39,-5391,94,6039,1,1,0,0,1,0,0
76305,4,-5356,119,6039,1,1,0,0,1,0,0
76315,13,-5358,187,6039,1,1,0,0,1,0,0
76325,22,-5393,269,6039,1,1,0,0,1,0,0
76335,-20,-5356,316,6039,1,1,0,0,1,0,0
76345,-35,-5341,268,6039,1,1,0,0,1,0,0
76355,-16,-5343,206,6039,1,1,0,0,1,0,0
76365,0,-5346,118,6039,1,1,0,0,1,0,0
76376,36,-5401,26,6039,1,1,0,0,1,0,0
76386,50,-5438,1,6039,1,1,0,0,1,0,0
76396,56,-5443,-8,6039,1,1,0,0,1,0,0
76406,64,-5410,-4,6039,1,1,0,0,1,0,0
76416,50,-5380,130,6039,1,1,0,0,1,0,0
76426,20,-5387,139,6039,1,1,0,0,1,0,0
76436,12,-5388,144,6039,1,1,0,0,1,0,0
76446,17,-5424,227,6039,1,1,0,0,1,0,0
76457,1,-5395,150,6039,1,1,0,0,1,0,0
76467,-7,-5286,184,6039,1,1,0,0,1,0,0
76475,15,-5344,194,6039,1,1,0,0,1,0,0
76485,29,-5430,166,6039,1,1,0,0,1,0,0
76495,28,-5368,163,6039,1,1,0,0,1,0,0
76505,15,-5343,180,6039,1,1,0,0,1,0,0
76515,15,-5391,172,6039,1,1,0,0,1,0,0
76526,13,-5411,164,6039,1,1,0,0,1,0,0
76536,-13,-5371,135,6039,1,1,0,0,1,0,0
76547,14,-5328,105,6039,1,1,0,0,1,0,0
76557,28,-5397,115,6039,1,1,0,0,1,0,0
76567,27,-5456,105,6187,1,1,0,0,1,0,0
76577,17,-5362,127,6187,1,1,0,0,1,0,0
76587,-14,-5321,106,6187,1,1,0,0,1,0,0
76597,17,-5428,110,6187,1,1,1,0,1,0,0
76603,43,-5413,165,6187,1,1,0,0,1,0,0
76613,16,-5335,169,6187,1,1,0,0,1,0,0
76623,45,-5357,190,6187,1,1,0,0,1,0,0
76634,56,-5419,216,6187,1,1,0,0,1,0,0
76644,44,-5371,190,6187,1,1,0,0,1,0,0
76655,36,-5336,196,6187,1,1,0,0,1,0,0
76665,24,-5397,169,6187,1,1,0,0,1,0,0
76676,23,-5381,136,6187,1,1,0,0,1,0,0
76686,5,-5260,135,6187,1,1,0,0,1,0,0
76697,-3,-5384,143,6187,1,1,0,0,1,0,0
76707,26,-5486,202,6187,1,1,0,0,1,0,0
76708,4,-5382,180,6187,1,1,0,0,1,0,0
76718,-5,-5344,157,6187,1,1,0,0,1,0,0
76728,-1,-5324,202,6187,1,1,0,0,1,0,0
76739,5,-5374,144,6187,1,1,0,0,1,0,0
76749,28,-5408,184,6187,1,1,0,0,1,0,0
76759,22,-5390,140,6187,1,1,0,0,1,0,0
76770,11,-5394,72,6187,1,1,0,0,1,0,0
76780,32,-5399,75,6187,1,1,0,0,1,0,0
76791,13,-5437,9,6187,1,1,0,0,1,0,0
76801,35,-5421,11,6187,1,1,0,0,1,0,0
76812,45,-5395,69,6187,1,1,0,0,1,0,0
76822,41,-5366,57,6187,1,1,0,0,1,0,0
76833,71,-5456,19,6187,1,1,0,0,1,0,0
76843,54,-5448,142,6187,1,1,0,0,1,0,0
76853,20,-5361,173,6187,1,1,0,0,1,0,0
76863,9,-5343,239,6187,1,1,0,0,1,0,0
76873,-17,-5321,332,6187,1,1,0,0,1,0,0
76883,-28,-5335,303,6187,1,1,0,0,1,0,0
76893,9,-5347,311,6187,1,1,0,0,1,0,0
76903,15,-5365,265,6187,1,1,0,0,1,0,0
76913,16,-5290,281,6187,1,1,0,0,1,0,0
76923,45,-5299,242,6187,1,1,0,0,1,0,0
76933,37,-5416,243,6187,1,1,0,0,1,0,0
76943,49,-5384,255,6187,1,1,0,0,1,0,0
76953,32,-5379,116,6187,1,1,0,0,1,0,0
76963,21,-5368,151,6187,1,1,0,0,1,0,0
76973,47,-5402,41,6187,1,1,0,0,1,0,0
76983,66,-5492,7,6187,1,1,0,0,1,0,0
76994,22,-5544,-133,6187,1,1,0,0,1,0,0
77004,20,-5311,-213,6187,1,1,0,0,1,0,0
77014,22,-5312,-103,6187,1,1,0,0,1,0,0
77024,39,-5479,102,6187,1,1,0,0,1,0,0
77034,43,-5374,208,6187,1,1,0,0,1,0,0
77044,1,-5419,252,6187,1,1,0,0,1,0,0
77054,-41,-5402,346,6187,1,1,0,0,1,0,0
77064,-49,-5232,244,6187,1,1,0,0,1,0,0
77074,-34,-5282,249,6187,1,1,0,0,1,0,0
77084,-5,-5454,245,6187,1,1,0,0,1,0,0
77094,45,-5601,87,6187,1,1,0,0,1,0,0
77104,25,-5267,70,6187,1,1,0,0,1,0,0
77114,32,-5240,-11,6333,1,1,0,0,1,0,0
77124,101,-5602,-16,6333,1,1,0,0,1,0,0
77134,36,-5342,53,6333,1,1,1,0,1,0,0
77144,22,-5263,61,6333,1,1,0,0,1,0,0
77154,47,-5453,201,6333,1,1,0,0,1,0,0
77155,43,-5459,235,6333,1,1,0,0,1,0,0
77165,14,-5289,287,6333,1,1,0,0,1,0,0
77175,4,-5330,246,6333,1,1,0,0,1,0,0
77185,66,-5498,178,6333,1,1,0,0,1,0,0
77195,61,-5351,200,6333,1,1,0,0,1,0,0
77205,1,-5327,93,6333,1,1,0,0,1,0,0
77215,39,-5435,109,6333,1,1,0,0,1,0,0
77225,57,-5412,121,6333,1,1,0,0,1,0,0
77236,-8,-5332,77,6333,1,1,0,0,1,0,0
77246,-11,-5374,155,6333,1,1,0,0,1,0,0
77256,18,-5438,121,6333,1,1,0,0,1,0,0
77266,-3,-5366,145,6333,1,1,0,0,1,0,0
77276,4,-5354,153,6333,1,1,0,0,1,0,0
77286,-6,-5393,148,6333,1,1,0,0,1,0,0
77296,21,-5396,175,6333,1,1,0,0,1,0,0
77306,22,-5338,132,6333,1,1,0,0,1,0,0
77316,36,-5378,193,6333,1,1,0,0,1,0,0
77326,40,-5406,165,6333,1,1,0,0,1,0,0
77336,22,-5350,132,6333,1,1,0,0,1,0,0
77346,37,-5360,155,6333,1,1,0,0,1,0,0
77356,57,-5398,128,6333,1,1,0,0,1,0,0
77366,39,-5399,123,6333,1,1,0,0,1,0,0
77376,38,-5370,96,6333,1,1,0,0,1,0,0
77386,40,-5388,142,6333,1,1,0,0,1,0,0
77397,42,-5415,145,6333,1,1,0,0,1,0,0
77407,24,-5357,139,6333,1,1,0,0,1,0,0
77417,22,-5379,198,6333,1,1,0,0,1,0,0
77427,22,-5414,153,6333,1,1,0,0,1,0,0
77437,6,-5370,146,6333,1,1,0,0,1,0,0
77447,6,-5349,159,6333,1,1,0,0,1,0,0
77457,27,-5391,116,6333,1,1,0,0,1,0,0
77467,25,-5392,155,6333,1,1,0,0,1,0,0
77474,-10,-5358,122,6333,1,1,0,0,1,0,0
77484,3,-5389,131,6333,1,1,0,0,1,0,0
77494,11,-5390,165,6333,1,1,0,0,1,0,0
77504,-4,-5377,153,6333,1,1,0,0,1,0,0
77514,10,-5376,168,6333,1,1,0,0,1,0,0
77525,31,-5379,136,6333,1,1,0,0,1,0,0
77535,48,-5386,124,6333,1,1,0,0,1,0,0
77546,57,-5370,123,6333,1,1,0,0,1,0,0
77556,40,-5393,104,6333,1,1,0,0,1,0,0
77564,37,-5396,130,6333,1,1,0,0,1,0,0
77574,38,-5364,157,6333,1,1,0,0,1,0,0
77584,27,-5374,188,6333,1,1,0,0,1,0,0
77595,25,-5399,205,6333,1,1,0,0,1,0,0
77605,32,-5389,182,6333,1,1,0,0,1,0,0
77606,-5,-5373,192,6467,1,1,0,0,1,0,0
77616,14,-5391,134,6467,1,1,0,0,1,0,0
77626,35,-5396,95,6467,1,1,1,0,1,0,0
77639,23,-5382,90,6467,1,1,0,0,1,0,0
77649,32,-5393,64,6467,1,1,0,0,1,0,0
77660,30,-5390,93,6467,1,1,0,0,1,0,0
77670,11,-5379,141,6467,1,1,0,0,1,0,0
77681,8,-5383,180,6467,1,1,0,0,1,0,0
77691,-7,-5391,222,6467,1,1,0,0,1,0,0
77702,-8,-5382,200,6467,1,1,0,0,1,0,0
77712,20,-5373,187,6467,1,1,0,0,1,0,0
77723,19,-5390,155,6467,1,1,0,0,1,0,0
77733,29,-5390,108,6467,1,1,0,0,1,0,0
77740,51,-5375,88,6467,1,1,0,0,1,0,0
77750,42,-5383,93,6467,1,1,0,0,1,0,0
77760,60,-5377,114,6467,1,1,0,0,1,0,0
77771,37,-5370,118,6467,1,1,0,0,1,0,0
77781,15,-5383,157,6467,1,1,0,0,1,0,0
77792,33,-5389,174,6467,1,1,0,0,1,0,0
77802,25,-5384,182,6467,1,1,0,0,1,0,0
77813,9,-5389,179,6467,1,1,0,0,1,0,0
77823,33,-5384,160,6467,1,1,0,0,1,0,0
77833,22,-5386,161,6467,1,1,0,0,1,0,0
77843,28,-5382,135,6467,1,1,0,0,1,0,0
77853,39,-5381,141,6467,1,1,0,0,1,0,0
77863,8,-5382,148,6467,1,1,0,0,1,0,0
77873,20,-5384,118,6467,1,1,0,0,1,0,0
77883,14,-5383,136,6467,1,1,0,0,1,0,0
77894,16,-5380,149,6467,1,1,0,0,1,0,0
77904,20,-5372,142,6467,1,1,0,0,1,0,0
77914,0,-5387,150,6467,1,1,0,0,1,0,0
77924,26,-5387,147,6467,1,1,0,0,1,0,0
77934,16,-5388,162,6467,1,1,0,0,1,0,0
77944,25,-5382,147,6467,1,1,0,0,1,0,0
77954,53,-5380,156,6467,1,1,0,0,1,0,0
77964,36,-5375,146,6467,1,1,0,0,1,0,0
77974,34,-5381,147,6467,1,1,0,0,1,0,0
77984,42,-5385,154,6467,1,1,0,0,1,0,0
77994,39,-5381,134,6467,1,1,0,0,1,0,0
78004,34,-5377,144,6467,1,1,0,0,1,0,0
78014,9,-5383,135,6467,1,1,0,0,1,0,0
78024,16,-5395,136,6467,1,1,0,0,1,0,0
78034,21,-5374,167,6467,1,1,0,0,1,0,0
78044,15,-5382,168,6467,1,1,0,0,1,0,0
78054,16,-5385,148,6467,1,1,0,0,1,0,0
78055,30,-5390,136,6467,1,1,0,0,1,0,0
78065,35,-5380,135,6467,1,1,0,0,1,0,0
78075,33,-5377,142,6467,1,1,0,0,1,0,0
78085,15,-5380,135,6467,1,1,0,0,1,0,0
78095,18,-5388,143,6467,1,1,0,0,1,0,0
78105,31,-5395,146,6467,1,1,0,0,1,0,0
78115,17,-5379,161,6467,1,1,0,0,1,0,0
78125,13,-5388,161,6467,1,1,0,0,1,0,0
78136,33,-5397,139,6467,1,1,0,0,1,0,0
78146,17,-5393,150,6467,1,1,0,0,1,0,0
78156,29,-5376,121,6599,1,1,0,0,1,0,0
78166,53,-5363,126,6599,1,1,1,0,1,0,0
78176,36,-5380,139,6599,1,1,0,0,1,0,0
78186,39,-5375,126,6599,1,1,0,0,1,0,0
78196,39,-5372,150,6599,1,1,0,0,1,0,0
78206,7,-5394,162,6599,1,1,0,0,1,0,0
78216,8,-5384,182,6599,1,1,0,0,1,0,0
78226,26,-5370,194,6599,1,1,0,0,1,0,0
78236,5,-5376,161,6599,1,1,0,0,1,0,0
78246,17,-5390,134,6599,1,1,0,0,1,0,0
78256,27,-5385,118,6599,1,1,0,0,1,0,0
78266,13,-5381,102,6599,1,1,0,0,1,0,0
78276,35,-5386,93,6599,1,1,0,0,1,0,0
78286,31,-5389,112,6599,1,1,0,0,1,0,0
78297,7,-5387,141,6599,1,1,0,0,1,0,0
78307,21,-5388,166,6599,1,1,0,0,1,0,0
78317,11,-5390,183,6599,1,1,0,0,1,0,0
78327,14,-5376,178,6599,1,1,0,0,1,0,0
78337,28,-5383,179,6599,1,1,0,0,1,0,0
78347,32,-5389,156,6599,1,1,0,0,1,0,0
78357,47,-5378,121,6599,1,1,0,0,1,0,0
78367,44,-5389,136,6599,1,1,0,0,1,0,0
78377,34,-5384,117,6599,1,1,0,0,1,0,0
78387,43,-5380,130,6599,1,1,0,0,1,0,0
78397,28,-5383,129,6599,1,1,0,0,1,0,0
78407,28,-5387,129,6599,1,1,0,0,1,0,0
78417,15,-5386,150,6599,1,1,0,0,1,0,0
78427,11,-5385,163,6599,1,1,0,0,1,0,0
78437,8,-5380,150,6599,1,1,0,0,1,0,0
78447,19,-5385,154,6599,1,1,0,0,1,0,0
78458,8,-5368,140,6599,1,1,0,0,1,0,0
78468,36,-5389,135,6599,1,1,0,0,1,0,0
78476,34,-5371,143,6599,1,1,0,0,1,0,0
78486,15,-5363,133,6599,1,1,0,0,1,0,0
78496,32,-5377,134,6599,1,1,0,0,1,0,0
78506,20,-5391,136,6599,1,1,0,0,1,0,0
78516,22,-5380,131,6599,1,1,0,0,1,0,0
78527,17,-5386,128,6599,1,1,0,0,1,0,0
78537,28,-5380,145,6599,1,1,0,0,1,0,0
78548,35,-5375,154,6599,1,1,0,0,1,0,0
78558,30,-5389,157,6599,1,1,0,0,1,0,0
78563,44,-5391,154,6599,1,1,0,0,1,0,0
78573,38,-5375,153,6599,1,1,0,0,1,0,0
78583,50,-5380,143,6599,1,1,0,0,1,0,0
78594,30,-5375,152,6599,1,1,0,0,1,0,0
78604,26,-5386,131,6599,1,1,0,0,1,0,0
78615,40,-5390,125,6599,1,1,0,0,1,0,0
78625,20,-5386,152,6599,1,1,0,0,1,0,0
78636,10,-5385,152,6599,1,1,0,0,1,0,0
78646,22,-5379,143,6599,1,1,0,0,1,0,0
78657,16,-5363,158,6599,1,1,0,0,1,0,0
78667,13,-5386,160,6599,1,1,0,0,1,0,0
78677,25,-5387,158,6725,1,1,0,0,1,0,0
78687,25,-5380,141,6725,1,1,1,0,1,0,0
78697,28,-5389,136,6725,1,1,0,0,1,0,0
78707,33,-5381,147,6725,1,1,0,0,1,0,0
78717,14,-5389,138,6725,1,1,0,0,1,0,0
78727,33,-5379,150,6725,1,1,0,0,1,0,0
78737,24,-5380,151,6725,1,1,0,0,1,0,0
78747,12,-5380,152,6725,1,1,0,0,1,0,0
78757,22,-5381,152,6725,1,1,0,0,1,0,0
78767,29,-5385,158,6725,1,1,0,0,1,0,0
78769,37,-5384,121,6725,1,1,0,0,1,0,0
78779,49,-5375,122,6725,1,1,0,0,1,0,0
78789,39,-5375,123,6725,1,1,0,0,1,0,0
78799,26,-5376,131,6725,1,1,0,0,1,0,0
78809,37,-5369,146,6725,1,1,0,0,1,0,0
78820,18,-5371,152,6725,1,1,0,0,1,0,0
78830,6,-5380,159,6725,1,1,0,0,1,0,0
78840,11,-5372,167,6725,1,1,0,0,1,0,0
78850,11,-5373,159,6725,1,1,0,0,1,0,0
78860,11,-5388,148,6725,1,1,0,0,1,0,0
78870,23,-5390,141,6725,1,1,0,0,1,0,0
78880,16,-5393,125,6725,1,1,0,0,1,0,0
78890,31,-5390,110,6725,1,1,0,0,1,0,0
78900,35,-5368,136,6725,1,1,0,0,1,0,0
78910,30,-5369,132,6725,1,1,0,0,1,0,0
78920,38,-5371,150,6725,1,1,0,0,1,0,0
78930,21,-5378,150,6725,1,1,0,0,1,0,0
78940,28,-5388,160,6725,1,1,0,0,1,0,0
78950,24,-5376,177,6725,1,1,0,0,1,0,0
78960,20,-5378,158,6725,1,1,0,0,1,0,0
78970,47,-5384,135,6725,1,1,0,0,1,0,0
78981,24,-5382,148,6725,1,1,0,0,1,0,0
78991,18,-5386,116,6725,1,1,0,0,1,0,0
79001,34,-5389,129,6725,1,1,0,0,1,0,0
79011,12,-5381,140,6725,1,1,0,0,1,0,0
79021,17,-5366,137,6725,1,1,0,0,1,0,0
79031,33,-5381,156,6725,1,1,0,0,1,0,0
79041,15,-5393,153,6725,1,1,0,0,1,0,0
79051,20,-5376,148,6725,1,1,0,0,1,0,0
79062,31,-5380,161,6725,1,1,0,0,1,0,0
79072,15,-5379,149,6725,1,1,0,0,1,0,0
79082,19,-5376,140,6725,1,1,0,0,1,0,0
79092,16,-5373,157,6725,1,1,0,0,1,0,0
79102,37,-5386,144,6725,1,1,0,0,1,0,0
79112,31,-5381,137,6725,1,1,0,0,1,0,0
79122,23,-5381,130,6725,1,1,0,0,1,0,0
79132,37,-5375,126,6725,1,1,0,0,1,0,0
79142,22,-5374,144,6725,1,1,0,0,1,0,0
79152,18,-5386,138,6725,1,1,0,0,1,0,0
79162,21,-5387,163,6725,1,1,0,0,1,0,0
79172,16,-5395,160,6725,1,1,0,0,1,0,0
79182,28,-5386,160,6725,1,1,0,0,1,0,0
79192,23,-5368,149,6725,1,1,0,0,1,0,0
79202,29,-5376,150,6725,1,1,0,0,1,0,0
79212,34,-5380,143,6852,1,1,0,0,1,0,0
79222,22,-5388,125,6852,1,1,1,0,1,0,0
79223,25,-5390,129,6852,1,1,0,0,1,0,0
79233,26,-5376,150,6852,1,1,0,0,1,0,0
79243,2,-5374,149,6852,1,1,0,0,1,0,0
79253,18,-5384,127,6852,1,1,0,0,1,0,0
79263,31,-5383,159,6852,1,1,0,0,1,0,0
79273,4,-5393,144,6852,1,1,0,0,1,0,0
79283,25,-5399,128,6852,1,1,0,0,1,0,0
79293,39,-5388,145,6852,1,1,0,0,1,0,0
79304,35,-5380,124,6852,1,1,0,0,1,0,0
79314,39,-5369,136,6852,1,1,0,0,1,0,0
79324,28,-5375,150,6852,1,1,0,0,1,0,0
79334,33,-5378,141,6852,1,1,0,0,1,0,0
79344,37,-5386,164,6852,1,1,0,0,1,0,0
79354,9,-5385,146,6852,1,1,0,0,1,0,0
79364,24,-5387,166,6852,1,1,0,0,1,0,0
79374,32,-5383,160,6852,1,1,0,0,1,0,0
79384,14,-5380,138,6852,1,1,0,0,1,0,0
79394,23,-5388,127,6852,1,1,0,0,1,0,0
79404,36,-5376,125,6852,1,1,0,0,1,0,0
79414,13,-5377,130,6852,1,1,0,0,1,0,0
79424,25,-5390,138,6852,1,1,0,0,1,0,0
79434,36,-5374,141,6852,1,1,0,0,1,0,0
79444,10,-5378,159,6852,1,1,0,0,1,0,0
79454,22,-5373,153,6852,1,1,0,0,1,0,0
79459,13,-5379,153,6852,1,1,0,0,1,0,0
79469,15,-5369,151,6852,1,1,0,0,1,0,0
79479,22,-5371,146,6852,1,1,0,0,1,0,0
79489,24,-5385,148,6852,1,1,0,0,1,0,0
79499,29,-5382,126,6852,1,1,0,0,1,0,0
79516,42,-5366,135,6852,1,1,0,0,1,0,0
79526,28,-5385,138,6852,1,1,0,0,1,0,0
79536,24,-5376,137,6852,1,1,0,0,1,0,0
79546,35,-5382,145,6852,1,1,0,0,1,0,0
79557,19,-5385,145,6852,1,1,0,0,1,0,0
79567,25,-5381,152,6852,1,1,0,0,1,0,0
79568,20,-5380,147,6852,1,1,0,0,1,0,0
79578,18,-5381,141,6852,1,1,0,0,1,0,0
79588,31,-5380,158,6852,1,1,0,0,1,0,0
79603,20,-5380,145,6852,1,1,0,0,1,0,0
79613,23,-5376,127,6852,1,1,0,0,1,0,0
79624,38,-5370,132,6852,1,1,0,0,1,0,0
79634,30,-5368,120,6852,1,1,0,0,1,0,0
79645,30,-5377,124,6852,1,1,0,0,1,0,0
79655,23,-5389,140,6852,1,1,0,0,1,0,0
79656,6,-5383,145,6852,1,1,0,0,1,0,0
79666,28,-5377,142,6852,1,1,0,0,1,0,0
79676,19,-5362,174,6852,1,1,0,0,1,0,0
79687,23,-5383,154,6852,1,1,0,0,1,0,0
79697,41,-5378,146,6852,1,1,0,0,1,0,0
79711,33,-5382,147,6966,1,1,0,0,1,0,0
79721,25,-5386,141,6966,1,1,1,0,1,0,0
79732,12,-5382,138,6966,1,1,0,0,1,0,0
79742,34,-5385,136,6966,1,1,0,0,1,0,0
79753,24,-5386,150,6966,1,1,0,0,1,0,0
79763,11,-5388,143,6966,1,1,0,0,1,0,0
79773,30,-5382,156,6966,1,1,0,0,1,0,0
79783,6,-5385,149,6966,1,1,0,0,1,0,0
79793,22,-5381,139,6966,1,1,0,0,1,0,0
79803,35,-5382,156,6966,1,1,0,0,1,0,0
79813,8,-5375,154,6966,1,1,0,0,1,0,0
79823,27,-5386,125,6966,1,1,0,0,1,0,0
79833,17,-5394,144,6966,1,1,0,0,1,0,0
79843,20,-5372,143,6966,1,1,0,0,1,0,0
79854,25,-5375,141,6966,1,1,0,0,1,0,0
79864,28,-5385,137,6966,1,1,0,0,1,0,0
79874,26,-5382,145,6966,1,1,0,0,1,0,0
79884,33,-5377,143,6966,1,1,0,0,1,0,0
79894,27,-5375,146,6966,1,1,0,0,1,0,0
79904,11,-5380,139,6966,1,1,0,0,1,0,0
79914,32,-5367,136,6966,1,1,0,0,1,0,0
79924,27,-5388,140,6966,1,1,0,0,1,0,0
79934,37,-5392,136,6966,1,1,0,0,1,0,0
79935,34,-5387,157,6966,1,1,0,0,1,0,0
79945,34,-5395,144,6966,1,1,0,0,1,0,0
79955,42,-5388,145,6966,1,1,0,0,1,0,0
79965,30,-5387,167,6966,1,1,0,0,1,0,0
79975,12,-5397,143,6966,1,1,0,0,1,0,0
79985,24,-5401,137,6966,1,1,0,0,1,0,0
79995,25,-5370,156,6966,1,1,0,0,1,0,0
80005,8,-5385,127,6966,1,1,0,0,1,0,0
80016,33,-5396,135,6966,1,1,0,0,1,0,0
80026,33,-5385,141,6966,1,1,0,0,1,0,0
80036,21,-5379,146,6966,1,1,0,0,1,0,0
80046,43,-5385,157,6966,1,1,0,0,1,0,0
80056,24,-5376,166,6966,1,1,0,0,1,0,0
80066,17,-5370,155,6966,1,1,0,0,1,0,0
80076,31,-5387,140,6966,1,1,0,0,1,0,0
80086,13,-5391,159,6966,1,1,0,0,1,0,0
80097,25,-5383,139,6966,1,1,0,0,1,0,0
80107,44,-5380,144,6966,1,1,0,0,1,0,0
80117,31,-5386,140,6966,1,1,0,0,1,0,0
80127,32,-5373,125,6966,1,1,0,0,1,0,0
80137,19,-5382,147,6966,1,1,0,0,1,0,0
80147,25,-5388,136,6966,1,1,0,0,1,0,0
80157,28,-5392,141,6966,1,1,0,0,1,0,0
80167,22,-5385,133,6966,1,1,0,0,1,0,0
80177,25,-5387,145,6966,1,1,0,0,1,0,0
80187,31,-5384,154,6966,1,1,0,0,1,0,0
80197,13,-5385,146,6966,1,1,0,0,1,0,0
80207,26,-5372,139,6966,1,1,0,0,1,0,0
80217,22,-5384,155,6966,1,1,0,0,1,0,0
80227,29,-5391,130,6966,1,1,0,0,1,0,0
80237,43,-5389,139,7091,1,1,0,0,1,0,0
80247,26,-5391,137,7091,1,1,1,0,1,0,0
80258,22,-5383,139,7091,1,1,0,0,1,0,0
80268,39,-5381,138,7091,1,1,0,0,1,0,0
80278,27,-5376,135,7091,1,1,0,0,1,0,0
80288,27,-5398,153,7091,1,1,0,0,1,0,0
80298,23,-5384,158,7091,1,1,0,0,1,0,0
80308,23,-5371,146,7091,1,1,0,0,1,0,0
80318,28,-5380,137,7091,1,1,0,0,1,0,0
80328,29,-5380,137,7091,1,1,0,0,1,0,0
80338,46,-5375,138,7091,1,1,0,0,1,0,0
80348,28,-5379,145,7091,1,1,0,0,1,0,0
80358,35,-5389,136,7091,1,1,0,0,1,0,0
80368,32,-5379,147,7091,1,1,0,0,1,0,0
80378,13,-5385,149,7091,1,1,0,0,1,0,0
80388,24,-5385,150,7091,1,1,0,0,1,0,0
80398,16,-5379,150,7091,1,1,0,0,1,0,0
80408,9,-5380,152,7091,1,1,0,0,1,0,0
80409,29,-5392,144,7091,1,1,0,0,1,0,0
80419,21,-5382,152,7091,1,1,0,0,1,0,0
80429,24,-5385,134,7091,1,1,0,0,1,0,0
80439,32,-5389,149,7091,1,1,0,0,1,0,0
80449,26,-5386,150,7091,1,1,0,0,1,0,0
80459,23,-5381,140,7091,1,1,0,0,1,0,0
80469,35,-5384,140,7091,1,1,0,0,1,0,0
80479,20,-5377,145,7091,1,1,0,0,1,0,0
80489,21,-5373,147,7091,1,1,0,0,1,0,0
80506,25,-5377,140,7091,1,1,0,0,1,0,0
80516,21,-5380,148,7091,1,1,0,0,1,0,0
80526,22,-5388,147,7091,1,1,0,0,1,0,0
80536,27,-5373,154,7091,1,1,0,0,1,0,0
80537,7,-5372,151,7091,1,1,0,0,1,0,0
80547,16,-5382,122,7091,1,1,0,0,1,0,0
80557,17,-5371,142,7091,1,1,0,0,1,0,0
80568,12,-5388,147,7091,1,1,0,0,1,0,0
80578,19,-5393,155,7091,1,1,0,0,1,0,0
80589,11,-5372,149,7091,1,1,0,0,1,0,0
80599,27,-5378,142,7091,1,1,0,0,1,0,0
80609,38,-5400,146,7091,1,1,0,0,1,0,0
80619,16,-5380,149,7091,1,1,0,0,1,0,0
80629,19,-5378,129,7091,1,1,0,0,1,0,0
80639,42,-5380,134,7091,1,1,0,0,1,0,0
80649,21,-5376,136,7091,1,1,0,0,1,0,0
80659,27,-5372,130,7091,1,1,0,0,1,0,0
80670,27,-5372,152,7091,1,1,0,0,1,0,0
80680,13,-5384,149,7091,1,1,0,0,1,0,0
80690,31,-5390,138,7091,1,1,0,0,1,0,0
80700,28,-5378,159,7091,1,1,0,0,1,0,0
80710,16,-5390,158,7091,1,1,0,0,1,0,0
80720,33,-5393,139,7091,1,1,0,0,1,0,0
80730,25,-5383,143,7091,1,1,0,0,1,0,0
80740,26,-5382,127,7091,1,1,0,0,1,0,0
80746,30,-5389,137,7194,1,1,0,0,1,0,0
80756,28,-5381,141,7194,1,1,0,0,1,0,0
80766,32,-5385,135,7194,1,1,0,0,1,0,0
80776,24,-5385,153,7194,1,1,1,0,1,0,0
80787,12,-5372,153,7194,1,1,0,0,1,0,0
80797,31,-5384,151,7194,1,1,0,0,1,0,0
80808,24,-5379,154,7194,1,1,0,0,1,0,0
80818,23,-5378,143,7194,1,1,0,0,1,0,0
80829,41,-5371,130,7194,1,1,0,0,1,0,0
80839,20,-5380,150,7194,1,1,0,0,1,0,0
80850,14,-5386,128,7194,1,1,0,0,1,0,0
80860,46,-5387,135,7194,1,1,0,0,1,0,0
80871,23,-5388,141,7194,1,1,0,0,1,0,0
80881,34,-5378,142,7194,1,1,0,0,1,0,0
80892,27,-5380,140,7194,1,1,0,0,1,0,0
80902,30,-5381,143,7194,1,1,0,0,1,0,0
80903,28,-5382,153,7194,1,1,0,0,1,0,0
80913,19,-5372,152,7194,1,1,0,0,1,0,0
80923,36,-5374,154,7194,1,1,0,0,1,0,0
80933,11,-5379,143,7194,1,1,0,0,1,0,0
80943,25,-5376,138,7194,1,1,0,0,1,0,0
80953,27,-5373,158,7194,1,1,0,0,1,0,0
80963,23,-5380,159,7194,1,1,0,0,1,0,0
80973,27,-5383,143,7194,1,1,0,0,1,0,0
80983,12,-5387,146,7194,1,1,0,0,1,0,0
80994,20,-5389,149,7194,1,1,0,0,1,0,0
81004,32,-5383,142,7194,1,1,0,0,1,0,0
81014,10,-5394,141,7194,1,1,0,0,1,0,0
81024,18,-5382,141,7194,1,1,0,0,1,0,0
81034,30,-5379,146,7194,1,1,0,0,1,0,0
81044,12,-5388,141,7194,1,1,0,0,1,0,0
81054,40,-5374,135,7194,1,1,0,0,1,0,0
81064,35,-5390,141,7194,1,1,0,0,1,0,0
81074,23,-5376,143,7194,1,1,0,0,1,0,0
81084,42,-5377,147,7194,1,1,0,0,1,0,0
81094,31,-5389,157,7194,1,1,0,0,1,0,0
81104,19,-5387,153,7194,1,1,0,0,1,0,0
81114,30,-5338,146,7194,1,1,0,0,1,0,0
81124,9,-5276,162,7194,1,1,0,0,1,0,0
81134,68,-5549,92,7194,1,1,0,0,1,0,0
81144,57,-5484,118,7194,1,1,0,0,1,0,0
81155,8,-5198,256,7194,1,1,0,0,1,0,0
81165,3,-5331,27,7194,1,1,0,0,1,0,0
81175,44,-5570,242,7194,1,1,0,0,1,0,0
81185,-8,-5315,150,7194,1,1,0,0,1,0,0
81195,-23,-5246,102,7194,1,1,0,0,1,0,0
81205,32,-5510,251,7194,1,1,0,0,1,0,0
81215,5,-5433,47,7194,1,1,0,0,1,0,0
81225,-2,-5228,185,7194,1,1,0,0,1,0,0
81235,22,-5437,89,7194,1,1,0,0,1,0,0
81245,38,-5484,118,7194,1,1,0,0,1,0,0
81255,21,-5276,178,7194,1,1,0,0,1,0,0
81265,27,-5374,69,7194,1,1,0,0,1,0,0
81269,39,-5479,203,7303,1,1,0,0,1,0,0
81279,39,-5343,142,7303,1,1,0,0,1,0,0
81289,2,-5305,165,7303,1,1,1,0,1,0,0
81300,48,-5435,196,7303,1,1,0,0,1,0,0
81310,51,-5411,108,7303,1,1,0,0,1,0,0
81321,12,-5318,194,7303,1,1,0,0,1,0,0
81331,23,-5397,106,7303,1,1,0,0,1,0,0
81341,34,-5430,129,7303,1,1,0,0,1,0,0
81351,8,-5365,169,7303,1,1,0,0,1,0,0
81361,11,-5373,87,7303,1,1,0,0,1,0,0
81371,8,-5401,191,7303,1,1,0,0,1,0,0
81381,10,-5402,129,7303,1,1,0,0,1,0,0
81391,7,-5362,161,7303,1,1,0,0,1,0,0
81402,2,-5379,181,7303,1,1,0,0,1,0,0
81412,16,-5398,119,7303,1,1,0,0,1,0,0
81422,24,-5356,182,7303,1,1,0,0,1,0,0
81432,21,-5385,102,7303,1,1,0,0,1,0,0
81442,57,-5400,140,7303,1,1,0,0,1,0,0
81452,45,-5384,153,7303,1,1,0,0,1,0,0
81462,27,-5374,92,7303,1,1,0,0,1,0,0
81472,38,-5394,160,7303,1,1,0,0,1,0,0
81482,14,-5413,126,7303,1,1,0,0,1,0,0
81492,23,-5375,152,7303,1,1,0,0,1,0,0
81496,24,-5372,172,7303,1,1,0,0,1,0,0
81506,10,-5404,149,7303,1,1,0,0,1,0,0
81516,12,-5370,188,7303,1,1,0,0,1,0,0
81526,-2,-5366,127,7303,1,1,0,0,1,0,0
81536,26,-5402,151,7303,1,1,0,0,1,0,0
81547,29,-5400,144,7303,1,1,0,0,1,0,0
81557,16,-5378,116,7303,1,1,0,0,1,0,0
81568,35,-5372,147,7303,1,1,0,0,1,0,0
81578,20,-5400,118,7303,1,1,0,0,1,0,0
81593,30,-5354,152,7303,1,1,0,0,1,0,0
81603,10,-5369,153,7303,1,1,0,0,1,0,0
81614,10,-5396,150,7303,1,1,0,0,1,0,0
81624,42,-5389,179,7303,1,1,0,0,1,0,0
81625,22,-5373,144,7303,1,1,0,0,1,0,0
81635,17,-5375,152,7303,1,1,0,0,1,0,0
81645,35,-5400,139,7303,1,1,0,0,1,0,0
81656,37,-5381,124,7303,1,1,0,0,1,0,0
81666,18,-5386,134,7303,1,1,0,0,1,0,0
81677,39,-5388,104,7303,1,1,0,0,1,0,0
81687,18,-5364,139,7303,1,1,0,0,1,0,0
81697,15,-5378,139,7303,1,1,0,0,1,0,0
81707,33,-5386,159,7303,1,1,0,0,1,0,0
81717,29,-5387,185,7303,1,1,0,0,1,0,0
81727,18,-5369,154,7303,1,1,0,0,1,0,0
81737,11,-5391,145,7303,1,1,0,0,1,0,0
81747,11,-5400,146,7303,1,1,0,0,1,0,0
81757,29,-5386,107,7303,1,1,0,0,1,0,0
81767,37,-5370,129,7303,1,1,0,0,1,0,0
81778,8,-5385,145,7303,1,1,0,0,1,0,0
81788,10,-5403,128,7303,1,1,0,0,1,0,0
81799,27,-5375,156,7403,1,1,0,0,1,0,0
81809,9,-5383,140,7403,1,1,1,0,1,0,0
81820,49,-5419,168,7403,1,1,0,0,1,0,0
81830,33,-5372,185,7403,1,1,0,0,1,0,0
81840,12,-5364,132,7403,1,1,0,0,1,0,0
81850,51,-5382,166,7403,1,1,0,0,1,0,0
81860,40,-5381,162,7403,1,1,0,0,1,0,0
81870,36,-5372,123,7403,1,1,0,0,1,0,0
81880,36,-5384,171,7403,1,1,0,0,1,0,0
81890,26,-5391,134,7403,1,1,0,0,1,0,0
81900,17,-5356,148,7403,1,1,0,0,1,0,0
81910,18,-5374,143,7403,1,1,0,0,1,0,0
81921,14,-5389,124,7403,1,1,0,0,1,0,0
81931,18,-5381,151,7403,1,1,0,0,1,0,0
81941,24,-5362,142,7403,1,1,0,0,1,0,0
81951,4,-5394,155,7403,1,1,0,0,1,0,0
81961,32,-5390,132,7403,1,1,0,0,1,0,0
81971,21,-5366,145,7403,1,1,0,0,1,0,0
81981,19,-5379,144,7403,1,1,0,0,1,0,0
81991,35,-5406,132,7403,1,1,0,0,1,0,0
82001,29,-5377,141,7403,1,1,0,0,1,0,0
82011,38,-5381,134,7403,1,1,0,0,1,0,0
82021,29,-5383,143,7403,1,1,0,0,1,0,0
82031,24,-5377,160,7403,1,1,0,0,1,0,0
82041,41,-5387,141,7403,1,1,0,0,1,0,0
82051,39,-5383,166,7403,1,1,0,0,1,0,0
82061,7,-5384,162,7403,1,1,0,0,1,0,0
82071,19,-5370,135,7403,1,1,0,0,1,0,0
82081,24,-5379,146,7403,1,1,0,0,1,0,0
82082,20,-5375,130,7403,1,1,0,0,1,0,0
82092,23,-5376,136,7403,1,1,0,0,1,0,0
82102,9,-5381,146,7403,1,1,0,0,1,0,0
82112,28,-5390,141,7403,1,1,0,0,1,0,0
82122,20,-5379,135,7403,1,1,0,0,1,0,0
82132,8,-5388,136,7403,1,1,0,0,1,0,0
82142,6,-5381,170,7403,1,1,0,0,1,0,0
82152,15,-5383,162,7403,1,1,0,0,1,0,0
82163,27,-5381,147,7403,1,1,0,0,1,0,0
82173,34,-5378,154,7403,1,1,0,0,1,0,0
82183,40,-5400,128,7403,1,1,0,0,1,0,0
82193,48,-5377,143,7403,1,1,0,0,1,0,0
82203,37,-5371,134,7403,1,1,0,0,1,0,0
82213,29,-5392,147,7403,1,1,0,0,1,0,0
82223,43,-5387,156,7403,1,1,0,0,1,0,0
82233,28,-5377,148,7403,1,1,0,0,1,0,0
82243,33,-5369,165,7403,1,1,0,0,1,0,0
82253,26,-5402,163,7403,1,1,0,0,1,0,0
82263,11,-5392,157,7403,1,1,0,0,1,0,0
82273,15,-5378,137,7403,1,1,0,0,1,0,0
82283,18,-5385,152,7403,1,1,0,0,1,0,0
82293,6,-5375,134,7403,1,1,0,0,1,0,0
82303,16,-5380,126,7403,1,1,0,0,1,0,0
82313,16,-5381,139,7403,1,1,0,0,1,0,0
82318,19,-5382,160,7505,1,1,0,0,1,0,0
82328,19,-5374,144,7505,1,1,0,0,1,0,0
82338,8,-5378,160,7505,1,1,1,0,1,0,0
82349,17,-5384,143,7505,1,1,0,0,1,0,0
82359,35,-5387,154,7505,1,1,0,0,1,0,0
82370,19,-5379,168,7505,1,1,0,0,1,0,0
82380,36,-5385,136,7505,1,1,0,0,1,0,0
82391,37,-5389,155,7505,1,1,0,0,1,0,0
82401,29,-5386,141,7505,1,1,0,0,1,0,0
82412,34,-5391,138,7505,1,1,0,0,1,0,0
82422,36,-5389,154,7505,1,1,0,0,1,0,0
82433,24,-5380,146,7505,1,1,0,0,1,0,0
82443,25,-5384,144,7505,1,1,0,0,1,0,0
82454,16,-5371,150,7505,1,1,0,0,1,0,0
82464,13,-5385,140,7505,1,1,0,0,1,0,0
82475,21,-5374,141,7505,1,1,0,0,1,0,0
82485,23,-5389,132,7505,1,1,0,0,1,0,0
82495,8,-5392,129,7505,1,1,0,0,1,0,0
82505,23,-5390,138,7505,1,1,0,0,1,0,0
82515,12,-5378,156,7505,1,1,0,0,1,0,0
82525,26,-5389,145,7505,1,1,0,0,1,0,0
82535,31,-5376,142,7505,1,1,0,0,1,0,0
82545,25,-5388,141,7505,1,1,0,0,1,0,0
82546,36,-5388,137,7505,1,1,0,0,1,0,0
82556,27,-5373,157,7505,1,1,0,0,1,0,0
82571,22,-5384,149,7505,1,1,0,0,1,0,0
82581,29,-5387,147,7505,1,1,0,0,1,0,0
82592,25,-5389,150,7505,1,1,0,0,1,0,0
82602,20,-5372,142,7505,1,1,0,0,1,0,0
82613,39,-5370,128,7505,1,1,0,0,1,0,0
82623,24,-5379,143,7505,1,1,0,0,1,0,0
82624,30,-5381,127,7505,1,1,0,0,1,0,0
82634,41,-5385,148,7505,1,1,0,0,1,0,0
82644,13,-5386,152,7505,1,1,0,0,1,0,0
82655,29,-5385,152,7505,1,1,0,0,1,0,0
82665,24,-5371,162,7505,1,1,0,0,1,0,0
82676,20,-5389,142,7505,1,1,0,0,1,0,0
82686,31,-5392,140,7505,1,1,0,0,1,0,0
82697,6,-5382,141,7505,1,1,0,0,1,0,0
82707,24,-5372,141,7505,1,1,0,0,1,0,0
82718,13,-5378,154,7505,1,1,0,0,1,0,0
82728,9,-5373,140,7505,1,1,0,0,1,0,0
82739,31,-5377,134,7505,1,1,0,0,1,0,0
82749,15,-5379,146,7505,1,1,0,0,1,0,0
82759,36,-5381,152,7505,1,1,0,0,1,0,0
82769,34,-5387,151,7505,1,1,0,0,1,0,0
82779,22,-5376,146,7505,1,1,0,0,1,0,0
82789,46,-5379,155,7505,1,1,0,0,1,0,0
82799,36,-5391,143,7505,1,1,0,0,1,0,0
82809,36,-5392,121,7505,1,1,0,0,1,0,0
82820,48,-5378,148,7505,1,1,0,0,1,0,0
82830,18,-5380,142,7505,1,1,0,0,1,0,0
82834,32,-5386,130,7594,1,1,0,0,1,0,0
82844,31,-5372,144,7594,1,1,0,0,1,0,0
82854,18,-5373,149,7594,1,1,1,0,1,0,0
82865,18,-5385,154,7594,1,1,0,0,1,0,0
82875,16,-5388,143,7594,1,1,0,0,1,0,0
82886,14,-5385,143,7594,1,1,0,0,1,0,0
82896,11,-5385,136,7594,1,1,0,0,1,0,0
82907,9,-5384,150,7594,1,1,0,0,1,0,0
82917,19,-5380,145,7594,1,1,0,0,1,0,0
82928,37,-5391,144,7594,1,1,0,0,1,0,0
82938,32,-5381,137,7594,1,1,0,0,1,0,0
82949,20,-5376,139,7594,1,1,0,0,1,0,0
82959,35,-5385,145,7594,1,1,0,0,1,0,0
82970,41,-5394,163,7594,1,1,0,0,1,0,0
82980,29,-5380,163,7594,1,1,0,0,1,0,0
82981,33,-5377,143,7594,1,1,0,0,1,0,0
82991,32,-5380,140,7594,1,1,0,0,1,0,0
83001,23,-5374,140,7594,1,1,0,0,1,0,0
83011,26,-5385,136,7594,1,1,0,0,1,0,0
83021,6,-5375,151,7594,1,1,0,0,1,0,0
83031,19,-5388,124,7594,1,1,0,0,1,0,0
83041,14,-5376,135,7594,1,1,0,0,1,0,0
83051,2,-5379,149,7594,1,1,0,0,1,0,0
83061,14,-5383,140,7594,1,1,0,0,1,0,0
83072,13,-5374,144,7594,1,1,0,0,1,0,0
83082,16,-5376,140,7594,1,1,0,0,1,0,0
83092,29,-5381,143,7594,1,1,0,0,1,0,0
83102,28,-5381,153,7594,1,1,0,0,1,0,0
83112,24,-5395,139,7594,1,1,0,0,1,0,0
83122,38,-5386,140,7594,1,1,0,0,1,0,0
83132,33,-5379,139,7594,1,1,0,0,1,0,0
83142,35,-5379,123,7594,1,1,0,0,1,0,0
83153,43,-5392,150,7594,1,1,0,0,1,0,0
83163,27,-5390,149,7594,1,1,0,0,1,0,0
83173,41,-5378,136,7594,1,1,0,0,1,0,0
83183,15,-5389,154,7594,1,1,0,0,1,0,0
83193,12,-5370,141,7594,1,1,0,0,1,0,0
83203,29,-5380,141,7594,1,1,0,0,1,0,0
83213,16,-5375,140,7594,1,1,0,0,1,0,0
83223,12,-5374,138,7594,1,1,0,0,1,0,0
83234,25,-5387,140,7594,1,1,0,0,1,0,0
83244,-1,-5384,137,7594,1,1,0,0,1,0,0
83254,21,-5376,136,7594,1,1,0,0,1,0,0
83264,6,-5384,148,7594,1,1,0,0,1,0,0
83274,13,-5389,146,7594,1,1,0,0,1,0,0
83284,26,-5374,140,7594,1,1,0,0,1,0,0
83294,17,-5382,143,7594,1,1,0,0,1,0,0
83304,33,-5387,157,7594,1,1,0,0,1,0,0
83314,27,-5381,159,7594,1,1,0,0,1,0,0
83324,30,-5380,139,7594,1,1,0,0,1,0,0
83334,23,-5375,146,7594,1,1,0,0,1,0,0
83344,19,-5375,148,7594,1,1,0,0,1,0,0
83348,38,-5379,140,7696,1,1,0,0,1,0,0
83358,32,-5384,147,7696,1,1,0,0,1,0,0
83368,31,-5384,134,7696,1,1,1,0,1,0,0
83379,23,-5395,151,7696,1,1,0,0,1,0,0
83389,20,-5378,142,7696,1,1,0,0,1,0,0
83400,22,-5377,140,7696,1,1,0,0,1,0,0
83410,17,-5376,155,7696,1,1,0,0,1,0,0
83420,5,-5384,127,7696,1,1,0,0,1,0,0
83430,17,-5390,134,7696,1,1,0,0,1,0,0
83440,20,-5381,139,7696,1,1,0,0,1,0,0
83450,19,-5382,141,7696,1,1,0,0,1,0,0
83460,30,-5385,139,7696,1,1,0,0,1,0,0
83470,23,-5371,150,7696,1,1,0,0,1,0,0
83481,22,-5377,141,7696,1,1,0,0,1,0,0
83491,39,-5374,138,7696,1,1,0,0,1,0,0
83497,34,-5385,144,7696,1,1,0,0,1,0,0
83507,29,-5394,144,7696,1,1,0,0,1,0,0
83517,20,-5381,149,7696,1,1,0,0,1,0,0
83527,31,-5381,157,7696,1,1,0,0,1,0,0
83537,37,-5392,140,7696,1,1,0,0,1,0,0
83548,29,-5385,147,7696,1,1,0,0,1,0,0
83558,25,-5381,158,7696,1,1,0,0,1,0,0
83569,36,-5382,141,7696,1,1,0,0,1,0,0
83579,31,-5373,147,7696,1,1,0,0,1,0,0
83590,18,-5377,146,7696,1,1,0,0,1,0,0
83600,16,-5387,137,7696,1,1,0,0,1,0,0
83610,15,-5389,147,7696,1,1,0,0,1,0,0
83620,6,-5388,155,7696,1,1,0,0,1,0,0
83630,33,-5393,137,7696,1,1,0,0,1,0,0
83640,9,-5380,144,7696,1,1,0,0,1,0,0
83650,-1,-5391,143,7696,1,1,0,0,1,0,0
83660,36,-5387,133,7696,1,1,0,0,1,0,0
83664,32,-5377,156,7696,1,1,0,0,1,0,0
83674,28,-5389,128,7696,1,1,0,0,1,0,0
83684,38,-5387,139,7696,1,1,0,0,1,0,0
83694,27,-5386,152,7696,1,1,0,0,1,0,0
83704,28,-5368,138,7696,1,1,0,0,1,0,0
83715,43,-5380,148,7696,1,1,0,0,1,0,0
83725,30,-5379,137,7696,1,1,0,0,1,0,0
83736,30,-5377,141,7696,1,1,0,0,1,0,0
83746,17,-5389,157,7696,1,1,0,0,1,0,0
83754,19,-5398,135,7696,1,1,0,0,1,0,0
83764,28,-5396,152,7696,1,1,0,0,1,0,0
83774,13,-5385,136,7696,1,1,0,0,1,0,0
83785,32,-5386,126,7696,1,1,0,0,1,0,0
83795,26,-5372,140,7696,1,1,0,0,1,0,0
83806,9,-5387,150,7696,1,1,0,0,1,0,0
83816,25,-5389,140,7696,1,1,0,0,1,0,0
83827,19,-5387,141,7696,1,1,0,0,1,0,0
83837,14,-5385,136,7696,1,1,0,0,1,0,0
83848,40,-5376,139,7696,1,1,0,0,1,0,0
83858,25,-5384,139,7696,1,1,0,0,1,0,0
83859,31,-5386,126,7788,1,1,0,0,1,0,0
83869,16,-5371,151,7788,1,1,0,0,1,0,0
83879,4,-5372,146,7788,1,1,1,0,1,0,0
83899,38,-5389,149,7788,1,1,0,0,1,0,0
83909,32,-5382,140,7788,1,1,0,0,1,0,0
83919,28,-5373,137,7788,1,1,0,0,1,0,0
83929,19,-5388,151,7788,1,1,0,0,1,0,0
83939,22,-5374,144,7788,1,1,0,0,1,0,0
83949,19,-5380,156,7788,1,1,0,0,1,0,0
83959,6,-5383,134,7788,1,1,0,0,1,0,0
83969,29,-5372,136,7788,1,1,0,0,1,0,0
83979,16,-5384,138,7788,1,1,0,0,1,0,0
83989,11,-5394,145,7788,1,1,0,0,1,0,0
83999,31,-5379,142,7788,1,1,0,0,1,0,0
84000,39,-5381,164,7788,1,1,0,0,1,0,0
84010,24,-5374,148,7788,1,1,0,0,1,0,0
84020,26,-5384,146,7788,1,1,0,0,1,0,0
84030,15,-5395,152,7788,1,1,0,0,1,0,0
84040,27,-5388,136,7788,1,1,0,0,1,0,0
84050,43,-5379,161,7788,1,1,0,0,1,0,0
84060,33,-5385,151,7788,1,1,0,0,1,0,0
84070,15,-5398,120,7788,1,1,0,0,1,0,0
84080,14,-5379,156,7788,1,1,0,0,1,0,0
84091,22,-5382,141,7788,1,1,0,0,1,0,0
84101,41,-5381,162,7788,1,1,0,0,1,0,0
84111,13,-5382,164,7788,1,1,0,0,1,0,0
84121,33,-5385,126,7788,1,1,0,0,1,0,0
84131,40,-5388,160,7788,1,1,0,0,1,0,0
84141,10,-5383,130,7788,1,1,0,0,1,0,0
84151,24,-5388,148,7788,1,1,0,0,1,0,0
84161,14,-5385,146,7788,1,1,0,0,1,0,0
84172,-7,-5374,125,7788,1,1,0,0,1,0,0
84182,10,-5376,149,7788,1,1,0,0,1,0,0
84192,27,-5381,139,7788,1,1,0,0,1,0,0
84202,18,-5379,138,7788,1,1,0,0,1,0,0
84212,31,-5375,140,7788,1,1,0,0,1,0,0
84222,24,-5389,144,7788,1,1,0,0,1,0,0
84232,27,-5373,144,7788,1,1,0,0,1,0,0
84242,46,-5381,144,7788,1,1,0,0,1,0,0
84253,40,-5377,151,7788,1,1,0,0,1,0,0
84263,56,-5385,139,7788,1,1,0,0,1,0,0
84273,60,-5378,147,7788,1,1,0,0,1,0,0
84283,30,-5385,158,7788,1,1,0,0,1,0,0
84293,49,-5381,132,7788,1,1,0,0,1,0,0
84303,23,-5370,162,7788,1,1,0,0,1,0,0
84313,19,-5388,137,7788,1,1,0,0,1,0,0
84323,18,-5393,140,7788,1,1,0,0,1,0,0
84333,-3,-5385,148,7788,1,1,0,0,1,0,0
84343,21,-5381,134,7788,1,1,0,0,1,0,0
84353,-6,-5386,156,7788,1,1,0,0,1,0,0
84363,-5,-5388,129,7788,1,1,0,0,1,0,0
84373,9,-5371,123,7788,1,1,0,0,1,0,0
84383,-10,-5379,134,7788,1,1,0,0,1,0,0
84393,-1,-5381,135,7788,1,1,0,0,1,0,0
84403,20,-5372,167,7788,1,1,0,0,1,0,0
84408,19,-5382,147,7888,1,1,0,0,1,0,0
84418,33,-5398,136,7888,1,1,0,0,1,0,0
84428,27,-5355,161,7888,1,1,1,0,1,0,0
84439,45,-5378,148,7888,1,1,0,0,1,0,0
84449,70,-5392,165,7888,1,1,0,0,1,0,0
84460,56,-5361,151,7888,1,1,0,0,1,0,0
84470,55,-5369,131,7888,1,1,0,0,1,0,0
84481,63,-5395,159,7888,1,1,0,0,1,0,0
84491,63,-5393,144,7888,1,1,0,0,1,0,0
84497,68,-5376,148,7888,1,1,0,0,1,0,0
84507,35,-5384,153,7888,1,1,0,0,1,0,0
84517,31,-5397,146,7888,1,1,0,0,1,0,0
84527,2,-5362,144,7888,1,1,0,0,1,0,0
84537,11,-5377,122,7888,1,1,0,0,1,0,0
84547,6,-5391,155,7888,1,1,0,0,1,0,0
84558,-22,-5388,143,7888,1,1,0,0,1,0,0
84568,9,-5380,135,7888,1,1,0,0,1,0,0
84573,-5,-5388,157,7888,1,1,0,0,1,0,0
84583,-1,-5382,138,7888,1,1,0,0,1,0,0
84593,-1,-5384,160,7888,1,1,0,0,1,0,0
84604,-4,-5392,147,7888,1,1,0,0,1,0,0
84614,28,-5386,133,7888,1,1,0,0,1,0,0
84625,31,-5374,142,7888,1,1,0,0,1,0,0
84635,18,-5378,137,7888,1,1,0,0,1,0,0
84646,63,-5386,135,7888,1,1,0,0,1,0,0
84656,57,-5387,137,7888,1,1,0,0,1,0,0
84667,49,-5387,151,7888,1,1,0,0,1,0,0
84677,70,-5385,150,7888,1,1,0,0,1,0,0
84687,60,-5375,162,7888,1,1,0,0,1,0,0
84697,50,-5366,158,7888,1,1,0,0,1,0,0
84707,48,-5383,152,7888,1,1,0,0,1,0,0
84717,18,-5381,157,7888,1,1,0,0,1,0,0
84727,23,-5386,150,7888,1,1,0,0,1,0,0
84737,17,-5377,145,7888,1,1,0,0,1,0,0
84747,-5,-5380,140,7888,1,1,0,0,1,0,0
84757,11,-5383,128,7888,1,1,0,0,1,0,0
84768,-7,-5369,128,7888,1,1,0,0,1,0,0
84778,-4,-5379,131,7888,1,1,0,0,1,0,0
84788,17,-5392,117,7888,1,1,0,0,1,0,0
84798,-1,-5386,143,7888,1,1,0,0,1,0,0
84808,-7,-5383,148,7888,1,1,0,0,1,0,0
84818,19,-5388,153,7888,1,1,0,0,1,0,0
84829,14,-5382,160,7888,1,1,0,0,1,0,0
84839,32,-5384,150,7888,1,1,0,0,1,0,0
84849,58,-5385,145,7888,1,1,0,0,1,0,0
84859,39,-5372,142,7888,1,1,0,0,1,0,0
84869,45,-5372,135,7888,1,1,0,0,1,0,0
84879,59,-5379,149,7888,1,1,0,0,1,0,0
84889,49,-5382,148,7888,1,1,0,0,1,0,0
84899,47,-5378,145,7888,1,1,0,0,1,0,0
84900,54,-5381,145,7888,1,1,0,0,1,0,0
84910,30,-5391,143,7888,1,1,0,0,1,0,0
84920,34,-5385,145,7888,1,1,0,0,1,0,0
84930,33,-5383,141,7967,1,1,0,0,1,0,0
84940,14,-5376,143,7967,1,1,1,0,1,0,0
84950,7,-5390,140,7967,1,1,0,0,1,0,0
84960,-5,-5383,145,7967,1,1,0,0,1,0,0
84970,13,-5385,142,7967,1,1,0,0,1,0,0
84980,4,-5381,141,7967,1,1,0,0,1,0,0
84991,1,-5386,125,7967,1,1,0,0,1,0,0
85001,24,-5382,144,7967,1,1,0,0,1,0,0
85011,14,-5388,143,7967,1,1,0,0,1,0,0
85021,18,-5376,142,7967,1,1,0,0,1,0,0
85031,30,-5387,140,7967,1,1,0,0,1,0,0
85041,31,-5390,149,7967,1,1,0,0,1,0,0
85051,57,-5374,147,7967,1,1,0,0,1,0,0
85061,41,-5363,152,7967,1,1,0,0,1,0,0
85072,49,-5382,143,7967,1,1,0,0,1,0,0
85082,55,-5383,155,7967,1,1,0,0,1,0,0
85092,30,-5386,145,7967,1,1,0,0,1,0,0
85102,41,-5375,145,7967,1,1,0,0,1,0,0
85112,43,-5387,156,7967,1,1,0,0,1,0,0
85122,40,-5379,136,7967,1,1,0,0,1,0,0
85132,17,-5393,149,7967,1,1,0,0,1,0,0
85142,4,-5391,143,7967,1,1,0,0,1,0,0
85152,23,-5385,145,7967,1,1,0,0,1,0,0
85162,4,-5383,145,7967,1,1,0,0,1,0,0
85172,12,-5385,134,7967,1,1,0,0,1,0,0
85182,19,-5379,152,7967,1,1,0,0,1,0,0
85192,12,-5383,146,7967,1,1,0,0,1,0,0
85202,15,-5383,125,7967,1,1,0,0,1,0,0
85212,18,-5385,146,7967,1,1,0,0,1,0,0
85222,2,-5380,147,7967,1,1,0,0,1,0,0
85233,30,-5382,146,7967,1,1,0,0,1,0,0
85243,40,-5380,147,7967,1,1,0,0,1,0,0
85253,34,-5389,141,7967,1,1,0,0,1,0,0
85263,48,-5381,148,7967,1,1,0,0,1,0,0
85273,46,-5382,145,7967,1,1,0,0,1,0,0
85283,47,-5385,150,7967,1,1,0,0,1,0,0
85293,44,-5398,147,7967,1,1,0,0,1,0,0
85303,35,-5378,147,7967,1,1,0,0,1,0,0
85314,40,-5379,141,7967,1,1,0,0,1,0,0
85324,30,-5365,157,7967,1,1,0,0,1,0,0
85334,9,-5374,150,7967,1,1,0,0,1,0,0
85344,32,-5393,151,7967,1,1,0,0,1,0,0
85354,0,-5397,147,7967,1,1,0,0,1,0,0
85364,8,-5389,137,7967,1,1,0,0,1,0,0
85374,22,-5393,145,7967,1,1,0,0,1,0,0
85384,9,-5386,136,7967,1,1,0,0,1,0,0
85394,15,-5372,133,7967,1,1,0,0,1,0,0
85404,32,-5378,136,7967,1,1,0,0,1,0,0
85414,18,-5383,136,7967,1,1,0,0,1,0,0
85424,25,-5383,143,7967,1,1,0,0,1,0,0
85434,35,-5374,152,7967,1,1,0,0,1,0,0
85444,35,-5386,160,7967,1,1,0,0,1,0,0
85454,40,-5386,142,7967,1,1,0,0,1,0,0
85464,38,-5378,163,8053,1,1,0,0,1,0,0
85474,29,-5382,162,8053,1,1,1,0,1,0,0
85475,42,-5393,139,8053,1,1,0,0,1,0,0
85485,43,-5375,148,8053,1,1,0,0,1,0,0
85495,33,-5370,161,8053,1,1,0,0,1,0,0
85505,50,-5375,135,8053,1,1,0,0,1,0,0
85519,18,-5389,136,8053,1,1,0,0,1,0,0
85529,22,-5379,141,8053,1,1,0,0,1,0,0
85539,17,-5379,150,8053,1,1,0,0,1,0,0
85550,-1,-5378,145,8053,1,1,0,0,1,0,0
85560,23,-5376,136,8053,1,1,0,0,1,0,0
85571,13,-5377,158,8053,1,1,0,0,1,0,0
85581,20,-5389,160,8053,1,1,0,0,1,0,0
85582,12,-5380,136,8053,1,1,0,0,1,0,0
85592,15,-5382,139,8053,1,1,0,0,1,0,0
85602,29,-5389,126,8053,1,1,0,0,1,0,0
85618,32,-5385,141,8053,1,1,0,0,1,0,0
85628,22,-5381,145,8053,1,1,0,0,1,0,0
85639,36,-5381,143,8053,1,1,0,0,1,0,0
85649,29,-5383,153,8053,1,1,0,0,1,0,0
85660,32,-5379,155,8053,1,1,0,0,1,0,0
85670,49,-5375,161,8053,1,1,0,0,1,0,0
85671,34,-5390,158,8053,1,1,0,0,1,0,0
85681,33,-5370,139,8053,1,1,0,0,1,0,0
85691,34,-5377,154,8053,1,1,0,0,1,0,0
85702,40,-5387,141,8053,1,1,0,0,1,0,0
85712,25,-5395,138,8053,1,1,0,0,1,0,0
85722,-1,-5393,142,8053,1,1,0,0,1,0,0
85732,26,-5392,147,8053,1,1,0,0,1,0,0
85742,11,-5370,143,8053,1,1,0,0,1,0,0
85752,17,-5380,137,8053,1,1,0,0,1,0,0
85764,9,-5382,160,8053,1,1,0,0,1,0,0
85774,1,-5384,136,8053,1,1,0,0,1,0,0
85785,15,-5385,135,8053,1,1,0,0,1,0,0
85795,12,-5394,148,8053,1,1,0,0,1,0,0
85806,14,-5377,142,8053,1,1,0,0,1,0,0
85816,21,-5366,136,8053,1,1,0,0,1,0,0
85827,23,-5386,151,8053,1,1,0,0,1,0,0
85837,31,-5383,143,8053,1,1,0,0,1,0,0
85848,46,-5369,161,8053,1,1,0,0,1,0,0
85858,14,-5382,142,8053,1,1,0,0,1,0,0
85869,41,-5384,152,8053,1,1,0,0,1,0,0
85879,41,-5380,155,8053,1,1,0,0,1,0,0
85889,31,-5385,131,8053,1,1,0,0,1,0,0
85899,32,-5387,130,8053,1,1,0,0,1,0,0
85909,13,-5371,149,8053,1,1,0,0,1,0,0
85919,32,-5379,147,8053,1,1,0,0,1,0,0
85929,43,-5376,152,8053,1,1,0,0,1,0,0
85939,9,-5364,149,8053,1,1,0,0,1,0,0
85949,6,-5374,130,8053,1,1,0,0,1,0,0
85950,26,-5377,148,8053,1,1,0,0,1,0,0
85960,14,-5378,144,8053,1,1,0,0,1,0,0
85970,32,-5385,149,8132,1,1,0,0,1,0,0
85980,19,-5382,142,8132,1,1,1,0,1,0,0
85990,11,-5368,145,8132,1,1,0,0,1,0,0
86000,33,-5373,132,8132,1,1,0,0,1,0,0
86010,19,-5379,140,8132,1,1,0,0,1,0,0
86020,19,-5372,146,8132,1,1,0,0,1,0,0
86030,33,-5377,144,8132,1,1,0,0,1,0,0
86040,9,-5380,154,8132,1,1,0,0,1,0,0
86050,20,-5379,143,8132,1,1,0,0,1,0,0
86060,45,-5388,156,8132,1,1,0,0,1,0,0
86070,23,-5377,155,8132,1,1,0,0,1,0,0
86080,18,-5390,129,8132,1,1,0,0,1,0,0
86090,28,-5380,140,8132,1,1,0,0,1,0,0
86100,36,-5380,140,8132,1,1,0,0,1,0,0
86111,37,-5383,138,8132,1,1,0,0,1,0,0
86121,22,-5372,138,8132,1,1,0,0,1,0,0
86131,14,-5383,135,8132,1,1,0,0,1,0,0
86141,23,-5378,145,8132,1,1,0,0,1,0,0
86151,15,-5372,141,8132,1,1,0,0,1,0,0
86161,22,-5383,141,8132,1,1,0,0,1,0,0
86171,28,-5386,162,8132,1,1,0,0,1,0,0
86181,9,-5389,148,8132,1,1,0,0,1,0,0
86191,16,-5373,127,8132,1,1,0,0,1,0,0
86201,6,-5374,141,8132,1,1,0,0,1,0,0
86211,15,-5367,126,8132,1,1,0,0,1,0,0
86221,34,-5379,145,8132,1,1,0,0,1,0,0
86231,32,-5390,143,8132,1,1,0,0,1,0,0
86241,40,-5373,146,8132,1,1,0,0,1,0,0
86251,24,-5373,145,8132,1,1,0,0,1,0,0
86261,36,-5383,157,8132,1,1,0,0,1,0,0
86272,50,-5381,147,8132,1,1,0,0,1,0,0
86282,36,-5377,149,8132,1,1,0,0,1,0,0
86292,34,-5387,145,8132,1,1,0,0,1,0,0
86302,28,-5379,149,8132,1,1,0,0,1,0,0
86312,17,-5368,153,8132,1,1,0,0,1,0,0
86322,33,-5389,141,8132,1,1,0,0,1,0,0
86332,21,-5384,145,8132,1,1,0,0,1,0,0
86342,28,-5388,136,8132,1,1,0,0,1,0,0
86353,16,-5382,155,8132,1,1,0,0,1,0,0
86363,15,-5384,140,8132,1,1,0,0,1,0,0
86373,41,-5366,141,8132,1,1,0,0,1,0,0
86383,13,-5376,137,8132,1,1,0,0,1,0,0
86393,22,-5392,142,8132,1,1,0,0,1,0,0
86403,37,-5386,154,8132,1,1,0,0,1,0,0
86413,20,-5391,146,8132,1,1,0,0,1,0,0
86423,29,-5380,144,8132,1,1,0,0,1,0,0
86433,28,-5386,161,8132,1,1,0,0,1,0,0
86443,22,-5381,146,8132,1,1,0,0,1,0,0
86453,29,-5390,136,8132,1,1,0,0,1,0,0
86463,34,-5375,141,8132,1,1,0,0,1,0,0
86473,17,-5377,150,8132,1,1,0,0,1,0,0
86483,26,-5385,139,8132,1,1,0,0,1,0,0
86493,26,-5387,144,8132,1,1,0,0,1,0,0
86503,39,-5378,149,8216,1,1,0,0,1,0,0
86513,28,-5378,143,8216,1,1,1,0,1,0,0
86519,17,-5371,147,8216,1,1,0,0,1,0,0
86529,26,-5381,141,8216,1,1,0,0,1,0,0
86539,18,-5379,139,8216,1,1,0,0,1,0,0
86549,2,-5370,152,8216,1,1,0,0,1,0,0
86560,22,-5379,129,8216,1,1,0,0,1,0,0
86570,18,-5375,148,8216,1,1,0,0,1,0,0
86581,4,-5383,150,8216,1,1,0,0,1,0,0
86591,29,-5395,145,8216,1,1,0,0,1,0,0
86596,18,-5375,145,8216,1,1,0,0,1,0,0
86606,19,-5377,135,8216,1,1,0,0,1,0,0
86616,37,-5386,125,8216,1,1,0,0,1,0,0
86627,37,-5389,155,8216,1,1,0,0,1,0,0
86637,5,-5382,164,8216,1,1,0,0,1,0,0
86648,31,-5378,136,8216,1,1,0,0,1,0,0
86658,24,-5380,147,8216,1,1,0,0,1,0,0
86669,10,-5394,136,8216,1,1,0,0,1,0,0
86679,34,-5386,149,8216,1,1,0,0,1,0,0
86690,18,-5367,156,8216,1,1,0,0,1,0,0
86700,26,-5391,142,8216,1,1,0,0,1,0,0
86701,29,-5389,141,8216,1,1,0,0,1,0,0
86711,18,-5379,143,8216,1,1,0,0,1,0,0
86721,36,-5385,136,8216,1,1,0,0,1,0,0
86732,25,-5382,144,8216,1,1,0,0,1,0,0
86742,16,-5388,139,8216,1,1,0,0,1,0,0
86743,34,-5378,137,8216,1,1,0,0,1,0,0
86753,20,-5377,156,8216,1,1,0,0,1,0,0
86763,19,-5375,147,8216,1,1,0,0,1,0,0
86789,20,-5378,149,8216,1,1,0,0,1,0,0
86799,15,-5388,157,8216,1,1,0,0,1,0,0
86809,17,-5384,124,8216,1,1,0,0,1,0,0
86819,36,-5389,139,8216,1,1,0,0,1,0,0
86820,25,-5375,149,8216,1,1,0,0,1,0,0
86830,35,-5379,149,8216,1,1,0,0,1,0,0
86841,39,-5392,148,8216,1,1,0,0,1,0,0
86851,27,-5394,154,8216,1,1,0,0,1,0,0
86862,52,-5380,146,8216,1,1,0,0,1,0,0
86872,23,-5380,152,8216,1,1,0,0,1,0,0
86882,19,-5384,136,8216,1,1,0,0,1,0,0
86892,36,-5387,139,8216,1,1,0,0,1,0,0
86902,8,-5377,151,8216,1,1,0,0,1,0,0
86912,26,-5391,153,8216,1,1,0,0,1,0,0
86922,22,-5382,157,8216,1,1,0,0,1,0,0
86932,12,-5377,149,8216,1,1,0,0,1,0,0
86942,10,-5387,134,8216,1,1,0,0,1,0,0
86952,8,-5383,130,8216,1,1,0,0,1,0,0
86962,30,-5379,143,8216,1,1,0,0,1,0,0
86972,21,-5383,141,8216,1,1,0,0,1,0,0
86982,15,-5390,139,8216,1,1,0,0,1,0,0
86992,13,-5380,145,8216,1,1,0,0,1,0,0
87006,22,-5389,139,8292,1,1,0,0,1,0,0
87016,28,-5387,141,8292,1,1,1,0,1,0,0
87017,19,-5384,147,8292,1,1,0,0,1,0,0
87027,18,-5381,141,8292,1,1,0,0,1,0,0
87037,47,-5377,133,8292,1,1,0,0,1,0,0
87047,33,-5375,157,8292,1,1,0,0,1,0,0
87057,27,-5390,147,8292,1,1,0,0,1,0,0
87067,31,-5379,134,8292,1,1,0,0,1,0,0
87077,23,-5378,143,8292,1,1,0,0,1,0,0
87087,33,-5380,135,8292,1,1,0,0,1,0,0
87097,23,-5383,139,8292,1,1,0,0,1,0,0
87108,13,-5387,145,8292,1,1,0,0,1,0,0
87118,32,-5386,141,8292,1,1,0,0,1,0,0
87128,29,-5370,143,8292,1,1,0,0,1,0,0
87138,13,-5375,139,8292,1,1,0,0,1,0,0
87148,17,-5377,142,8292,1,1,0,0,1,0,0
87158,21,-5375,158,8292,1,1,0,0,1,0,0
87168,14,-5386,162,8292,1,1,0,0,1,0,0
87178,25,-5392,149,8292,1,1,0,0,1,0,0
87188,31,-5378,154,8292,1,1,0,0,1,0,0
87198,21,-5376,140,8292,1,1,0,0,1,0,0
87208,33,-5390,133,8292,1,1,0,0,1,0,0
87218,34,-5382,164,8292,1,1,0,0,1,0,0
87228,11,-5378,151,8292,1,1,0,0,1,0,0
87238,21,-5383,134,8292,1,1,0,0,1,0,0
87248,31,-5390,158,8292,1,1,0,0,1,0,0
87258,17,-5384,156,8292,1,1,0,0,1,0,0
87269,31,-5385,141,8292,1,1,0,0,1,0,0
87279,16,-5376,159,8292,1,1,0,0,1,0,0
87289,9,-5374,150,8292,1,1,0,0,1,0,0
87299,25,-5363,138,8292,1,1,0,0,1,0,0
87309,14,-5379,140,8292,1,1,0,0,1,0,0
87319,22,-5385,135,8292,1,1,0,0,1,0,0
87329,37,-5383,144,8292,1,1,0,0,1,0,0
87339,20,-5384,152,8292,1,1,0,0,1,0,0
87349,30,-5383,147,8292,1,1,0,0,1,0,0
87359,29,-5390,147,8292,1,1,0,0,1,0,0
87369,25,-5389,148,8292,1,1,0,0,1,0,0
87379,38,-5386,149,8292,1,1,0,0,1,0,0
87389,29,-5387,154,8292,1,1,0,0,1,0,0
87399,22,-5384,137,8292,1,1,0,0,1,0,0
87409,43,-5387,153,8292,1,1,0,0,1,0,0
87419,22,-5397,146,8292,1,1,0,0,1,0,0
87430,28,-5379,141,8292,1,1,0,0,1,0,0
87440,30,-5378,151,8292,1,1,0,0,1,0,0
87450,24,-5383,151,8292,1,1,0,0,1,0,0
87460,34,-5390,131,8292,1,1,0,0,1,0,0
87470,14,-5379,143,8292,1,1,0,0,1,0,0
87480,6,-5386,140,8292,1,1,0,0,1,0,0
87490,35,-5388,152,8292,1,1,0,0,1,0,0
87500,30,-5382,136,8292,1,1,0,0,1,0,0
87510,38,-5370,138,8370,1,1,0,0,1,0,0
87520,32,-5389,143,8370,1,1,0,0,1,0,0
87530,14,-5399,151,8370,1,1,0,0,1,0,0
87540,34,-5378,147,8370,1,1,0,0,1,0,0
87550,21,-5379,145,8370,1,1,0,0,1,0,0
87560,29,-5376,128,8370,1,1,1,0,1,0,0
87561,24,-5381,146,8370,1,1,0,0,1,0,0
87571,31,-5393,149,8370,1,1,0,0,1,0,0
87582,37,-5387,137,8370,1,1,0,0,1,0,0
87592,19,-5382,159,8370,1,1,0,0,1,0,0
87602,26,-5383,150,8370,1,1,0,0,1,0,0
87612,45,-5379,150,8370,1,1,0,0,1,0,0
87622,29,-5379,164,8370,1,1,0,0,1,0,0
87632,23,-5381,139,8370,1,1,0,0,1,0,0
87642,30,-5385,141,8370,1,1,0,0,1,0,0
87652,18,-5376,151,8370,1,1,0,0,1,0,0
87663,17,-5389,138,8370,1,1,0,0,1,0,0
87673,30,-5390,141,8370,1,1,0,0,1,0,0
87683,14,-5384,147,8370,1,1,0,0,1,0,0
87693,29,-5383,147,8370,1,1,0,0,1,0,0
87703,34,-5397,145,8370,1,1,0,0,1,0,0
87713,15,-5381,151,8370,1,1,0,0,1,0,0
87723,31,-5373,148,8370,1,1,0,0,1,0,0
87733,17,-5390,156,8370,1,1,0,0,1,0,0
87743,23,-5382,154,8370,1,1,0,0,1,0,0
87753,27,-5371,136,8370,1,1,0,0,1,0,0
87765,27,-5381,152,8370,1,1,0,0,1,0,0
87775,27,-5384,140,8370,1,1,0,0,1,0,0
87786,39,-5388,136,8370,1,1,0,0,1,0,0
87796,15,-5383,151,8370,1,1,0,0,1,0,0
87807,16,-5384,141,8370,1,1,0,0,1,0,0
87817,40,-5382,146,8370,1,1,0,0,1,0,0
87822,32,-5388,142,8370,1,1,0,0,1,0,0
87832,14,-5385,145,8370,1,1,0,0,1,0,0
87842,34,-5389,159,8370,1,1,0,0,1,0,0
87852,29,-5375,153,8370,1,1,0,0,1,0,0
87862,16,-5386,138,8370,1,1,0,0,1,0,0
87873,44,-5389,144,8370,1,1,0,0,1,0,0
87883,18,-5384,149,8370,1,1,0,0,1,0,0
87894,20,-5391,137,8370,1,1,0,0,1,0,0
87904,24,-5396,153,8370,1,1,0,0,1,0,0
87915,20,-5391,135,8370,1,1,0,0,1,0,0
87925,27,-5383,141,8370,1,1,0,0,1,0,0
87935,26,-5378,157,8370,1,1,0,0,1,0,0
87945,14,-5397,146,8370,1,1,0,0,1,0,0
87955,45,-5385,135,8370,1,1,0,0,1,0,0
87965,20,-5391,142,8370,1,1,0,0,1,0,0
87975,24,-5385,150,8370,1,1,0,0,1,0,0
87985,30,-5384,156,8370,1,1,0,0,1,0,0
87995,24,-5390,152,8370,1,1,0,0,1,0,0
88005,39,-5379,139,8370,1,1,0,0,1,0,0
88015,29,-5374,145,8370,1,1,0,0,1,0,0
88025,21,-5388,149,8370,1,1,0,0,1,0,0
88035,25,-5388,138,8370,1,1,0,0,1,0,0
88045,35,-5391,154,8370,1,1,0,0,1,0,0
88055,13,-5379,148,8451,1,1,0,0,1,0,0
88065,44,-5367,143,8451,1,1,1,0,1,0,0
88066,27,-5387,138,8451,1,1,0,0,1,0,0
88076,30,-5391,148,8451,1,1,0,0,1,0,0
88086,29,-5386,157,8451,1,1,0,0,1,0,0
88096,27,-5379,146,8451,1,1,0,0,1,0,0
88106,43,-5385,133,8451,1,1,0,0,1,0,0
88116,24,-5390,144,8451,1,1,0,0,1,0,0
88126,27,-5398,148,8451,1,1,0,0,1,0,0
88136,21,-5380,159,8451,1,1,0,0,1,0,0
88146,15,-5373,136,8451,1,1,0,0,1,0,0
88156,33,-5379,149,8451,1,1,0,0,1,0,0
88166,23,-5382,153,8451,1,1,0,0,1,0,0
88176,28,-5383,142,8451,1,1,0,0,1,0,0
88186,24,-5380,164,8451,1,1,0,0,1,0,0
88196,27,-5395,137,8451,1,1,0,0,1,0,0
88206,33,-5387,141,8451,1,1,0,0,1,0,0
88216,33,-5387,150,8451,1,1,0,0,1,0,0
88226,16,-5394,134,8451,1,1,0,0,1,0,0
88236,26,-5398,132,8451,1,1,0,0,1,0,0
88246,19,-5374,149,8451,1,1,0,0,1,0,0
88256,18,-5374,144,8451,1,1,0,0,1,0,0
88266,44,-5396,139,8451,1,1,0,0,1,0,0
88276,29,-5388,159,8451,1,1,0,0,1,0,0
88286,23,-5393,145,8451,1,1,0,0,1,0,0
88296,33,-5381,144,8451,1,1,0,0,1,0,0
88306,12,-5370,143,8451,1,1,0,0,1,0,0
88317,21,-5379,144,8451,1,1,0,0,1,0,0
88327,37,-5388,140,8451,1,1,0,0,1,0,0
88337,20,-5387,156,8451,1,1,0,0,1,0,0
88347,30,-5390,146,8451,1,1,0,0,1,0,0
88357,30,-5382,147,8451,1,1,0,0,1,0,0
88367,29,-5383,146,8451,1,1,0,0,1,0,0
88377,21,-5387,143,8451,1,1,0,0,1,0,0
88387,20,-5380,148,8451,1,1,0,0,1,0,0
88397,22,-5375,151,8451,1,1,0,0,1,0,0
88407,36,-5377,140,8451,1,1,0,0,1,0,0
88417,26,-5375,140,8451,1,1,0,0,1,0,0
88427,18,-5387,140,8451,1,1,0,0,1,0,0
88437,35,-5389,133,8451,1,1,0,0,1,0,0
88447,11,-5369,141,8451,1,1,0,0,1,0,0
88457,18,-5374,143,8451,1,1,0,0,1,0,0
88467,38,-5391,144,8451,1,1,0,0,1,0,0
88478,20,-5380,144,8451,1,1,0,0,1,0,0
88488,1,-5375,142,8451,1,1,0,0,1,0,0
88498,43,-5388,151,8451,1,1,0,0,1,0,0
88508,20,-5388,157,8451,1,1,0,0,1,0,0
88513,23,-5396,146,8451,1,1,0,0,1,0,0
88523,24,-5388,153,8451,1,1,0,0,1,0,0
88533,8,-5379,152,8451,1,1,0,0,1,0,0
88543,24,-5372,149,8451,1,1,0,0,1,0,0
88553,21,-5388,152,8451,1,1,0,0,1,0,0
88563,23,-5378,139,8451,1,1,0,0,1,0,0
88574,42,-5381,140,8518,1,1,0,0,1,0,0
88584,27,-5382,141,8518,1,1,1,0,1,0,0
88599,29,-5374,146,8518,1,1,0,0,1,0,0
88609,30,-5394,151,8518,1,1,0,0,1,0,0
88610,16,-5388,151,8518,1,1,0,0,1,0,0
88620,18,-5390,130,8518,1,1,0,0,1,0,0
88630,31,-5398,165,8518,1,1,0,0,1,0,0
88641,20,-5398,161,8518,1,1,0,0,1,0,0
88651,20,-5387,132,8518,1,1,0,0,1,0,0
88662,28,-5386,156,8518,1,1,0,0,1,0,0
88672,17,-5381,138,8518,1,1,0,0,1,0,0
88683,23,-5381,149,8518,1,1,0,0,1,0,0
88693,20,-5384,132,8518,1,1,0,0,1,0,0
88703,24,-5389,134,8518,1,1,0,0,1,0,0
88713,17,-5381,150,8518,1,1,0,0,1,0,0
88723,33,-5381,150,8518,1,1,0,0,1,0,0
88733,49,-5385,151,8518,1,1,0,0,1,0,0
88743,19,-5383,153,8518,1,1,0,0,1,0,0
88753,31,-5383,146,8518,1,1,0,0,1,0,0
88765,24,-5390,165,8518,1,1,0,0,1,0,0
88775,24,-5385,151,8518,1,1,0,0,1,0,0
88786,39,-5376,148,8518,1,1,0,0,1,0,0
88796,13,-5380,151,8518,1,1,0,0,1,0,0
88807,17,-5383,156,8518,1,1,0,0,1,0,0
88817,38,-5392,142,8518,1,1,0,0,1,0,0
88818,11,-5387,153,8518,1,1,0,0,1,0,0
88828,30,-5386,152,8518,1,1,0,0,1,0,0
88838,31,-5377,151,8518,1,1,0,0,1,0,0
88849,12,-5391,150,8518,1,1,0,0,1,0,0
88859,21,-5394,134,8518,1,1,0,0,1,0,0
88869,24,-5379,148,8518,1,1,0,0,1,0,0
88879,9,-5392,150,8518,1,1,0,0,1,0,0
88889,24,-5390,134,8518,1,1,0,0,1,0,0
88899,32,-5389,148,8518,1,1,0,0,1,0,0
88909,13,-5387,139,8518,1,1,0,0,1,0,0
88919,31,-5395,149,8518,1,1,0,0,1,0,0
88930,27,-5391,155,8518,1,1,0,0,1,0,0
88940,27,-5382,152,8518,1,1,0,0,1,0,0
88950,45,-5382,142,8518,1,1,0,0,1,0,0
88960,17,-5378,160,8518,1,1,0,0,1,0,0
88970,17,-5385,142,8518,1,1,0,0,1,0,0
88980,33,-5381,151,8518,1,1,0,0,1,0,0
88990,26,-5385,146,8518,1,1,0,0,1,0,0
89000,29,-5390,146,8518,1,1,0,0,1,0,0
89010,44,-5383,133,8518,1,1,0,0,1,0,0
89020,31,-5384,156,8518,1,1,0,0,1,0,0
89030,23,-5386,147,8518,1,1,0,0,1,0,0
89040,28,-5379,151,8518,1,1,0,0,1,0,0
89050,23,-5384,161,8518,1,1,0,0,1,0,0
89060,14,-5380,137,8518,1,1,0,0,1,0,0
89070,32,-5383,151,8518,1,1,0,0,1,0,0
89080,17,-5388,151,8518,1,1,0,0,1,0,0
89085,25,-5388,145,8592,1,1,0,0,1,0,0
89095,20,-5378,147,8592,1,1,0,0,1,0,0
89105,20,-5379,132,8592,1,1,1,0,1,0,0
89116,18,-5381,142,8592,1,1,0,0,1,0,0
89126,28,-5388,146,8592,1,1,0,0,1,0,0
89137,21,-5385,134,8592,1,1,0,0,1,0,0
89147,31,-5379,146,8592,1,1,0,0,1,0,0
89158,29,-5380,148,8592,1,1,0,0,1,0,0
89168,38,-5385,133,8592,1,1,0,0,1,0,0
89179,33,-5382,147,8592,1,1,0,0,1,0,0
89189,27,-5388,136,8592,1,1,0,0,1,0,0
89200,41,-5396,147,8592,1,1,0,0,1,0,0
89210,24,-5375,158,8592,1,1,0,0,1,0,0
89221,18,-5377,146,8592,1,1,0,0,1,0,0
89231,39,-5390,138,8592,1,1,0,0,1,0,0
89242,22,-5390,160,8592,1,1,0,0,1,0,0
89252,14,-5384,141,8592,1,1,0,0,1,0,0
89253,48,-5384,145,8592,1,1,0,0,1,0,0
89263,27,-5386,146,8592,1,1,0,0,1,0,0
89273,24,-5384,130,8592,1,1,0,0,1,0,0
89283,39,-5390,153,8592,1,1,0,0,1,0,0
89293,20,-5382,149,8592,1,1,0,0,1,0,0
89303,36,-5385,152,8592,1,1,0,0,1,0,0
89313,23,-5387,147,8592,1,1,0,0,1,0,0
89323,28,-5384,143,8592,1,1,0,0,1,0,0
89333,28,-5386,155,8592,1,1,0,0,1,0,0
89344,19,-5378,129,8592,1,1,0,0,1,0,0
89354,36,-5383,149,8592,1,1,0,0,1,0,0
89364,16,-5380,158,8592,1,1,0,0,1,0,0
89374,36,-5383,143,8592,1,1,0,0,1,0,0
89384,32,-5384,159,8592,1,1,0,0,1,0,0
89394,9,-5395,151,8592,1,1,0,0,1,0,0
89404,25,-5389,139,8592,1,1,0,0,1,0,0
89414,28,-5372,147,8592,1,1,0,0,1,0,0
89424,19,-5390,150,8592,1,1,0,0,1,0,0
89434,23,-5387,135,8592,1,1,0,0,1,0,0
89444,19,-5382,147,8592,1,1,0,0,1,0,0
89454,23,-5380,147,8592,1,1,0,0,1,0,0
89464,29,-5377,137,8592,1,1,0,0,1,0,0
89474,22,-5379,148,8592,1,1,0,0,1,0,0
89484,23,-5394,140,8592,1,1,0,0,1,0,0
89494,22,-5386,160,8592,1,1,0,0,1,0,0
89505,15,-5388,140,8592,1,1,0,0,1,0,0
89515,21,-5393,138,8592,1,1,0,0,1,0,0
89523,30,-5391,149,8592,1,1,0,0,1,0,0
89533,26,-5366,141,8592,1,1,0,0,1,0,0
89543,42,-5400,142,8592,1,1,0,0,1,0,0
89553,22,-5376,152,8592,1,1,0,0,1,0,0
89564,10,-5375,139,8592,1,1,0,0,1,0,0
89574,34,-5389,150,8592,1,1,0,0,1,0,0
89585,33,-5381,145,8592,1,1,0,0,1,0,0
89595,16,-5385,153,8592,1,1,0,0,1,0,0
89600,18,-5385,145,8659,1,1,0,0,1,0,0
89610,25,-5389,138,8659,1,1,0,0,1,0,0
89620,18,-5370,145,8659,1,1,1,0,1,0,0
89630,16,-5380,132,8659,1,1,0,0,1,0,0
89640,17,-5389,136,8659,1,1,0,0,1,0,0
89651,0,-5387,147,8659,1,1,0,0,1,0,0
89661,27,-5380,136,8659,1,1,0,0,1,0,0
89672,23,-5376,137,8659,1,1,0,0,1,0,0
89682,27,-5389,144,8659,1,1,0,0,1,0,0
89693,43,-5378,142,8659,1,1,0,0,1,0,0
89703,34,-5390,144,8659,1,1,0,0,1,0,0
89714,34,-5398,140,8659,1,1,0,0,1,0,0
89724,15,-5372,140,8659,1,1,0,0,1,0,0
89735,16,-5383,137,8659,1,1,0,0,1,0,0
89745,38,-5392,165,8659,1,1,0,0,1,0,0
89756,23,-5378,152,8659,1,1,0,0,1,0,0
89766,31,-5370,143,8659,1,1,0,0,1,0,0
89776,35,-5377,145,8659,1,1,0,0,1,0,0
89787,10,-5400,148,8659,1,1,0,0,1,0,0
89797,2,-5378,138,8659,1,1,0,0,1,0,0
89807,20,-5369,152,8659,1,1,0,0,1,0,0
89817,10,-5389,164,8659,1,1,0,0,1,0,0
89827,10,-5387,129,8659,1,1,0,0,1,0,0
89837,12,-5378,131,8659,1,1,0,0,1,0,0
89847,-1,-5385,146,8659,1,1,0,0,1,0,0
89857,10,-5387,133,8659,1,1,0,0,1,0,0
89867,17,-5374,131,8659,1,1,0,0,1,0,0
89868,24,-5384,145,8659,1,1,0,0,1,0,0
89878,34,-5396,148,8659,1,1,0,0,1,0,0
89888,31,-5377,151,8659,1,1,0,0,1,0,0
89898,45,-5370,140,8659,1,1,0,0,1,0,0
89908,34,-5386,162,8659,1,1,0,0,1,0,0
89918,34,-5377,147,8659,1,1,0,0,1,0,0
89928,53,-5366,132,8659,1,1,0,0,1,0,0
89938,35,-5383,151,8659,1,1,0,0,1,0,0
89948,42,-5381,161,8659,1,1,0,0,1,0,0
89958,28,-5377,149,8659,1,1,0,0,1,0,0
89968,19,-5376,140,8659,1,1,0,0,1,0,0
89978,33,-5390,142,8659,1,1,0,0,1,0,0
89988,20,-5388,140,8659,1,1,0,0,1,0,0
89998,5,-5378,135,8659,1,1,0,0,1,0,0
90008,6,-5372,129,8659,1,1,0,0,1,0,0
90018,-5,-5386,141,8659,1,1,0,0,1,0,0
90029,9,-5384,142,8659,1,1,0,0,1,0,0
90039,-1,-5389,161,8659,1,1,0,0,1,0,0
90049,1,-5378,142,8659,1,1,0,0,1,0,0
90059,21,-5384,143,8659,1,1,0,0,1,0,0
90069,13,-5376,167,8659,1,1,0,0,1,0,0
90079,5,-5381,140,8659,1,1,0,0,1,0,0
90089,26,-5384,133,8659,1,1,0,0,1,0,0
90099,24,-5383,150,8659,1,1,0,0,1,0,0
90110,17,-5377,151,8659,1,1,0,0,1,0,0
90120,42,-5384,139,8659,1,1,0,0,1,0,0
90124,34,-5373,147,8725,1,1,0,0,1,0,0
90134,39,-5388,133,8725,1,1,0,0,1,0,0
90144,45,-5380,147,8725,1,1,1,0,1,0,0
90155,36,-5373,151,8725,1,1,0,0,1,0,0
90165,38,-5379,145,8725,1,1,0,0,1,0,0
90176,42,-5379,160,8725,1,1,0,0,1,0,0
90186,34,-5384,164,8725,1,1,0,0,1,0,0
90197,10,-5387,156,8725,1,1,0,0,1,0,0
90207,21,-5381,159,8725,1,1,0,0,1,0,0
90218,9,-5387,136,8725,1,1,0,0,1,0,0
90228,13,-5392,130,8725,1,1,0,0,1,0,0
90239,38,-5388,148,8725,1,1,0,0,1,0,0
90249,12,-5376,126,8725,1,1,0,0,1,0,0
90260,20,-5386,145,8725,1,1,0,0,1,0,0
90270,15,-5395,146,8725,1,1,0,0,1,0,0
90281,20,-5379,140,8725,1,1,0,0,1,0,0
90291,46,-5374,147,8725,1,1,0,0,1,0,0
90301,44,-5372,152,8725,1,1,0,0,1,0,0
90311,14,-5382,145,8725,1,1,0,0,1,0,0
90321,45,-5383,140,8725,1,1,0,0,1,0,0
90331,35,-5387,148,8725,1,1,0,0,1,0,0
90341,34,-5385,140,8725,1,1,0,0,1,0,0
90351,38,-5389,145,8725,1,1,0,0,1,0,0
90361,25,-5381,147,8725,1,1,0,0,1,0,0
90371,32,-5386,138,8725,1,1,0,0,1,0,0
90381,24,-5390,132,8725,1,1,0,0,1,0,0
90391,28,-5389,138,8725,1,1,0,0,1,0,0
90401,24,-5392,140,8725,1,1,0,0,1,0,0
90411,17,-5387,159,8725,1,1,0,0,1,0,0
90421,15,-5383,147,8725,1,1,0,0,1,0,0
90431,21,-5390,134,8725,1,1,0,0,1,0,0
90441,10,-5388,156,8725,1,1,0,0,1,0,0
90451,14,-5382,144,8725,1,1,0,0,1,0,0
90461,38,-5383,149,8725,1,1,0,0,1,0,0
90471,18,-5387,155,8725,1,1,0,0,1,0,0
90481,32,-5378,127,8725,1,1,0,0,1,0,0
90491,17,-5383,145,8725,1,1,0,0,1,0,0
90501,30,-5389,134,8725,1,1,0,0,1,0,0
90511,39,-5385,130,8725,1,1,0,0,1,0,0
90521,36,-5382,143,8725,1,1,0,0,1,0,0
90527,41,-5379,142,8725,1,1,0,0,1,0,0
90537,34,-5385,145,8725,1,1,0,0,1,0,0
90547,43,-5384,147,8725,1,1,0,0,1,0,0
90557,44,-5372,155,8725,1,1,0,0,1,0,0
90568,32,-5377,158,8725,1,1,0,0,1,0,0
90578,36,-5378,132,8725,1,1,0,0,1,0,0
90579,24,-5386,139,8725,1,1,0,0,1,0,0
90589,2,-5380,145,8725,1,1,0,0,1,0,0
90599,17,-5388,138,8725,1,1,0,0,1,0,0
90610,-7,-5370,154,8725,1,1,0,0,1,0,0
90620,-8,-5378,148,8725,1,1,0,0,1,0,0
90630,8,-5401,142,8725,1,1,0,0,1,0,0
90640,9,-5364,152,8725,1,1,0,0,1,0,0
90654,18,-5371,141,8785,1,1,0,0,1,0,0
90664,35,-5411,138,8785,1,1,1,0,1,0,0
90675,30,-5391,122,8785,1,1,0,0,1,0,0
90685,28,-5379,141,8785,1,1,0,0,1,0,0
90696,36,-5389,155,8785,1,1,0,0,1,0,0
90706,47,-5390,154,8785,1,1,0,0,1,0,0
90716,48,-5379,159,8785,1,1,0,0,1,0,0
90726,53,-5375,141,8785,1,1,0,0,1,0,0
90736,35,-5389,145,8785,1,1,0,0,1,0,0
90746,38,-5386,130,8785,1,1,0,0,1,0,0
90756,33,-5386,143,8785,1,1,0,0,1,0,0
90766,17,-5393,146,8785,1,1,0,0,1,0,0
90776,27,-5393,146,8785,1,1,0,0,1,0,0
90777,16,-5377,159,8785,1,1,0,0,1,0,0
90787,-8,-5382,145,8785,1,1,0,0,1,0,0
90797,15,-5388,131,8785,1,1,0,0,1,0,0
90807,19,-5377,141,8785,1,1,0,0,1,0,0
90817,-3,-5384,130,8785,1,1,0,0,1,0,0
90827,2,-5389,130,8785,1,1,0,0,1,0,0
90837,16,-5381,142,8785,1,1,0,0,1,0,0
90847,8,-5381,154,8785,1,1,0,0,1,0,0
90857,32,-5378,138,8785,1,1,0,0,1,0,0
90868,27,-5387,146,8785,1,1,0,0,1,0,0
90878,14,-5368,161,8785,1,1,0,0,1,0,0
90888,44,-5375,146,8785,1,1,0,0,1,0,0
90898,38,-5383,155,8785,1,1,0,0,1,0,0
90908,34,-5381,159,8785,1,1,0,0,1,0,0
90918,49,-5387,133,8785,1,1,0,0,1,0,0
90928,21,-5394,146,8785,1,1,0,0,1,0,0
90938,36,-5379,139,8785,1,1,0,0,1,0,0
90949,42,-5373,141,8785,1,1,0,0,1,0,0
90959,15,-5390,142,8785,1,1,0,0,1,0,0
90969,29,-5380,140,8785,1,1,0,0,1,0,0
90979,13,-5378,147,8785,1,1,0,0,1,0,0
90989,0,-5384,142,8785,1,1,0,0,1,0,0
90999,22,-5386,141,8785,1,1,0,0,1,0,0
91009,-2,-5382,150,8785,1,1,0,0,1,0,0
91019,10,-5384,160,8785,1,1,0,0,1,0,0
91030,20,-5387,146,8785,1,1,0,0,1,0,0
91040,16,-5390,143,8785,1,1,0,0,1,0,0
91050,19,-5387,144,8785,1,1,0,0,1,0,0
91060,41,-5386,142,8785,1,1,0,0,1,0,0
91070,19,-5388,146,8785,1,1,0,0,1,0,0
91080,22,-5388,133,8785,1,1,0,0,1,0,0
91090,38,-5391,146,8785,1,1,0,0,1,0,0
91100,37,-5381,138,8785,1,1,0,0,1,0,0
91110,40,-5367,143,8785,1,1,0,0,1,0,0
91120,28,-5387,154,8785,1,1,0,0,1,0,0
91130,37,-5383,146,8785,1,1,0,0,1,0,0
91140,24,-5379,169,8785,1,1,0,0,1,0,0
91150,38,-5390,138,8785,1,1,0,0,1,0,0
91160,36,-5374,141,8785,1,1,0,0,1,0,0
91164,33,-5380,136,8858,1,1,0,0,1,0,0
91174,27,-5385,126,8858,1,1,0,0,1,0,0
91184,23,-5387,139,8858,1,1,1,0,1,0,0
91195,1,-5389,136,8858,1,1,0,0,1,0,0
91205,21,-5393,148,8858,1,1,0,0,1,0,0
91215,26,-5384,161,8858,1,1,0,0,1,0,0
91225,0,-5392,142,8858,1,1,0,0,1,0,0
91235,29,-5393,142,8858,1,1,0,0,1,0,0
91245,24,-5374,149,8858,1,1,0,0,1,0,0
91255,13,-5381,141,8858,1,1,0,0,1,0,0
91265,35,-5388,140,8858,1,1,0,0,1,0,0
91276,32,-5380,154,8858,1,1,0,0,1,0,0
91286,21,-5390,147,8858,1,1,0,0,1,0,0
91296,32,-5388,154,8858,1,1,0,0,1,0,0
91306,28,-5378,143,8858,1,1,0,0,1,0,0
91316,33,-5391,129,8858,1,1,0,0,1,0,0
91326,32,-5396,139,8858,1,1,0,0,1,0,0
91336,16,-5380,137,8858,1,1,0,0,1,0,0
91346,27,-5376,154,8858,1,1,0,0,1,0,0
91356,22,-5383,142,8858,1,1,0,0,1,0,0
91366,9,-5381,141,8858,1,1,0,0,1,0,0
91376,22,-5382,129,8858,1,1,0,0,1,0,0
91386,23,-5386,134,8858,1,1,0,0,1,0,0
91396,2,-5380,139,8858,1,1,0,0,1,0,0
91406,17,-5383,130,8858,1,1,0,0,1,0,0
91416,31,-5387,140,8858,1,1,0,0,1,0,0
91426,26,-5369,154,8858,1,1,0,0,1,0,0
91437,22,-5374,139,8858,1,1,0,0,1,0,0
91447,24,-5374,145,8858,1,1,0,0,1,0,0
91457,27,-5392,139,8858,1,1,0,0,1,0,0
91467,31,-5396,137,8858,1,1,0,0,1,0,0
91477,28,-5383,163,8858,1,1,0,0,1,0,0
91487,21,-5388,145,8858,1,1,0,0,1,0,0
91497,34,-5389,143,8858,1,1,0,0,1,0,0
91507,23,-5377,151,8858,1,1,0,0,1,0,0
91517,28,-5391,164,8858,1,1,0,0,1,0,0
91527,45,-5380,152,8858,1,1,0,0,1,0,0
91529,28,-5389,146,8858,1,1,0,0,1,0,0
91539,24,-5390,137,8858,1,1,0,0,1,0,0
91549,15,-5370,148,8858,1,1,0,0,1,0,0
91559,18,-5380,140,8858,1,1,0,0,1,0,0
91569,35,-5376,132,8858,1,1,0,0,1,0,0
91580,4,-5395,154,8858,1,1,0,0,1,0,0
91590,6,-5393,137,8858,1,1,0,0,1,0,0
91601,22,-5378,126,8858,1,1,0,0,1,0,0
91611,15,-5375,147,8858,1,1,0,0,1,0,0
91622,14,-5376,148,8858,1,1,0,0,1,0,0
91632,34,-5398,147,8858,1,1,0,0,1,0,0
91642,17,-5385,163,8858,1,1,0,0,1,0,0
91652,28,-5379,143,8858,1,1,0,0,1,0,0
91662,35,-5375,152,8858,1,1,0,0,1,0,0
91672,24,-5375,145,8858,1,1,0,0,1,0,0
91682,39,-5381,143,8858,1,1,0,0,1,0,0
91692,29,-5383,144,8858,1,1,0,0,1,0,0
91697,23,-5375,124,8924,1,1,0,0,1,0,0
91707,24,-5387,153,8924,1,1,0,0,1,0,0
91717,25,-5373,151,8924,1,1,1,0,1,0,0
91728,46,-5380,161,8924,1,1,0,0,1,0,0
91738,4,-5374,150,8924,1,1,0,0,1,0,0
91749,29,-5371,135,8924,1,1,0,0,1,0,0
91759,26,-5372,165,8924,1,1,0,0,1,0,0
91770,11,-5389,163,8924,1,1,0,0,1,0,0
91780,29,-5382,139,8924,1,1,0,0,1,0,0
91791,30,-5378,146,8924,1,1,0,0,1,0,0
91801,19,-5385,138,8924,1,1,0,0,1,0,0
91811,24,-5386,126,8924,1,1,0,0,1,0,0
91821,15,-5384,147,8924,1,1,0,0,1,0,0
91831,18,-5380,145,8924,1,1,0,0,1,0,0
91841,30,-5392,138,8924,1,1,0,0,1,0,0
91851,26,-5389,146,8924,1,1,0,0,1,0,0
91861,12,-5374,145,8924,1,1,0,0,1,0,0
91872,30,-5384,159,8924,1,1,0,0,1,0,0
91882,27,-5391,153,8924,1,1,0,0,1,0,0
91892,30,-5391,159,8924,1,1,0,0,1,0,0
91902,33,-5379,141,8924,1,1,0,0,1,0,0
91912,28,-5383,149,8924,1,1,0,0,1,0,0
91922,41,-5386,135,8924,1,1,0,0,1,0,0
91932,28,-5381,138,8924,1,1,0,0,1,0,0
91942,18,-5380,135,8924,1,1,0,0,1,0,0
91945,27,-5385,150,8924,1,1,0,0,1,0,0
91955,23,-5383,144,8924,1,1,0,0,1,0,0
91965,0,-5375,149,8924,1,1,0,0,1,0,0
91975,36,-5386,141,8924,1,1,0,0,1,0,0
91985,18,-5381,153,8924,1,1,0,0,1,0,0
91995,4,-5362,147,8924,1,1,0,0,1,0,0
92005,29,-5379,141,8924,1,1,0,0,1,0,0
92015,32,-5372,157,8924,1,1,0,0,1,0,0
92025,16,-5374,155,8924,1,1,0,0,1,0,0
92035,35,-5382,160,8924,1,1,0,0,1,0,0
92045,20,-5388,156,8924,1,1,0,0,1,0,0
92056,8,-5374,131,8924,1,1,0,0,1,0,0
92066,38,-5369,120,8924,1,1,0,0,1,0,0
92077,34,-5393,157,8924,1,1,0,0,1,0,0
92087,14,-5389,136,8924,1,1,0,0,1,0,0
92098,20,-5377,137,8924,1,1,0,0,1,0,0
92108,18,-5382,152,8924,1,1,0,0,1,0,0
92119,33,-5394,138,8924,1,1,0,0,1,0,0
92129,21,-5386,150,8924,1,1,0,0,1,0,0
92139,13,-5373,150,8924,1,1,0,0,1,0,0
92149,20,-5383,148,8924,1,1,0,0,1,0,0
92159,13,-5379,141,8924,1,1,0,0,1,0,0
92169,32,-5383,139,8924,1,1,0,0,1,0,0
92179,39,-5384,147,8924,1,1,0,0,1,0,0
92189,22,-5378,139,8924,1,1,0,0,1,0,0
92200,23,-5372,129,8924,1,1,0,0,1,0,0
92210,26,-5384,154,8924,1,1,0,0,1,0,0
92220,18,-5390,142,8983,1,1,0,0,1,0,0
92230,28,-5382,144,8983,1,1,1,0,1,0,0
92240,30,-5376,156,8983,1,1,0,0,1,0,0
92250,31,-5381,155,8983,1,1,0,0,1,0,0
92260,41,-5381,142,8983,1,1,0,0,1,0,0
92270,22,-5392,138,8983,1,1,0,0,1,0,0
92280,27,-5383,139,8983,1,1,0,0,1,0,0
92290,25,-5382,148,8983,1,1,0,0,1,0,0
92300,30,-5390,138,8983,1,1,0,0,1,0,0
92310,23,-5380,122,8983,1,1,0,0,1,0,0
92320,16,-5365,148,8983,1,1,0,0,1,0,0
92330,27,-5379,148,8983,1,1,0,0,1,0,0
92340,33,-5383,145,8983,1,1,0,0,1,0,0
92350,10,-5390,157,8983,1,1,0,0,1,0,0
92360,20,-5390,158,8983,1,1,0,0,1,0,0
92361,19,-5388,140,8983,1,1,0,0,1,0,0
92371,17,-5391,149,8983,1,1,0,0,1,0,0
92381,26,-5386,140,8983,1,1,0,0,1,0,0
92391,11,-5392,128,8983,1,1,0,0,1,0,0
92401,29,-5393,129,8983,1,1,0,0,1,0,0
92411,32,-5388,149,8983,1,1,0,0,1,0,0
92421,20,-5377,157,8983,1,1,0,0,1,0,0
92431,28,-5381,149,8983,1,1,0,0,1,0,0
92442,24,-5378,150,8983,1,1,0,0,1,0,0
92452,0,-5393,131,8983,1,1,0,0,1,0,0
92462,33,-5383,139,8983,1,1,0,0,1,0,0
92472,26,-5384,146,8983,1,1,0,0,1,0,0
92482,26,-5385,159,8983,1,1,0,0,1,0,0
92492,44,-5385,154,8983,1,1,0,0,1,0,0
92502,32,-5387,141,8983,1,1,0,0,1,0,0
92512,33,-5387,130,8983,1,1,0,0,1,0,0
92519,25,-5378,138,8983,1,1,0,0,1,0,0
92529,22,-5388,143,8983,1,1,0,0,1,0,0
92539,21,-5397,144,8983,1,1,0,0,1,0,0
92549,34,-5371,159,8983,1,1,0,0,1,0,0
92559,14,-5375,158,8983,1,1,0,0,1,0,0
92569,27,-5384,139,8983,1,1,0,0,1,0,0
92580,33,-5371,160,8983,1,1,0,0,1,0,0
92590,4,-5381,142,8983,1,1,0,0,1,0,0
92605,28,-5391,141,8983,1,1,0,0,1,0,0
92615,27,-5375,156,8983,1,1,0,0,1,0,0
92626,24,-5383,143,8983,1,1,0,0,1,0,0
92636,32,-5382,149,8983,1,1,0,0,1,0,0
92637,27,-5384,158,8983,1,1,0,0,1,0,0
92647,22,-5378,131,8983,1,1,0,0,1,0,0
92657,43,-5389,143,8983,1,1,0,0,1,0,0
92668,29,-5381,154,8983,1,1,0,0,1,0,0
92678,18,-5385,141,8983,1,1,0,0,1,0,0
92689,40,-5383,140,8983,1,1,0,0,1,0,0
92699,21,-5382,145,8983,1,1,0,0,1,0,0
92710,28,-5392,137,8983,1,1,0,0,1,0,0
92720,26,-5376,156,8983,1,1,0,0,1,0,0
92721,21,-5374,154,9043,1,1,0,0,1,0,0
92731,31,-5384,151,9043,1,1,0,0,1,0,0
92741,12,-5376,152,9043,1,1,1,0,1,0,0
92761,18,-5365,154,9043,1,1,0,0,1,0,0
92769,29,-5373,145,9043,1,1,0,0,1,0,0
92779,15,-5391,153,9043,1,1,0,0,1,0,0
92789,29,-5382,132,9043,1,1,0,0,1,0,0
92800,36,-5380,148,9043,1,1,0,0,1,0,0
92810,15,-5377,156,9043,1,1,0,0,1,0,0
92821,35,-5368,139,9043,1,1,0,0,1,0,0
92831,21,-5370,169,9043,1,1,0,0,1,0,0
92842,14,-5380,153,9043,1,1,0,0,1,0,0
92852,32,-5392,137,9043,1,1,0,0,1,0,0
92863,20,-5388,152,9043,1,1,0,0,1,0,0
92873,22,-5379,140,9043,1,1,0,0,1,0,0
92883,26,-5375,143,9043,1,1,0,0,1,0,0
92893,27,-5389,133,9043,1,1,0,0,1,0,0
92903,44,-5376,139,9043,1,1,0,0,1,0,0
92913,19,-5377,145,9043,1,1,0,0,1,0,0
92923,15,-5389,143,9043,1,1,0,0,1,0,0
92933,19,-5391,153,9043,1,1,0,0,1,0,0
92943,25,-5392,142,9043,1,1,0,0,1,0,0
92953,31,-5377,136,9043,1,1,0,0,1,0,0
92963,13,-5386,149,9043,1,1,0,0,1,0,0
92973,28,-5390,151,9043,1,1,0,0,1,0,0
92983,17,-5382,153,9043,1,1,0,0,1,0,0
92993,9,-5389,159,9043,1,1,0,0,1,0,0
93003,33,-5386,152,9043,1,1,0,0,1,0,0
93013,30,-5396,151,9043,1,1,0,0,1,0,0
93023,13,-5387,148,9043,1,1,0,0,1,0,0
93024,36,-5385,147,9043,1,1,0,0,1,0,0
93034,26,-5382,140,9043,1,1,0,0,1,0,0
93044,15,-5381,139,9043,1,1,0,0,1,0,0
93054,28,-5377,146,9043,1,1,0,0,1,0,0
93064,27,-5381,150,9043,1,1,0,0,1,0,0
93074,18,-5369,145,9043,1,1,0,0,1,0,0
93084,40,-5386,134,9043,1,1,0,0,1,0,0
93094,24,-5379,142,9043,1,1,0,0,1,0,0
93105,24,-5382,153,9043,1,1,0,0,1,0,0
93115,30,-5375,148,9043,1,1,0,0,1,0,0
93125,14,-5376,149,9043,1,1,0,0,1,0,0
93135,26,-5386,145,9043,1,1,0,0,1,0,0
93145,28,-5383,155,9043,1,1,0,0,1,0,0
93155,22,-5380,150,9043,1,1,0,0,1,0,0
93165,33,-5373,138,9043,1,1,0,0,1,0,0
93175,29,-5384,143,9043,1,1,0,0,1,0,0
93185,17,-5390,147,9043,1,1,0,0,1,0,0
93195,24,-5385,146,9043,1,1,0,0,1,0,0
93205,42,-5399,148,9043,1,1,0,0,1,0,0
93215,16,-5390,151,9043,1,1,0,0,1,0,0
93225,26,-5381,147,9043,1,1,0,0,1,0,0
93235,22,-5384,145,9043,1,1,0,0,1,0,0
93245,24,-5376,158,9043,1,1,0,0,1,0,0
93255,44,-5390,149,9043,1,1,0,0,1,0,0
93260,20,-5383,134,9107,1,1,0,0,1,0,0
93270,23,-5387,133,9107,1,1,0,0,1,0,0
93280,32,-5382,149,9107,1,1,1,0,1,0,0
93291,21,-5386,153,9107,1,1,0,0,1,0,0
93301,34,-5395,138,9107,1,1,0,0,1,0,0
93312,19,-5376,139,9107,1,1,0,0,1,0,0
93322,18,-5368,135,9107,1,1,0,0,1,0,0
93333,39,-5393,132,9107,1,1,0,0,1,0,0
93343,21,-5383,148,9107,1,1,0,0,1,0,0
93354,19,-5385,141,9107,1,1,0,0,1,0,0
93364,44,-5386,154,9107,1,1,0,0,1,0,0
93374,25,-5388,150,9107,1,1,0,0,1,0,0
93384,24,-5385,130,9107,1,1,0,0,1,0,0
93394,29,-5379,145,9107,1,1,0,0,1,0,0
93404,22,-5382,143,9107,1,1,0,0,1,0,0
93414,32,-5394,132,9107,1,1,0,0,1,0,0
93424,25,-5378,146,9107,1,1,0,0,1,0,0
93434,22,-5384,148,9107,1,1,0,0,1,0,0
93444,38,-5377,153,9107,1,1,0,0,1,0,0
93454,19,-5381,158,9107,1,1,0,0,1,0,0
93464,20,-5383,140,9107,1,1,0,0,1,0,0
93474,20,-5378,151,9107,1,1,0,0,1,0,0
93484,9,-5390,151,9107,1,1,0,0,1,0,0
93494,35,-5389,141,9107,1,1,0,0,1,0,0
93504,18,-5379,155,9107,1,1,0,0,1,0,0
93515,27,-5378,139,9107,1,1,0,0,1,0,0
93525,14,-5373,153,9107,1,1,0,0,1,0,0
93531,15,-5386,142,9107,1,1,0,0,1,0,0
93541,49,-5378,130,9107,1,1,0,0,1,0,0
93551,13,-5379,157,9107,1,1,0,0,1,0,0
93561,31,-5403,142,9107,1,1,0,0,1,0,0
93572,32,-5385,150,9107,1,1,0,0,1,0,0
93582,22,-5375,152,9107,1,1,0,0,1,0,0
93593,34,-5378,145,9107,1,1,0,0,1,0,0
93603,28,-5380,151,9107,1,1,0,0,1,0,0
93614,9,-5386,151,9107,1,1,0,0,1,0,0
93624,33,-5384,143,9107,1,1,0,0,1,0,0
93634,32,-5379,144,9107,1,1,0,0,1,0,0
93644,19,-5382,147,9107,1,1,0,0,1,0,0
93654,28,-5390,135,9107,1,1,0,0,1,0,0
93664,23,-5392,147,9107,1,1,0,0,1,0,0
93674,15,-5374,142,9107,1,1,0,0,1,0,0
93684,37,-5382,138,9107,1,1,0,0,1,0,0
93685,25,-5380,162,9107,1,1,0,0,1,0,0
93695,22,-5377,141,9107,1,1,0,0,1,0,0
93705,22,-5397,138,9107,1,1,0,0,1,0,0
93715,21,-5386,155,9107,1,1,0,0,1,0,0
93725,21,-5375,153,9107,1,1,0,0,1,0,0
93735,20,-5364,136,9107,1,1,0,0,1,0,0
93745,9,-5382,138,9107,1,1,0,0,1,0,0
93755,27,-5383,135,9107,1,1,0,0,1,0,0
93765,37,-5377,155,9107,1,1,0,0,1,0,0
93781,27,-5385,146,9159,1,1,0,0,1,0,0
93791,28,-5382,143,9159,1,1,0,0,1,0,0
93801,17,-5388,150,9159,1,1,1,0,1,0,0
93812,4,-5387,158,9159,1,1,0,0,1,0,0
93822,27,-5383,151,9159,1,1,0,0,1,0,0
93833,10,-5378,133,9159,1,1,0,0,1,0,0
93843,15,-5377,145,9159,1,1,0,0,1,0,0
93844,44,-5391,142,9159,1,1,0,0,1,0,0
93854,43,-5391,147,9159,1,1,0,0,1,0,0
93864,18,-5375,158,9159,1,1,0,0,1,0,0
93874,22,-5378,140,9159,1,1,0,0,1,0,0
93884,22,-5392,149,9159,1,1,0,0,1,0,0
93894,24,-5378,135,9159,1,1,0,0,1,0,0
93904,24,-5371,146,9159,1,1,0,0,1,0,0
93914,18,-5378,154,9159,1,1,0,0,1,0,0
93924,43,-5387,155,9159,1,1,0,0,1,0,0
93934,32,-5382,153,9159,1,1,0,0,1,0,0
93944,18,-5375,138,9159,1,1,0,0,1,0,0
93954,39,-5387,139,9159,1,1,0,0,1,0,0
93964,26,-5383,144,9159,1,1,0,0,1,0,0
93974,18,-5396,141,9159,1,1,0,0,1,0,0
93984,14,-5380,147,9159,1,1,0,0,1,0,0
93994,5,-5369,160,9159,1,1,0,0,1,0,0
94004,37,-5378,145,9159,1,1,0,0,1,0,0
94014,36,-5378,136,9159,1,1,0,0,1,0,0
94024,24,-5382,141,9159,1,1,0,0,1,0,0
94035,25,-5381,141,9159,1,1,0,0,1,0,0
94045,23,-5387,151,9159,1,1,0,0,1,0,0
94055,13,-5375,144,9159,1,1,0,0,1,0,0
94065,26,-5375,133,9159,1,1,0,0,1,0,0
94075,11,-5387,149,9159,1,1,0,0,1,0,0
94085,34,-5378,146,9159,1,1,0,0,1,0,0
94095,34,-5382,147,9159,1,1,0,0,1,0,0
94105,21,-5379,134,9159,1,1,0,0,1,0,0
94115,49,-5376,154,9159,1,1,0,0,1,0,0
94125,24,-5385,147,9159,1,1,0,0,1,0,0
94135,10,-5384,136,9159,1,1,0,0,1,0,0
94145,28,-5381,153,9159,1,1,0,0,1,0,0
94155,25,-5394,145,9159,1,1,0,0,1,0,0
94165,34,-5374,146,9159,1,1,0,0,1,0,0
94175,17,-5386,145,9159,1,1,0,0,1,0,0
94185,19,-5391,144,9159,1,1,0,0,1,0,0
94196,28,-5378,147,9159,1,1,0,0,1,0,0
94206,25,-5379,150,9159,1,1,0,0,1,0,0
94216,16,-5385,134,9159,1,1,0,0,1,0,0
94226,29,-5382,133,9159,1,1,0,0,1,0,0
94236,25,-5368,140,9159,1,1,0,0,1,0,0
94246,32,-5374,138,9159,1,1,0,0,1,0,0
94256,20,-5377,149,9159,1,1,0,0,1,0,0
94266,7,-5378,149,9159,1,1,0,0,1,0,0
94277,30,-5381,141,9159,1,1,0,0,1,0,0
94287,34,-5368,145,9159,1,1,0,0,1,0,0
94291,13,-5373,144,9215,1,1,0,0,1,0,0
94301,20,-5386,145,9215,1,1,0,0,1,0,0
94311,12,-5397,154,9215,1,1,1,0,1,0,0
94322,19,-5380,141,9215,1,1,0,0,1,0,0
94332,33,-5380,152,9215,1,1,0,0,1,0,0
94343,31,-5398,151,9215,1,1,0,0,1,0,0
94353,30,-5391,142,9215,1,1,0,0,1,0,0
94364,36,-5389,145,9215,1,1,0,0,1,0,0
94374,15,-5389,145,9215,1,1,0,0,1,0,0
94385,21,-5385,147,9215,1,1,0,0,1,0,0
94395,30,-5378,146,9215,1,1,0,0,1,0,0
94406,21,-5369,149,9215,1,1,0,0,1,0,0
94416,20,-5386,141,9215,1,1,0,0,1,0,0
94417,23,-5382,137,9215,1,1,0,0,1,0,0
94427,17,-5366,146,9215,1,1,0,0,1,0,0
94437,29,-5377,148,9215,1,1,0,0,1,0,0
94447,31,-5377,153,9215,1,1,0,0,1,0,0
94457,20,-5393,156,9215,1,1,0,0,1,0,0
94467,37,-5377,138,9215,1,1,0,0,1,0,0
94477,18,-5378,146,9215,1,1,0,0,1,0,0
94487,17,-5386,140,9215,1,1,0,0,1,0,0
94497,41,-5377,149,9215,1,1,0,0,1,0,0
94507,16,-5388,156,9215,1,1,0,0,1,0,0
94517,19,-5382,144,9215,1,1,0,0,1,0,0
94533,19,-5374,149,9215,1,1,0,0,1,0,0
94543,15,-5377,159,9215,1,1,0,0,1,0,0
94553,37,-5384,143,9215,1,1,0,0,1,0,0
94563,27,-5394,142,9215,1,1,0,0,1,0,0
94574,21,-5406,146,9215,1,1,0,0,1,0,0
94584,41,-5393,145,9215,1,1,0,0,1,0,0
94585,23,-5376,136,9215,1,1,0,0,1,0,0
94595,23,-5382,132,9215,1,1,0,0,1,0,0
94605,26,-5376,166,9215,1,1,0,0,1,0,0
94616,7,-5366,149,9215,1,1,0,0,1,0,0
94626,21,-5383,132,9215,1,1,0,0,1,0,0
94636,19,-5383,149,9215,1,1,0,0,1,0,0
94646,17,-5401,151,9215,1,1,0,0,1,0,0
94656,50,-5381,143,9215,1,1,0,0,1,0,0
94666,27,-5380,148,9215,1,1,0,0,1,0,0
94676,21,-5395,145,9215,1,1,0,0,1,0,0
94686,32,-5382,151,9215,1,1,0,0,1,0,0
94697,24,-5378,157,9215,1,1,0,0,1,0,0
94707,34,-5375,164,9215,1,1,0,0,1,0,0
94717,20,-5369,156,9215,1,1,0,0,1,0,0
94727,35,-5391,133,9215,1,1,0,0,1,0,0
94737,32,-5395,150,9215,1,1,0,0,1,0,0
94747,17,-5382,139,9215,1,1,0,0,1,0,0
94757,32,-5384,141,9215,1,1,0,0,1,0,0
94767,16,-5376,152,9215,1,1,0,0,1,0,0
94774,15,-5375,136,9215,1,1,0,0,1,0,0
94784,26,-5373,159,9215,1,1,0,0,1,0,0
94794,21,-5376,152,9215,1,1,0,0,1,0,0
94805,21,-5369,132,9215,1,1,0,0,1,0,0
94815,38,-5385,148,9215,1,1,0,0,1,0,0
94826,28,-5391,134,9268,1,1,0,0,1,0,0
94836,43,-5376,140,9268,1,1,1,0,1,0,0
94847,27,-5369,154,9268,1,1,0,0,1,0,0
94857,25,-5369,144,9268,1,1,0,0,1,0,0
94868,32,-5372,142,9268,1,1,0,0,1,0,0
94878,24,-5366,142,9268,1,1,0,0,1,0,0
94888,19,-5374,145,9268,1,1,0,0,1,0,0
94898,26,-5381,132,9268,1,1,0,0,1,0,0
94908,29,-5379,150,9268,1,1,0,0,1,0,0
94918,31,-5380,149,9268,1,1,0,0,1,0,0
94928,32,-5389,153,9268,1,1,0,0,1,0,0
94938,10,-5385,138,9268,1,1,0,0,1,0,0
94949,12,-5375,139,9268,1,1,0,0,1,0,0
94959,25,-5377,149,9268,1,1,0,0,1,0,0
94969,18,-5382,143,9268,1,1,0,0,1,0,0
94979,28,-5387,131,9268,1,1,0,0,1,0,0
94989,37,-5392,142,9268,1,1,0,0,1,0,0
94999,23,-5386,153,9268,1,1,0,0,1,0,0
95009,22,-5381,145,9268,1,1,0,0,1,0,0
95019,21,-5380,148,9268,1,1,0,0,1,0,0
95029,8,-5375,151,9268,1,1,0,0,1,0,0
95039,32,-5386,136,9268,1,1,0,0,1,0,0
95049,37,-5383,150,9268,1,1,0,0,1,0,0
95059,15,-5376,142,9268,1,1,0,0,1,0,0
95069,26,-5371,145,9268,1,1,0,0,1,0,0
95079,29,-5378,142,9268,1,1,0,0,1,0,0
95089,11,-5387,142,9268,1,1,0,0,1,0,0
95099,28,-5383,151,9268,1,1,0,0,1,0,0
95100,17,-5389,139,9268,1,1,0,0,1,0,0
95110,17,-5384,128,9268,1,1,0,0,1,0,0
95120,27,-5395,150,9268,1,1,0,0,1,0,0
95130,27,-5391,151,9268,1,1,0,0,1,0,0
95140,40,-5378,143,9268,1,1,0,0,1,0,0
95150,27,-5377,153,9268,1,1,0,0,1,0,0
95160,30,-5377,140,9268,1,1,0,0,1,0,0
95170,30,-5384,137,9268,1,1,0,0,1,0,0
95180,6,-5400,150,9268,1,1,0,0,1,0,0
95191,30,-5393,135,9268,1,1,0,0,1,0,0
95201,35,-5382,148,9268,1,1,0,0,1,0,0
95211,13,-5380,142,9268,1,1,0,0,1,0,0
95221,33,-5381,139,9268,1,1,0,0,1,0,0
95231,29,-5377,163,9268,1,1,0,0,1,0,0
95241,15,-5388,155,9268,1,1,0,0,1,0,0
95251,33,-5393,140,9268,1,1,0,0,1,0,0
95261,22,-5390,146,9268,1,1,0,0,1,0,0
95271,31,-5383,131,9268,1,1,0,0,1,0,0
95281,28,-5383,155,9268,1,1,0,0,1,0,0
95291,16,-5381,150,9268,1,1,0,0,1,0,0
95301,36,-5371,147,9268,1,1,0,0,1,0,0
95311,18,-5371,144,9268,1,1,0,0,1,0,0
95321,28,-5378,137,9268,1,1,0,0,1,0,0
95331,34,-5397,148,9268,1,1,0,0,1,0,0
95341,30,-5375,146,9268,1,1,0,0,1,0,0
95356,51,-5367,145,9332,1,1,0,0,1,0,0
95366,5,-5390,141,9332,1,1,1,0,1,0,0
95367,29,-5394,142,9332,1,1,0,0,1,0,0
95377,26,-5379,145,9332,1,1,0,0,1,0,0
95387,15,-5387,154,9332,1,1,0,0,1,0,0
95398,27,-5392,137,9332,1,1,0,0,1,0,0
95408,27,-5383,150,9332,1,1,0,0,1,0,0
95419,13,-5379,147,9332,1,1,0,0,1,0,0
95429,20,-5384,150,9332,1,1,0,0,1,0,0
95440,27,-5370,156,9332,1,1,0,0,1,0,0
95450,13,-5383,153,9332,1,1,0,0,1,0,0
95460,39,-5385,138,9332,1,1,0,0,1,0,0
95470,18,-5375,147,9332,1,1,0,0,1,0,0
95480,-3,-5385,154,9332,1,1,0,0,1,0,0
95490,36,-5383,139,9332,1,1,0,0,1,0,0
95500,21,-5383,145,9332,1,1,0,0,1,0,0
95510,24,-5382,137,9332,1,1,0,0,1,0,0
95520,35,-5384,149,9332,1,1,0,0,1,0,0
95530,17,-5392,145,9332,1,1,0,0,1,0,0
95544,18,-5386,139,9332,1,1,0,0,1,0,0
95554,28,-5392,141,9332,1,1,0,0,1,0,0
95564,8,-5384,146,9332,1,1,0,0,1,0,0
95565,23,-5389,142,9332,1,1,0,0,1,0,0
95575,49,-5378,139,9332,1,1,0,0,1,0,0
95585,32,-5381,148,9332,1,1,0,0,1,0,0
95596,29,-5386,148,9332,1,1,0,0,1,0,0
95606,43,-5373,145,9332,1,1,0,0,1,0,0
95621,20,-5379,134,9332,1,1,0,0,1,0,0
95631,17,-5394,130,9332,1,1,0,0,1,0,0
95642,35,-5387,144,9332,1,1,0,0,1,0,0
95652,26,-5393,141,9332,1,1,0,0,1,0,0
95663,31,-5391,132,9332,1,1,0,0,1,0,0
95673,34,-5390,145,9332,1,1,0,0,1,0,0
95674,12,-5379,147,9332,1,1,0,0,1,0,0
95684,26,-5394,136,9332,1,1,0,0,1,0,0
95694,18,-5388,149,9332,1,1,0,0,1,0,0
95705,2,-5380,153,9332,1,1,0,0,1,0,0
95715,33,-5384,146,9332,1,1,0,0,1,0,0
95725,29,-5380,138,9332,1,1,0,0,1,0,0
95735,33,-5370,141,9332,1,1,0,0,1,0,0
95745,39,-5389,143,9332,1,1,0,0,1,0,0
95755,15,-5396,147,9332,1,1,0,0,1,0,0
95765,17,-5377,135,9332,1,1,0,0,1,0,0
95775,16,-5388,138,9332,1,1,0,0,1,0,0
95785,24,-5391,135,9332,1,1,0,0,1,0,0
95795,29,-5389,155,9332,1,1,0,0,1,0,0
95805,33,-5372,157,9332,1,1,0,0,1,0,0
95815,23,-5375,146,9332,1,1,0,0,1,0,0
95825,39,-5388,151,9332,1,1,0,0,1,0,0
95835,23,-5384,148,9332,1,1,0,0,1,0,0
95845,19,-5385,133,9332,1,1,0,0,1,0,0
95855,38,-5382,141,9332,1,1,0,0,1,0,0
95870,17,-5386,157,9383,1,1,0,0,1,0,0
95880,37,-5389,144,9383,1,1,1,0,1,0,0
95881,48,-5380,153,9383,1,1,0,0,1,0,0
95891,25,-5389,147,9383,1,1,0,0,1,0,0
95901,33,-5390,145,9383,1,1,0,0,1,0,0
95912,26,-5385,138,9383,1,1,0,0,1,0,0
95922,32,-5380,153,9383,1,1,0,0,1,0,0
95933,19,-5389,159,9383,1,1,0,0,1,0,0
95943,12,-5378,162,9383,1,1,0,0,1,0,0
95954,46,-5380,146,9383,1,1,0,0,1,0,0
95964,23,-5372,148,9383,1,1,0,0,1,0,0
95974,17,-5375,150,9383,1,1,0,0,1,0,0
95984,25,-5385,143,9383,1,1,0,0,1,0,0
95994,8,-5389,165,9383,1,1,0,0,1,0,0
96004,28,-5385,139,9383,1,1,0,0,1,0,0
96014,36,-5384,154,9383,1,1,0,0,1,0,0
96024,-3,-5384,156,9383,1,1,0,0,1,0,0
96034,20,-5383,135,9383,1,1,0,0,1,0,0
96044,26,-5383,143,9383,1,1,0,0,1,0,0
96054,13,-5381,151,9383,1,1,0,0,1,0,0
96064,29,-5383,150,9383,1,1,0,0,1,0,0
96074,37,-5394,159,9383,1,1,0,0,1,0,0
96084,18,-5385,148,9383,1,1,0,0,1,0,0
96094,41,-5377,147,9383,1,1,0,0,1,0,0
96104,29,-5380,142,9383,1,1,0,0,1,0,0
96118,15,-5386,158,9383,1,1,0,0,1,0,0
96128,19,-5391,146,9383,1,1,0,0,1,0,0
96138,18,-5377,151,9383,1,1,0,0,1,0,0
96148,29,-5383,123,9383,1,1,0,0,1,0,0
96149,26,-5381,140,9383,1,1,0,0,1,0,0
96159,16,-5371,145,9383,1,1,0,0,1,0,0
96169,20,-5386,145,9383,1,1,0,0,1,0,0
96180,35,-5378,147,9383,1,1,0,0,1,0,0
96190,11,-5373,145,9383,1,1,0,0,1,0,0
96201,13,-5382,142,9383,1,1,0,0,1,0,0
96211,34,-5383,152,9383,1,1,0,0,1,0,0
96222,34,-5377,151,9383,1,1,0,0,1,0,0
96232,16,-5381,144,9383,1,1,0,0,1,0,0
96243,23,-5381,139,9383,1,1,0,0,1,0,0
96253,17,-5397,147,9383,1,1,0,0,1,0,0
96264,24,-5385,139,9383,1,1,0,0,1,0,0
96274,43,-5379,140,9383,1,1,0,0,1,0,0
96285,14,-5380,147,9383,1,1,0,0,1,0,0
96295,19,-5372,149,9383,1,1,0,0,1,0,0
96305,28,-5367,140,9383,1,1,0,0,1,0,0
96315,12,-5388,150,9383,1,1,0,0,1,0,0
96325,19,-5384,149,9383,1,1,0,0,1,0,0
96335,11,-5381,145,9383,1,1,0,0,1,0,0
96345,19,-5367,133,9383,1,1,0,0,1,0,0
96355,32,-5388,142,9383,1,1,0,0,1,0,0
96366,24,-5374,141,9383,1,1,0,0,1,0,0
96376,31,-5370,139,9383,1,1,0,0,1,0,0
96380,20,-5384,148,9437,1,1,0,0,1,0,0
96390,21,-5388,134,9437,1,1,0,0,1,0,0
96400,31,-5385,145,9437,1,1,1,0,1,0,0
96411,33,-5373,141,9437,1,1,0,0,1,0,0
96421,18,-5379,141,9437,1,1,0,0,1,0,0
96432,16,-5393,150,9437,1,1,0,0,1,0,0
96442,19,-5393,143,9437,1,1,0,0,1,0,0
96453,27,-5396,135,9437,1,1,0,0,1,0,0
96463,28,-5382,155,9437,1,1,0,0,1,0,0
96474,27,-5376,149,9437,1,1,0,0,1,0,0
96484,33,-5385,138,9437,1,1,0,0,1,0,0
96485,11,-5386,152,9437,1,1,0,0,1,0,0
96495,22,-5388,138,9437,1,1,0,0,1,0,0
96505,34,-5391,148,9437,1,1,0,0,1,0,0
96516,24,-5376,141,9437,1,1,0,0,1,0,0
96526,29,-5369,131,9437,1,1,0,0,1,0,0
96536,16,-5380,144,9437,1,1,0,0,1,0,0
96546,34,-5392,137,9437,1,1,0,0,1,0,0
96556,33,-5379,148,9437,1,1,0,0,1,0,0
96566,22,-5377,160,9437,1,1,0,0,1,0,0
96576,33,-5393,143,9437,1,1,0,0,1,0,0
96586,24,-5379,143,9437,1,1,0,0,1,0,0
96597,22,-5378,144,9437,1,1,0,0,1,0,0
96607,27,-5390,150,9437,1,1,0,0,1,0,0
96622,34,-5376,144,9437,1,1,0,0,1,0,0
96632,22,-5372,134,9437,1,1,0,0,1,0,0
96633,36,-5377,140,9437,1,1,0,0,1,0,0
96643,17,-5394,141,9437,1,1,0,0,1,0,0
96653,23,-5388,140,9437,1,1,0,0,1,0,0
96664,34,-5383,152,9437,1,1,0,0,1,0,0
96674,8,-5381,151,9437,1,1,0,0,1,0,0
96685,6,-5384,149,9437,1,1,0,0,1,0,0
96695,23,-5380,153,9437,1,1,0,0,1,0,0
96706,27,-5376,146,9437,1,1,0,0,1,0,0
96716,21,-5387,139,9437,1,1,0,0,1,0,0
96727,30,-5387,160,9437,1,1,0,0,1,0,0
96737,20,-5389,147,9437,1,1,0,0,1,0,0
96748,32,-5390,145,9437,1,1,0,0,1,0,0
96758,27,-5386,153,9437,1,1,0,0,1,0,0
96769,12,-5379,146,9437,1,1,0,0,1,0,0
96779,42,-5381,150,9437,1,1,0,0,1,0,0
96787,22,-5379,153,9437,1,1,0,0,1,0,0
96797,19,-5384,144,9437,1,1,0,0,1,0,0
96807,40,-5393,147,9437,1,1,0,0,1,0,0
96818,23,-5388,139,9437,1,1,0,0,1,0,0
96828,18,-5379,148,9437,1,1,0,0,1,0,0
96839,33,-5388,135,9437,1,1,0,0,1,0,0
96849,24,-5381,152,9437,1,1,0,0,1,0,0
96860,17,-5380,154,9437,1,1,0,0,1,0,0
96870,24,-5375,146,9437,1,1,0,0,1,0,0
96871,15,-5377,154,9437,1,1,0,0,1,0,0
96881,25,-5370,150,9437,1,1,0,0,1,0,0
96891,12,-5387,141,9437,1,1,0,0,1,0,0
96901,19,-5393,151,9437,1,1,0,0,1,0,0
96911,28,-5389,149,9437,1,1,0,0,1,0,0
96921,31,-5382,148,9479,1,1,0,0,1,0,0
96931,30,-5380,138,9479,1,1,1,0,1,0,0
96941,14,-5380,141,9479,1,1,0,0,1,0,0
96951,16,-5378,153,9479,1,1,0,0,1,0,0
96962,27,-5373,129,9479,1,1,0,0,1,0,0
96972,32,-5384,148,9479,1,1,0,0,1,0,0
96982,18,-5382,157,9479,1,1,0,0,1,0,0
96992,35,-5388,145,9479,1,1,0,0,1,0,0
97002,31,-5382,150,9479,1,1,0,0,1,0,0
97012,17,-5379,137,9479,1,1,0,0,1,0,0
97022,32,-5377,143,9479,1,1,0,0,1,0,0
97032,20,-5387,158,9479,1,1,0,0,1,0,0
97043,34,-5381,147,9479,1,1,0,0,1,0,0
97053,33,-5381,148,9479,1,1,0,0,1,0,0
97063,16,-5392,135,9479,1,1,0,0,1,0,0
97073,17,-5386,133,9479,1,1,0,0,1,0,0
97083,17,-5362,153,9479,1,1,0,0,1,0,0
97093,23,-5383,138,9479,1,1,0,0,1,0,0
97103,33,-5389,151,9479,1,1,0,0,1,0,0
97113,24,-5392,145,9479,1,1,0,0,1,0,0
97124,30,-5379,145,9479,1,1,0,0,1,0,0
97134,4,-5384,158,9479,1,1,0,0,1,0,0
97144,18,-5382,138,9479,1,1,0,0,1,0,0
97154,28,-5368,152,9479,1,1,0,0,1,0,0
97164,26,-5378,149,9479,1,1,0,0,1,0,0
97174,41,-5380,148,9479,1,1,0,0,1,0,0
97184,23,-5378,150,9479,1,1,0,0,1,0,0
97194,22,-5371,149,9479,1,1,0,0,1,0,0
97204,42,-5377,140,9479,1,1,0,0,1,0,0
97214,24,-5382,143,9479,1,1,0,0,1,0,0
97224,23,-5388,140,9479,1,1,0,0,1,0,0
97234,32,-5388,143,9479,1,1,0,0,1,0,0
97244,24,-5380,149,9479,1,1,0,0,1,0,0
97254,29,-5372,144,9479,1,1,0,0,1,0,0
97264,31,-5379,156,9479,1,1,0,0,1,0,0
97274,12,-5386,147,9479,1,1,0,0,1,0,0
97285,28,-5386,142,9479,1,1,0,0,1,0,0
97295,35,-5369,146,9479,1,1,0,0,1,0,0
97305,21,-5391,136,9479,1,1,0,0,1,0,0
97315,33,-5398,141,9479,1,1,0,0,1,0,0
97325,38,-5382,153,9479,1,1,0,0,1,0,0
97335,29,-5385,150,9479,1,1,0,0,1,0,0
97345,42,-5386,136,9479,1,1,0,0,1,0,0
97355,22,-5375,151,9479,1,1,0,0,1,0,0
97365,9,-5388,139,9479,1,1,0,0,1,0,0
97375,36,-5379,153,9479,1,1,0,0,1,0,0
97385,26,-5375,158,9479,1,1,0,0,1,0,0
97395,22,-5390,144,9479,1,1,0,0,1,0,0
97405,31,-5389,144,9479,1,1,0,0,1,0,0
97415,24,-5374,147,9479,1,1,0,0,1,0,0
97425,11,-5376,142,9479,1,1,0,0,1,0,0
97429,24,-5375,156,9539,1,1,0,0,1,0,0
97439,29,-5374,152,9539,1,1,1,0,1,0,0
97450,25,-5385,140,9539,1,1,0,0,1,0,0
97460,40,-5390,142,9539,1,1,0,0,1,0,0
97470,17,-5381,146,9539,1,1,0,0,1,0,0
97480,26,-5377,133,9539,1,1,0,0,1,0,0
97490,24,-5373,147,9539,1,1,0,0,1,0,0
97500,13,-5377,141,9539,1,1,0,0,1,0,0
97510,31,-5377,144,9539,1,1,0,0,1,0,0
97520,17,-5376,146,9539,1,1,0,0,1,0,0
97531,26,-5388,147,9539,1,1,0,0,1,0,0
97541,29,-5384,149,9539,1,1,0,0,1,0,0
97547,14,-5377,144,9539,1,1,0,0,1,0,0
97557,35,-5380,133,9539,1,1,0,0,1,0,0
97567,25,-5369,151,9539,1,1,0,0,1,0,0
97577,19,-5370,151,9539,1,1,0,0,1,0,0
97588,43,-5390,153,9539,1,1,0,0,1,0,0
97598,13,-5379,148,9539,1,1,0,0,1,0,0
97609,24,-5386,146,9539,1,1,0,0,1,0,0
97619,37,-5370,142,9539,1,1,0,0,1,0,0
97630,11,-5380,142,9539,1,1,0,0,1,0,0
97640,26,-5390,147,9539,1,1,0,0,1,0,0
97650,22,-5372,146,9539,1,1,0,0,1,0,0
97660,30,-5383,148,9539,1,1,0,0,1,0,0
97670,42,-5388,147,9539,1,1,0,0,1,0,0
97680,29,-5375,149,9539,1,1,0,0,1,0,0
97690,40,-5376,138,9539,1,1,0,0,1,0,0
97700,31,-5373,149,9539,1,1,0,0,1,0,0
97711,14,-5380,156,9539,1,1,0,0,1,0,0
97721,32,-5385,152,9539,1,1,0,0,1,0,0
97731,23,-5392,143,9539,1,1,0,0,1,0,0
97741,39,-5378,133,9539,1,1,0,0,1,0,0
97751,45,-5377,151,9539,1,1,0,0,1,0,0
97761,38,-5394,145,9539,1,1,0,0,1,0,0
97771,40,-5384,131,9539,1,1,0,0,1,0,0
97781,18,-5386,145,9539,1,1,0,0,1,0,0
97791,17,-5377,134,9539,1,1,0,0,1,0,0
97799,20,-5378,137,9539,1,1,0,0,1,0,0
97809,15,-5387,154,9539,1,1,0,0,1,0,0
97810,36,-5376,138,9539,1,1,0,0,1,0,0
97820,30,-5377,150,9539,1,1,0,0,1,0,0
97830,28,-5380,155,9539,1,1,0,0,1,0,0
97841,35,-5386,156,9539,1,1,0,0,1,0,0
97851,19,-5385,146,9539,1,1,0,0,1,0,0
97862,25,-5390,145,9539,1,1,0,0,1,0,0
97872,35,-5382,146,9539,1,1,0,0,1,0,0
97883,15,-5388,163,9539,1,1,0,0,1,0,0
97893,-1,-5389,155,9539,1,1,0,0,1,0,0
97904,28,-5384,139,9539,1,1,0,0,1,0,0
97914,26,-5393,152,9539,1,1,0,0,1,0,0
97925,12,-5382,147,9539,1,1,0,0,1,0,0
97935,18,-5386,147,9539,1,1,0,0,1,0,0
97936,19,-5377,154,9584,1,1,0,0,1,0,0
97946,28,-5381,129,9584,1,1,0,0,1,0,0
97956,30,-5378,157,9584,1,1,1,0,1,0,0
97969,9,-5378,155,9584,1,1,0,0,1,0,0
97979,16,-5379,146,9584,1,1,0,0,1,0,0
97990,22,-5380,156,9584,1,1,0,0,1,0,0
98000,13,-5378,138,9584,1,1,0,0,1,0,0
98011,39,-5379,139,9584,1,1,0,0,1,0,0
98021,28,-5387,157,9584,1,1,0,0,1,0,0
98032,15,-5379,153,9584,1,1,0,0,1,0,0
98042,33,-5382,142,9584,1,1,0,0,1,0,0
98053,14,-5379,149,9584,1,1,0,0,1,0,0
98063,2,-5391,148,9584,1,1,0,0,1,0,0
98073,30,-5374,143,9584,1,1,0,0,1,0,0
98083,25,-5388,147,9584,1,1,0,0,1,0,0
98093,18,-5381,158,9584,1,1,0,0,1,0,0
98103,22,-5383,148,9584,1,1,0,0,1,0,0
98113,31,-5381,124,9584,1,1,0,0,1,0,0
98123,35,-5391,139,9584,1,1,0,0,1,0,0
98133,24,-5377,151,9584,1,1,0,0,1,0,0
98143,27,-5373,137,9584,1,1,0,0,1,0,0
98153,33,-5383,142,9584,1,1,0,0,1,0,0
98163,20,-5385,145,9584,1,1,0,0,1,0,0
98173,27,-5368,145,9584,1,1,0,0,1,0,0
98183,38,-5377,161,9584,1,1,0,0,1,0,0
98193,7,-5382,145,9584,1,1,0,0,1,0,0
98203,38,-5383,138,9584,1,1,0,0,1,0,0
98214,33,-5380,147,9584,1,1,0,0,1,0,0
98224,18,-5387,152,9584,1,1,0,0,1,0,0
98234,40,-5369,144,9584,1,1,0,0,1,0,0
98244,14,-5373,156,9584,1,1,0,0,1,0,0
98254,26,-5384,146,9584,1,1,0,0,1,0,0
98264,17,-5380,145,9584,1,1,0,0,1,0,0
98274,18,-5387,131,9584,1,1,0,0,1,0,0
98284,34,-5389,146,9584,1,1,0,0,1,0,0
98294,26,-5382,151,9584,1,1,0,0,1,0,0
98304,34,-5374,141,9584,1,1,0,0,1,0,0
98314,26,-5375,149,9584,1,1,0,0,1,0,0
98324,5,-5384,146,9584,1,1,0,0,1,0,0
98334,28,-5382,144,9584,1,1,0,0,1,0,0
98344,18,-5393,151,9584,1,1,0,0,1,0,0
98354,11,-5394,138,9584,1,1,0,0,1,0,0
98364,27,-5383,149,9584,1,1,0,0,1,0,0
98365,28,-5367,148,9584,1,1,0,0,1,0,0
98375,29,-5367,143,9584,1,1,0,0,1,0,0
98385,34,-5362,138,9584,1,1,0,0,1,0,0
98395,17,-5372,137,9584,1,1,0,0,1,0,0
98405,36,-5380,129,9584,1,1,0,0,1,0,0
98415,14,-5375,152,9584,1,1,0,0,1,0,0
98425,4,-5376,145,9584,1,1,0,0,1,0,0
98435,28,-5380,136,9584,1,1,0,0,1,0,0
98445,23,-5382,130,9584,1,1,0,0,1,0,0
98456,32,-5383,141,9584,1,1,0,0,1,0,0
98466,36,-5379,141,9584,1,1,0,0,1,0,0
98476,16,-5381,153,9637,1,1,0,0,1,0,0
98486,30,-5383,140,9637,1,1,1,0,1,0,0
98496,23,-5380,143,9637,1,1,0,0,1,0,0
98506,16,-5381,148,9637,1,1,0,0,1,0,0
98516,24,-5384,138,9637,1,1,0,0,1,0,0
98526,21,-5381,143,9637,1,1,0,0,1,0,0
98536,18,-5380,135,9637,1,1,0,0,1,0,0
98546,19,-5382,146,9637,1,1,0,0,1,0,0
98561,24,-5389,156,9637,1,1,0,0,1,0,0
98571,37,-5383,147,9637,1,1,0,0,1,0,0
98581,36,-5395,148,9637,1,1,0,0,1,0,0
98591,15,-5376,145,9637,1,1,0,0,1,0,0
98592,30,-5376,138,9637,1,1,0,0,1,0,0
98602,42,-5391,143,9637,1,1,0,0,1,0,0
98612,23,-5386,148,9637,1,1,0,0,1,0,0
98623,24,-5387,145,9637,1,1,0,0,1,0,0
98633,30,-5388,147,9637,1,1,0,0,1,0,0
98644,19,-5381,152,9637,1,1,0,0,1,0,0
98654,29,-5385,151,9637,1,1,0,0,1,0,0
98664,21,-5372,154,9637,1,1,0,0,1,0,0
98674,21,-5385,139,9637,1,1,0,0,1,0,0
98684,46,-5370,143,9637,1,1,0,0,1,0,0
98694,32,-5374,145,9637,1,1,0,0,1,0,0
98704,31,-5390,146,9637,1,1,0,0,1,0,0
98714,33,-5388,155,9637,1,1,0,0,1,0,0
98725,23,-5384,149,9637,1,1,0,0,1,0,0
98735,39,-5384,147,9637,1,1,0,0,1,0,0
98745,28,-5376,157,9637,1,1,0,0,1,0,0
98755,28,-5386,147,9637,1,1,0,0,1,0,0
98765,40,-5380,147,9637,1,1,0,0,1,0,0
98775,23,-5394,154,9637,1,1,0,0,1,0,0
98785,40,-5387,136,9637,1,1,0,0,1,0,0
98795,34,-5376,152,9637,1,1,0,0,1,0,0
98806,25,-5381,144,9637,1,1,0,0,1,0,0
98816,36,-5388,144,9637,1,1,0,0,1,0,0
98826,32,-5380,145,9637,1,1,0,0,1,0,0
98836,18,-5377,141,9637,1,1,0,0,1,0,0
98846,30,-5387,138,9637,1,1,0,0,1,0,0
98856,15,-5378,138,9637,1,1,0,0,1,0,0
98866,24,-5378,137,9637,1,1,0,0,1,0,0
98876,35,-5387,140,9637,1,1,0,0,1,0,0
98887,23,-5380,144,9637,1,1,0,0,1,0,0
98897,36,-5387,143,9637,1,1,0,0,1,0,0
98907,14,-5395,133,9637,1,1,0,0,1,0,0
98917,32,-5385,146,9637,1,1,0,0,1,0,0
98927,21,-5385,149,9637,1,1,0,0,1,0,0
98937,14,-5394,141,9637,1,1,0,0,1,0,0
98947,32,-5382,148,9637,1,1,0,0,1,0,0
98957,12,-5377,163,9637,1,1,0,0,1,0,0
98958,24,-5381,143,9637,1,1,0,0,1,0,0
98968,26,-5379,146,9637,1,1,0,0,1,0,0
98978,26,-5387,150,9637,1,1,0,0,1,0,0
98992,36,-5380,143,9679,1,1,0,0,1,0,0
99002,22,-5386,145,9679,1,1,1,0,1,0,0
99013,26,-5385,134,9679,1,1,0,0,1,0,0
99023,27,-5377,147,9679,1,1,0,0,1,0,0
99034,19,-5390,146,9679,1,1,0,0,1,0,0
99044,18,-5378,136,9679,1,1,0,0,1,0,0
99055,27,-5382,145,9679,1,1,0,0,1,0,0
99065,15,-5380,148,9679,1,1,0,0,1,0,0
99076,21,-5389,136,9679,1,1,0,0,1,0,0
99086,20,-5385,147,9679,1,1,0,0,1,0,0
99087,20,-5387,155,9679,1,1,0,0,1,0,0
99097,31,-5390,144,9679,1,1,0,0,1,0,0
99107,29,-5390,143,9679,1,1,0,0,1,0,0
99118,26,-5377,141,9679,1,1,0,0,1,0,0
99128,33,-5379,144,9679,1,1,0,0,1,0,0
99139,23,-5384,150,9679,1,1,0,0,1,0,0
99149,16,-5368,144,9679,1,1,0,0,1,0,0
99159,19,-5381,137,9679,1,1,0,0,1,0,0
99169,18,-5385,154,9679,1,1,0,0,1,0,0
99179,28,-5375,136,9679,1,1,0,0,1,0,0
99189,32,-5384,149,9679,1,1,0,0,1,0,0
99199,15,-5384,145,9679,1,1,0,0,1,0,0
99209,15,-5381,143,9679,1,1,0,0,1,0,0
99220,28,-5370,163,9679,1,1,0,0,1,0,0
99230,18,-5385,153,9679,1,1,0,0,1,0,0
99240,25,-5380,150,9679,1,1,0,0,1,0,0
99250,33,-5384,154,9679,1,1,0,0,1,0,0
99260,20,-5389,153,9679,1,1,0,0,1,0,0
99270,33,-5372,149,9679,1,1,0,0,1,0,0
99280,12,-5386,153,9679,1,1,0,0,1,0,0
99290,17,-5372,144,9679,1,1,0,0,1,0,0
99300,30,-5388,143,9679,1,1,0,0,1,0,0
99310,16,-5379,144,9679,1,1,0,0,1,0,0
99320,43,-5382,145,9679,1,1,0,0,1,0,0
99330,35,-5378,159,9679,1,1,0,0,1,0,0
99340,22,-5382,146,9679,1,1,0,0,1,0,0
99350,27,-5382,144,9679,1,1,0,0,1,0,0
99360,22,-5376,144,9679,1,1,0,0,1,0,0
99370,23,-5396,143,9679,1,1,0,0,1,0,0
99381,21,-5379,136,9679,1,1,0,0,1,0,0
99391,16,-5378,150,9679,1,1,0,0,1,0,0
99401,24,-5378,134,9679,1,1,0,0,1,0,0
99411,15,-5375,150,9679,1,1,0,0,1,0,0
99421,5,-5382,144,9679,1,1,0,0,1,0,0
99431,28,-5383,147,9679,1,1,0,0,1,0,0
99441,28,-5398,141,9679,1,1,0,0,1,0,0
99451,19,-5395,139,9679,1,1,0,0,1,0,0
99461,24,-5384,145,9679,1,1,0,0,1,0,0
99471,19,-5387,151,9679,1,1,0,0,1,0,0
99481,32,-5381,147,9679,1,1,0,0,1,0,0
99491,28,-5378,147,9679,1,1,0,0,1,0,0
99501,40,-5389,139,9679,1,1,0,0,1,0,0
99511,39,-5387,145,9679,1,1,0,0,1,0,0
99521,20,-5380,134,9734,1,1,0,0,1,0,0
99531,29,-5376,146,9734,1,1,1,0,1,0,0
99537,25,-5389,153,9734,1,1,0,0,1,0,0
99547,31,-5389,140,9734,1,1,0,0,1,0,0
99557,28,-5388,154,9734,1,1,0,0,1,0,0
99567,28,-5382,153,9734,1,1,0,0,1,0,0
99577,25,-5387,140,9734,1,1,0,0,1,0,0
99588,37,-5375,163,9734,1,1,0,0,1,0,0
99598,25,-5383,143,9734,1,1,0,0,1,0,0
99609,35,-5380,148,9734,1,1,0,0,1,0,0
99619,16,-5377,147,9734,1,1,0,0,1,0,0
99624,20,-5383,146,9734,1,1,0,0,1,0,0
99634,37,-5392,141,9734,1,1,0,0,1,0,0
99644,30,-5377,139,9734,1,1,0,0,1,0,0
99655,22,-5375,143,9734,1,1,0,0,1,0,0
99665,33,-5386,137,9734,1,1,0,0,1,0,0
99676,26,-5378,150,9734,1,1,0,0,1,0,0
99686,27,-5383,140,9734,1,1,0,0,1,0,0
99697,38,-5387,147,9734,1,1,0,0,1,0,0
99707,16,-5390,139,9734,1,1,0,0,1,0,0
99718,37,-5389,153,9734,1,1,0,0,1,0,0
99728,36,-5386,152,9734,1,1,0,0,1,0,0
99729,18,-5383,146,9734,1,1,0,0,1,0,0
99739,25,-5373,148,9734,1,1,0,0,1,0,0
99749,28,-5372,141,9734,1,1,0,0,1,0,0
99760,16,-5387,150,9734,1,1,0,0,1,0,0
99770,28,-5385,154,9734,1,1,0,0,1,0,0
99781,32,-5394,146,9734,1,1,0,0,1,0,0
99791,6,-5379,143,9734,1,1,0,0,1,0,0
99799,19,-5379,146,9734,1,1,0,0,1,0,0
99809,25,-5387,143,9734,1,1,0,0,1,0,0
99819,11,-5387,152,9734,1,1,0,0,1,0,0
99830,30,-5393,147,9734,1,1,0,0,1,0,0
99840,23,-5379,147,9734,1,1,0,0,1,0,0
99851,23,-5375,157,9734,1,1,0,0,1,0,0
99861,40,-5381,155,9734,1,1,0,0,1,0,0
99872,34,-5374,155,9734,1,1,0,0,1,0,0
99882,22,-5382,145,9734,1,1,0,0,1,0,0
99893,23,-5377,158,9734,1,1,0,0,1,0,0
99903,31,-5378,144,9734,1,1,0,0,1,0,0
99913,38,-5374,131,9734,1,1,0,0,1,0,0
99923,22,-5379,145,9734,1,1,0,0,1,0,0
99933,15,-5383,145,9734,1,1,0,0,1,0,0
99943,41,-5380,146,9734,1,1,0,0,1,0,0
99953,13,-5396,147,9734,1,1,0,0,1,0,0
99963,22,-5381,132,9734,1,1,0,0,1,0,0
99973,31,-5388,147,9734,1,1,0,0,1,0,0
99983,23,-5396,149,9734,1,1,0,0,1,0,0
99993,31,-5376,129,9734,1,1,0,0,1,0,0
100003,21,-5381,150,9734,1,1,0,0,1,0,0
100013,18,-5382,145,9734,1,1,0,0,1,0,0
100023,19,-5382,160,9734,1,1,0,0,1,0,0
100027,27,-5382,146,9784,1,1,0,0,1,0,0
100037,25,-5375,145,9784,1,1,0,0,1,0,0
100047,30,-5372,138,9784,1,1,1,0,1,0,0
100058,24,-5373,140,9784,1,1,0,0,1,0,0
100068,30,-5388,139,9784,1,1,0,0,1,0,0
100078,35,-5379,146,9784,1,1,0,0,1,0,0
100088,17,-5388,145,9784,1,1,0,0,1,0,0
100098,29,-5378,139,9784,1,1,0,0,1,0,0
100108,14,-5366,149,9784,1,1,0,0,1,0,0
100118,29,-5374,143,9784,1,1,0,0,1,0,0
100128,28,-5385,147,9784,1,1,0,0,1,0,0
100139,25,-5385,140,9784,1,1,0,0,1,0,0
100149,25,-5376,130,9784,1,1,0,0,1,0,0
100159,28,-5383,155,9784,1,1,0,0,1,0,0
100169,45,-5388,138,9784,1,1,0,0,1,0,0
100179,32,-5378,149,9784,1,1,0,0,1,0,0
100189,8,-5384,164,9784,1,1,0,0,1,0,0
100199,30,-5381,142,9784,1,1,0,0,1,0,0
100209,22,-5381,138,9784,1,1,0,0,1,0,0
100220,23,-5378,138,9784,1,1,0,0,1,0,0
100230,36,-5384,147,9784,1,1,0,0,1,0,0
100240,36,-5380,159,9784,1,1,0,0,1,0,0
100250,18,-5388,154,9784,1,1,0,0,1,0,0
100260,32,-5382,150,9784,1,1,0,0,1,0,0
100270,24,-5380,148,9784,1,1,0,0,1,0,0
100280,7,-5380,140,9784,1,1,0,0,1,0,0
100290,28,-5387,140,9784,1,1,0,0,1,0,0
100294,34,-5378,153,9784,1,1,0,0,1,0,0
100304,26,-5381,145,9784,1,1,0,0,1,0,0
100314,21,-5386,140,9784,1,1,0,0,1,0,0
100324,20,-5382,150,9784,1,1,0,0,1,0,0
100334,35,-5386,131,9784,1,1,0,0,1,0,0
100345,35,-5388,144,9784,1,1,0,0,1,0,0
100355,14,-5382,163,9784,1,1,0,0,1,0,0
100366,18,-5383,146,9784,1,1,0,0,1,0,0
100376,28,-5387,151,9784,1,1,0,0,1,0,0
100387,15,-5385,140,9784,1,1,0,0,1,0,0
100397,32,-5394,129,9784,1,1,0,0,1,0,0
100407,41,-5367,153,9784,1,1,0,0,1,0,0
100417,18,-5374,145,9784,1,1,0,0,1,0,0
100427,35,-5396,136,9784,1,1,0,0,1,0,0
100437,37,-5385,160,9784,1,1,0,0,1,0,0
100447,24,-5380,152,9784,1,1,0,0,1,0,0
100457,29,-5383,150,9784,1,1,0,0,1,0,0
100468,31,-5378,153,9784,1,1,0,0,1,0,0
100478,14,-5383,148,9784,1,1,0,0,1,0,0
100488,43,-5387,151,9784,1,1,0,0,1,0,0
100498,30,-5384,157,9784,1,1,0,0,1,0,0
100508,17,-5372,140,9784,1,1,0,0,1,0,0
100518,20,-5384,157,9784,1,1,0,0,1,0,0
100528,13,-5382,152,9784,1,1,0,0,1,0,0
100538,28,-5381,145,9784,1,1,0,0,1,0,0
100548,32,-5389,143,9826,1,1,0,0,1,0,0
100558,29,-5380,136,9826,1,1,0,0,1,0,0
100568,37,-5370,151,9826,1,1,0,0,1,0,0
100578,22,-5391,143,9826,1,1,0,0,1,0,0
100588,20,-5383,134,9826,1,1,0,0,1,0,0
100598,28,-5372,140,9826,1,1,0,0,1,0,0
100608,20,-5372,152,9826,1,1,1,0,1,0,0
100619,26,-5385,141,9826,1,1,0,0,1,0,0
100624,32,-5382,152,9826,1,1,0,0,1,0,0
100634,18,-5375,139,9826,1,1,0,0,1,0,0
100644,25,-5379,133,9826,1,1,0,0,1,0,0
100655,18,-5389,152,9826,1,1,0,0,1,0,0
100665,34,-5390,145,9826,1,1,0,0,1,0,0
100676,27,-5392,154,9826,1,1,0,0,1,0,0
100686,19,-5384,142,9826,1,1,0,0,1,0,0
100697,36,-5389,142,9826,1,1,0,0,1,0,0
100707,16,-5379,143,9826,1,1,0,0,1,0,0
100718,18,-5383,132,9826,1,1,0,0,1,0,0
100728,36,-5395,150,9826,1,1,0,0,1,0,0
100729,13,-5386,142,9826,1,1,0,0,1,0,0
100739,35,-5382,141,9826,1,1,0,0,1,0,0
100749,14,-5390,151,9826,1,1,0,0,1,0,0
100760,24,-5386,147,9826,1,1,0,0,1,0,0
100770,40,-5383,143,9826,1,1,0,0,1,0,0
100781,18,-5381,142,9826,1,1,0,0,1,0,0
100791,40,-5380,139,9826,1,1,0,0,1,0,0
100799,32,-5383,161,9826,1,1,0,0,1,0,0
100809,30,-5387,142,9826,1,1,0,0,1,0,0
100819,33,-5383,143,9826,1,1,0,0,1,0,0
100830,10,-5387,152,9826,1,1,0,0,1,0,0
100840,-2,-5378,148,9826,1,1,0,0,1,0,0
100851,26,-5369,147,9826,1,1,0,0,1,0,0
100861,40,-5377,149,9826,1,1,0,0,1,0,0
100872,20,-5386,142,9826,1,1,0,0,1,0,0
100882,35,-5385,134,9826,1,1,0,0,1,0,0
100893,22,-5386,160,9826,1,1,0,0,1,0,0
100903,22,-5371,145,9826,1,1,0,0,1,0,0
100913,41,-5386,138,9826,1,1,0,0,1,0,0
100923,21,-5386,133,9826,1,1,0,0,1,0,0
100933,27,-5380,137,9826,1,1,0,0,1,0,0
100943,30,-5379,151,9826,1,1,0,0,1,0,0
100953,17,-5389,139,9826,1,1,0,0,1,0,0
100963,31,-5376,133,9826,1,1,0,0,1,0,0
100974,29,-5367,164,9826,1,1,0,0,1,0,0
100984,14,-5383,150,9826,1,1,0,0,1,0,0
100994,23,-5393,136,9826,1,1,0,0,1,0,0
101004,30,-5384,147,9826,1,1,0,0,1,0,0
101014,15,-5378,143,9826,1,1,0,0,1,0,0
101024,24,-5387,138,9826,1,1,0,0,1,0,0
101034,18,-5372,137,9826,1,1,0,0,1,0,0
101044,11,-5396,145,9826,1,1,0,0,1,0,0
101045,34,-5399,142,9826,1,1,0,0,1,0,0
101055,28,-5383,142,9826,1,1,0,0,1,0,0
101065,25,-5392,140,9826,1,1,0,0,1,0,0
101079,48,-5386,148,9863,1,1,0,0,1,0,0
101089,20,-5377,145,9863,1,1,1,0,1,0,0
101100,41,-5386,144,9863,1,1,0,0,1,0,0
101110,27,-5379,156,9863,1,1,0,0,1,0,0
101121,21,-5374,143,9863,1,1,0,0,1,0,0
101131,32,-5387,140,9863,1,1,0,0,1,0,0
101142,15,-5372,147,9863,1,1,0,0,1,0,0
101152,19,-5374,139,9863,1,1,0,0,1,0,0
101162,27,-5378,139,9863,1,1,0,0,1,0,0
101172,18,-5390,141,9863,1,1,0,0,1,0,0
101182,36,-5394,139,9863,1,1,0,0,1,0,0
101192,46,-5381,146,9863,1,1,0,0,1,0,0
101202,14,-5387,141,9863,1,1,0,0,1,0,0
101212,16,-5383,145,9863,1,1,0,0,1,0,0
101223,30,-5370,150,9863,1,1,0,0,1,0,0
101233,15,-5384,142,9863,1,1,0,0,1,0,0
101243,28,-5385,135,9863,1,1,0,0,1,0,0
101253,21,-5381,151,9863,1,1,0,0,1,0,0
101263,19,-5396,150,9863,1,1,0,0,1,0,0
101273,25,-5392,143,9863,1,1,0,0,1,0,0
101283,4,-5384,148,9863,1,1,0,0,1,0,0
101293,27,-5378,149,9863,1,1,0,0,1,0,0
101303,18,-5376,143,9863,1,1,0,0,1,0,0
101304,29,-5378,141,9863,1,1,0,0,1,0,0
101314,42,-5372,154,9863,1,1,0,0,1,0,0
101324,23,-5387,142,9863,1,1,0,0,1,0,0
101334,30,-5383,134,9863,1,1,0,0,1,0,0
101344,23,-5390,144,9863,1,1,0,0,1,0,0
101354,37,-5378,146,9863,1,1,0,0,1,0,0
101364,31,-5384,144,9863,1,1,0,0,1,0,0
101374,12,-5378,142,9863,1,1,0,0,1,0,0
101385,21,-5376,138,9863,1,1,0,0,1,0,0
101395,23,-5376,145,9863,1,1,0,0,1,0,0
101405,19,-5380,146,9863,1,1,0,0,1,0,0
101415,29,-5387,136,9863,1,1,0,0,1,0,0
101425,15,-5375,151,9863,1,1,0,0,1,0,0
101435,26,-5382,143,9863,1,1,0,0,1,0,0
101445,24,-5380,133,9863,1,1,0,0,1,0,0
101455,27,-5378,142,9863,1,1,0,0,1,0,0
101466,25,-5386,145,9863,1,1,0,0,1,0,0
101476,26,-5387,132,9863,1,1,0,0,1,0,0
101486,18,-5385,136,9863,1,1,0,0,1,0,0
101496,17,-5384,137,9863,1,1,0,0,1,0,0
101506,31,-5389,145,9863,1,1,0,0,1,0,0
101516,27,-5371,156,9863,1,1,0,0,1,0,0
101526,35,-5371,146,9863,1,1,0,0,1,0,0
101536,16,-5380,142,9863,1,1,0,0,1,0,0
101544,11,-5395,144,9863,1,1,0,0,1,0,0
101554,33,-5383,147,9863,1,1,0,0,1,0,0
101564,18,-5402,151,9863,1,1,0,0,1,0,0
101574,38,-5390,147,9863,1,1,0,0,1,0,0
101584,42,-5383,150,9863,1,1,0,0,1,0,0
101585,-7,-5384,133,9902,1,1,0,0,1,0,0
101595,-3,-5398,137,9902,1,1,0,0,1,0,0
101605,36,-5387,137,9902,1,1,1,0,1,0,0
101628,19,-5377,139,9902,1,1,0,0,1,0,0
101638,18,-5370,139,9902,1,1,0,0,1,0,0
101648,26,-5384,145,9902,1,1,0,0,1,0,0
101649,23,-5390,134,9902,1,1,0,0,1,0,0
101659,43,-5383,134,9902,1,1,0,0,1,0,0
101669,34,-5369,148,9902,1,1,0,0,1,0,0
101680,9,-5381,148,9902,1,1,0,0,1,0,0
101690,36,-5392,138,9902,1,1,0,0,1,0,0
101701,24,-5388,150,9902,1,1,0,0,1,0,0
101711,12,-5388,146,9902,1,1,0,0,1,0,0
101721,31,-5382,140,9902,1,1,0,0,1,0,0
101731,12,-5390,151,9902,1,1,0,0,1,0,0
101741,33,-5380,151,9902,1,1,0,0,1,0,0
101751,30,-5384,150,9902,1,1,0,0,1,0,0
101761,27,-5386,148,9902,1,1,0,0,1,0,0
101771,32,-5387,139,9902,1,1,0,0,1,0,0
101782,24,-5379,151,9902,1,1,0,0,1,0,0
101792,24,-5389,140,9902,1,1,0,0,1,0,0
101799,32,-5390,149,9902,1,1,0,0,1,0,0
101809,18,-5383,139,9902,1,1,0,0,1,0,0
101819,31,-5384,142,9902,1,1,0,0,1,0,0
101830,32,-5379,150,9902,1,1,0,0,1,0,0
101840,21,-5385,143,9902,1,1,0,0,1,0,0
101851,37,-5385,150,9902,1,1,0,0,1,0,0
101861,17,-5381,148,9902,1,1,0,0,1,0,0
101872,14,-5384,137,9902,1,1,0,0,1,0,0
101882,27,-5380,150,9902,1,1,0,0,1,0,0
101893,13,-5385,139,9902,1,1,0,0,1,0,0
101903,39,-5389,139,9902,1,1,0,0,1,0,0
101914,22,-5390,158,9902,1,1,0,0,1,0,0
101924,30,-5372,143,9902,1,1,0,0,1,0,0
101925,26,-5379,149,9902,1,1,0,0,1,0,0
101935,10,-5382,145,9902,1,1,0,0,1,0,0
101945,39,-5372,142,9902,1,1,0,0,1,0,0
101956,17,-5379,148,9902,1,1,0,0,1,0,0
101966,24,-5381,153,9902,1,1,0,0,1,0,0
101976,31,-5395,142,9902,1,1,0,0,1,0,0
101986,3,-5381,151,9902,1,1,0,0,1,0,0
101996,28,-5374,150,9902,1,1,0,0,1,0,0
102006,23,-5380,160,9902,1,1,0,0,1,0,0
102016,13,-5376,141,9902,1,1,0,0,1,0,0
102026,14,-5378,131,9902,1,1,0,0,1,0,0
102037,29,-5376,152,9902,1,1,0,0,1,0,0
102047,11,-5383,150,9902,1,1,0,0,1,0,0
102057,41,-5389,140,9902,1,1,0,0,1,0,0
102067,33,-5381,139,9902,1,1,0,0,1,0,0
102077,12,-5392,148,9902,1,1,0,0,1,0,0
102087,28,-5373,145,9902,1,1,0,0,1,0,0
102097,22,-5368,154,9902,1,1,0,0,1,0,0
102107,24,-5386,133,9902,1,1,0,0,1,0,0
102122,30,-5372,150,9945,1,1,0,0,1,0,0
102132,12,-5382,146,9945,1,1,1,0,1,0,0
102133,21,-5389,140,9945,1,1,0,0,1,0,0
102143,17,-5381,144,9945,1,1,0,0,1,0,0
102153,16,-5395,134,9945,1,1,0,0,1,0,0
102164,20,-5382,137,9945,1,1,0,0,1,0,0
102174,37,-5372,147,9945,1,1,0,0,1,0,0
102185,24,-5386,142,9945,1,1,0,0,1,0,0
102195,34,-5370,136,9945,1,1,0,0,1,0,0
102206,25,-5371,166,9945,1,1,0,0,1,0,0
102216,17,-5393,150,9945,1,1,0,0,1,0,0
102226,35,-5385,143,9945,1,1,0,0,1,0,0
102236,33,-5374,146,9945,1,1,0,0,1,0,0
102246,16,-5384,138,9945,1,1,0,0,1,0,0
102256,34,-5398,146,9945,1,1,0,0,1,0,0
102266,36,-5379,144,9945,1,1,0,0,1,0,0
102276,16,-5384,150,9945,1,1,0,0,1,0,0
102287,33,-5382,133,9945,1,1,0,0,1,0,0
102297,20,-5389,153,9945,1,1,0,0,1,0,0
102307,28,-5383,127,9945,1,1,0,0,1,0,0
102317,23,-5388,138,9945,1,1,0,0,1,0,0
102327,25,-5389,155,9945,1,1,0,0,1,0,0
102337,31,-5388,144,9945,1,1,0,0,1,0,0
102347,19,-5387,154,9945,1,1,0,0,1,0,0
102357,13,-5385,132,9945,1,1,0,0,1,0,0
102368,47,-5380,140,9945,1,1,0,0,1,0,0
102378,29,-5379,136,9945,1,1,0,0,1,0,0
102388,23,-5380,149,9945,1,1,0,0,1,0,0
102398,35,-5386,164,9945,1,1,0,0,1,0,0
102408,17,-5390,155,9945,1,1,0,0,1,0,0
102418,28,-5380,149,9945,1,1,0,0,1,0,0
102428,36,-5390,148,9945,1,1,0,0,1,0,0
102438,26,-5389,151,9945,1,1,0,0,1,0,0
102449,36,-5381,139,9945,1,1,0,0,1,0,0
102459,23,-5393,134,9945,1,1,0,0,1,0,0
102469,22,-5386,141,9945,1,1,0,0,1,0,0
102479,25,-5374,135,9945,1,1,0,0,1,0,0
102489,20,-5387,150,9945,1,1,0,0,1,0,0
102499,27,-5388,137,9945,1,1,0,0,1,0,0
102509,18,-5379,152,9945,1,1,0,0,1,0,0
102519,34,-5369,139,9945,1,1,0,0,1,0,0
102529,32,-5370,134,9945,1,1,0,0,1,0,0
102530,18,-5384,155,9945,1,1,0,0,1,0,0
102540,31,-5382,146,9945,1,1,0,0,1,0,0
102556,35,-5383,150,9945,1,1,0,0,1,0,0
102566,14,-5379,137,9945,1,1,0,0,1,0,0
102576,15,-5375,130,9945,1,1,0,0,1,0,0
102586,22,-5384,158,9945,1,1,0,0,1,0,0
102597,31,-5388,139,9945,1,1,0,0,1,0,0
102607,30,-5387,145,9945,1,1,0,0,1,0,0
102608,11,-5388,148,9945,1,1,0,0,1,0,0
102618,23,-5377,144,9945,1,1,0,0,1,0,0
102628,18,-5392,145,9945,1,1,0,0,1,0,0
102633,17,-5389,141,9983,1,1,0,0,1,0,0
102643,45,-5391,139,9983,1,1,0,0,1,0,0
102653,21,-5382,159,9983,1,1,1,0,1,0,0
102674,18,-5394,136,9983,1,1,0,0,1,0,0
102684,31,-5392,134,9983,1,1,0,0,1,0,0
102694,27,-5391,152,9983,1,1,0,0,1,0,0
102705,20,-5387,141,9983,1,1,0,0,1,0,0
102715,34,-5370,140,9983,1,1,0,0,1,0,0
102726,25,-5378,160,9983,1,1,0,0,1,0,0
102736,28,-5382,142,9983,1,1,0,0,1,0,0
102737,43,-5378,141,9983,1,1,0,0,1,0,0
102747,21,-5369,142,9983,1,1,0,0,1,0,0
102757,24,-5376,130,9983,1,1,0,0,1,0,0
102768,25,-5376,149,9983,1,1,0,0,1,0,0
102778,12,-5391,141,9983,1,1,0,0,1,0,0
102789,32,-5374,130,9983,1,1,0,0,1,0,0
102799,26,-5375,138,9983,1,1,0,0,1,0,0
102810,13,-5381,141,9983,1,1,0,0,1,0,0
102820,35,-5383,144,9983,1,1,0,0,1,0,0
102830,43,-5371,144,9983,1,1,0,0,1,0,0
102841,31,-5372,150,9983,1,1,0,0,1,0,0
102851,25,-5392,139,9983,1,1,0,0,1,0,0
102862,18,-5375,156,9983,1,1,0,0,1,0,0
102872,19,-5373,145,9983,1,1,0,0,1,0,0
102883,34,-5385,134,9983,1,1,0,0,1,0,0
102893,21,-5385,157,9983,1,1,0,0,1,0,0
102904,13,-5381,147,9983,1,1,0,0,1,0,0
102914,20,-5382,155,9983,1,1,0,0,1,0,0
102924,15,-5389,146,9983,1,1,0,0,1,0,0
102934,37,-5385,138,9983,1,1,0,0,1,0,0
102944,20,-5376,149,9983,1,1,0,0,1,0,0
102954,7,-5385,149,9983,1,1,0,0,1,0,0
102964,29,-5387,140,9983,1,1,0,0,1,0,0
102974,13,-5384,143,9983,1,1,0,0,1,0,0
102984,13,-5384,141,9983,1,1,0,0,1,0,0
102985,42,-5401,151,9983,1,1,0,0,1,0,0
102995,26,-5381,150,9983,1,1,0,0,1,0,0
103005,18,-5383,130,9983,1,1,0,0,1,0,0
103015,33,-5382,140,9983,1,1,0,0,1,0,0
103025,29,-5388,140,9983,1,1,0,0,1,0,0
103035,15,-5365,142,9983,1,1,0,0,1,0,0
103045,24,-5382,154,9983,1,1,0,0,1,0,0
103055,19,-5389,150,9983,1,1,0,0,1,0,0
103066,30,-5376,144,9983,1,1,0,0,1,0,0
103076,16,-5384,150,9983,1,1,0,0,1,0,0
103086,16,-5384,142,9983,1,1,0,0,1,0,0
103096,29,-5380,149,9983,1,1,0,0,1,0,0
103106,19,-5378,144,9983,1,1,0,0,1,0,0
103116,40,-5379,149,9983,1,1,0,0,1,0,0
103126,11,-5386,154,9983,1,1,0,0,1,0,0
103136,30,-5378,140,9983,1,1,0,0,1,0,0
103147,46,-5389,141,9983,1,1,0,0,1,0,0
103157,23,-5399,137,9983,1,1,0,0,1,0,0
103167,37,-5375,136,10027,1,1,0,0,1,0,0
103177,26,-5387,144,10027,1,1,1,0,1,0,0
103187,16,-5382,141,10027,1,1,0,0,1,0,0
103197,41,-5382,140,10027,1,1,0,0,1,0,0
103207,14,-5368,154,10027,1,1,0,0,1,0,0
103217,25,-5376,142,10027,1,1,0,0,1,0,0
103228,38,-5380,137,10027,1,1,0,0,1,0,0
103238,13,-5378,140,10027,1,1,0,0,1,0,0
103248,24,-5391,151,10027,1,1,0,0,1,0,0
103258,26,-5381,139,10027,1,1,0,0,1,0,0
103268,7,-5384,138,10027,1,1,0,0,1,0,0
103278,33,-5393,149,10027,1,1,0,0,1,0,0
103288,35,-5385,131,10027,1,1,0,0,1,0,0
103298,13,-5372,150,10027,1,1,0,0,1,0,0
103309,22,-5372,150,10027,1,1,0,0,1,0,0
103319,34,-5374,162,10027,1,1,0,0,1,0,0
103329,8,-5375,156,10027,1,1,0,0,1,0,0
103339,25,-5391,146,10027,1,1,0,0,1,0,0
103349,18,-5381,142,10027,1,1,0,0,1,0,0
103359,9,-5373,155,10027,1,1,0,0,1,0,0
103369,29,-5378,146,10027,1,1,0,0,1,0,0
103379,22,-5378,136,10027,1,1,0,0,1,0,0
103380,13,-5379,153,10027,1,1,0,0,1,0,0
103390,22,-5384,144,10027,1,1,0,0,1,0,0
103400,20,-5375,140,10027,1,1,0,0,1,0,0
103410,13,-5379,147,10027,1,1,0,0,1,0,0
103420,33,-5384,129,10027,1,1,0,0,1,0,0
103430,28,-5372,141,10027,1,1,0,0,1,0,0
103440,23,-5375,152,10027,1,1,0,0,1,0,0
103450,44,-5386,141,10027,1,1,0,0,1,0,0
103460,27,-5390,154,10027,1,1,0,0,1,0,0
103471,10,-5375,136,10027,1,1,0,0,1,0,0
103481,28,-5370,144,10027,1,1,0,0,1,0,0
103491,-1,-5377,145,10027,1,1,0,0,1,0,0
103501,20,-5388,141,10027,1,1,0,0,1,0,0
103511,22,-5378,160,10027,1,1,0,0,1,0,0
103521,22,-5373,145,10027,1,1,0,0,1,0,0
103531,38,-5379,142,10027,1,1,0,0,1,0,0
103541,23,-5393,145,10027,1,1,0,0,1,0,0
103547,24,-5391,145,10027,1,1,0,0,1,0,0
103557,38,-5389,142,10027,1,1,0,0,1,0,0
103567,23,-5382,143,10027,1,1,0,0,1,0,0
103577,25,-5388,132,10027,1,1,0,0,1,0,0
103587,33,-5398,149,10027,1,1,0,0,1,0,0
103598,20,-5383,143,10027,1,1,0,0,1,0,0
103608,20,-5386,149,10027,1,1,0,0,1,0,0
103619,21,-5378,159,10027,1,1,0,0,1,0,0
103629,15,-5380,143,10027,1,1,0,0,1,0,0
103640,16,-5392,151,10027,1,1,0,0,1,0,0
103650,14,-5385,160,10027,1,1,0,0,1,0,0
103660,32,-5372,140,10027,1,1,0,0,1,0,0
103670,41,-5387,138,10027,1,1,0,0,1,0,0
103684,22,-5377,135,10067,1,1,0,0,1,0,0
103694,30,-5375,149,10067,1,1,1,0,1,0,0
103705,20,-5392,149,10067,1,1,0,0,1,0,0
103715,24,-5385,150,10067,1,1,0,0,1,0,0
103716,18,-5379,162,10067,1,1,0,0,1,0,0
103726,24,-5385,144,10067,1,1,0,0,1,0,0
103736,41,-5388,126,10067,1,1,0,0,1,0,0
103746,13,-5387,143,10067,1,1,0,0,1,0,0
103756,35,-5380,143,10067,1,1,0,0,1,0,0
103766,38,-5385,160,10067,1,1,0,0,1,0,0
103776,16,-5382,149,10067,1,1,0,0,1,0,0
103786,30,-5383,142,10067,1,1,0,0,1,0,0
103796,20,-5383,151,10067,1,1,0,0,1,0,0
103797,6,-5381,151,10067,1,1,0,0,1,0,0
103807,35,-5379,141,10067,1,1,0,0,1,0,0
103817,23,-5381,138,10067,1,1,0,0,1,0,0
103838,22,-5383,149,10067,1,1,0,0,1,0,0
103848,25,-5383,145,10067,1,1,0,0,1,0,0
103858,20,-5387,149,10067,1,1,0,0,1,0,0
103868,27,-5387,143,10067,1,1,0,0,1,0,0
103878,27,-5375,137,10067,1,1,0,0,1,0,0
103889,22,-5385,147,10067,1,1,0,0,1,0,0
103899,23,-5392,133,10067,1,1,0,0,1,0,0
103909,39,-5379,146,10067,1,1,0,0,1,0,0
103919,23,-5394,152,10067,1,1,0,0,1,0,0
103929,25,-5387,136,10067,1,1,0,0,1,0,0
103939,24,-5386,148,10067,1,1,0,0,1,0,0
103949,6,-5370,132,10067,1,1,0,0,1,0,0
103959,22,-5381,143,10067,1,1,0,0,1,0,0
103970,33,-5384,152,10067,1,1,0,0,1,0,0
103980,15,-5367,146,10067,1,1,0,0,1,0,0
103990,39,-5385,141,10067,1,1,0,0,1,0,0
104000,24,-5384,152,10067,1,1,0,0,1,0,0
104010,17,-5387,136,10067,1,1,0,0,1,0,0
104020,25,-5378,143,10067,1,1,0,0,1,0,0
104030,26,-5391,157,10067,1,1,0,0,1,0,0
104040,19,-5380,139,10067,1,1,0,0,1,0,0
104051,39,-5379,139,10067,1,1,0,0,1,0,0
104061,21,-5390,157,10067,1,1,0,0,1,0,0
104071,11,-5381,152,10067,1,1,0,0,1,0,0
104081,21,-5377,155,10067,1,1,0,0,1,0,0
104091,18,-5373,143,10067,1,1,0,0,1,0,0
104101,26,-5372,131,10067,1,1,0,0,1,0,0
104111,19,-5376,143,10067,1,1,0,0,1,0,0
104121,24,-5376,152,10067,1,1,0,0,1,0,0
104122,30,-5387,138,10067,1,1,0,0,1,0,0
104132,30,-5372,156,10067,1,1,0,0,1,0,0
104142,8,-5382,148,10067,1,1,0,0,1,0,0
104152,23,-5385,153,10067,1,1,0,0,1,0,0
104162,25,-5380,154,10067,1,1,0,0,1,0,0
104172,18,-5388,142,10067,1,1,0,0,1,0,0
104182,31,-5383,152,10067,1,1,0,0,1,0,0
104192,20,-5382,158,10067,1,1,0,0,1,0,0
104202,30,-5385,148,10067,1,1,0,0,1,0,0
104217,42,-5382,148,10114,1,1,0,0,1,0,0
104227,22,-5379,148,10114,1,1,1,0,1,0,0
104238,43,-5388,136,10114,1,1,0,0,1,0,0
104248,31,-5363,144,10114,1,1,0,0,1,0,0
104259,23,-5379,138,10114,1,1,0,0,1,0,0
104269,35,-5384,144,10114,1,1,0,0,1,0,0
104270,15,-5372,154,10114,1,1,0,0,1,0,0
104280,21,-5383,138,10114,1,1,0,0,1,0,0
104290,33,-5387,148,10114,1,1,0,0,1,0,0
104305,14,-5392,147,10114,1,1,0,0,1,0,0
104315,32,-5383,147,10114,1,1,0,0,1,0,0
104325,37,-5388,149,10114,1,1,0,0,1,0,0
104335,33,-5380,138,10114,1,1,0,0,1,0,0
104346,24,-5376,152,10114,1,1,0,0,1,0,0
104356,23,-5379,146,10114,1,1,0,0,1,0,0
104367,40,-5381,144,10114,1,1,0,0,1,0,0
104377,23,-5384,147,10114,1,1,0,0,1,0,0
104388,23,-5379,151,10114,1,1,0,0,1,0,0
104398,21,-5382,154,10114,1,1,0,0,1,0,0
104399,16,-5382,155,10114,1,1,0,0,1,0,0
104409,23,-5384,155,10114,1,1,0,0,1,0,0
104419,40,-5368,155,10114,1,1,0,0,1,0,0
104430,12,-5376,136,10114,1,1,0,0,1,0,0
104440,34,-5381,143,10114,1,1,0,0,1,0,0
104451,24,-5394,151,10114,1,1,0,0,1,0,0
104461,8,-5392,149,10114,1,1,0,0,1,0,0
104472,26,-5381,135,10114,1,1,0,0,1,0,0
104482,36,-5372,146,10114,1,1,0,0,1,0,0
104492,16,-5378,134,10114,1,1,0,0,1,0,0
104502,35,-5392,144,10114,1,1,0,0,1,0,0
104512,16,-5372,141,10114,1,1,0,0,1,0,0
104522,19,-5376,148,10114,1,1,0,0,1,0,0
104532,26,-5383,143,10114,1,1,0,0,1,0,0
104542,11,-5374,154,10114,1,1,0,0,1,0,0
104549,11,-5383,141,10114,1,1,0,0,1,0,0
104559,38,-5389,138,10114,1,1,0,0,1,0,0
104569,6,-5374,151,10114,1,1,0,0,1,0,0
104579,8,-5382,133,10114,1,1,0,0,1,0,0
104589,34,-5375,141,10114,1,1,0,0,1,0,0
104599,16,-5378,158,10114,1,1,0,0,1,0,0
104610,18,-5390,137,10114,1,1,0,0,1,0,0
104620,38,-5395,144,10114,1,1,0,0,1,0,0
104631,23,-5373,150,10114,1,1,0,0,1,0,0
104641,26,-5380,137,10114,1,1,0,0,1,0,0
104651,24,-5372,147,10114,1,1,0,0,1,0,0
104661,-5,-5387,144,10114,1,1,0,0,1,0,0
104671,20,-5374,139,10114,1,1,0,0,1,0,0
104681,37,-5382,136,10114,1,1,0,0,1,0,0
104691,24,-5378,137,10114,1,1,0,0,1,0,0
104701,25,-5390,141,10114,1,1,0,0,1,0,0
104711,16,-5394,163,10114,1,1,0,0,1,0,0
104721,16,-5384,149,10114,1,1,0,0,1,0,0
104731,40,-5382,135,10139,1,1,0,0,1,0,0
104741,17,-5388,138,10139,1,1,1,0,1,0,0
104751,17,-5392,133,10139,1,1,0,0,1,0,0
104761,27,-5389,147,10139,1,1,0,0,1,0,0
104771,22,-5387,143,10139,1,1,0,0,1,0,0
104781,28,-5389,143,10139,1,1,0,0,1,0,0
104792,33,-5378,144,10139,1,1,0,0,1,0,0
104802,28,-5380,147,10139,1,1,0,0,1,0,0
104810,27,-5394,145,10139,1,1,0,0,1,0,0
104820,30,-5380,149,10139,1,1,0,0,1,0,0
104830,21,-5379,148,10139,1,1,0,0,1,0,0
104841,23,-5381,149,10139,1,1,0,0,1,0,0
104851,14,-5385,154,10139,1,1,0,0,1,0,0
104862,22,-5385,143,10139,1,1,0,0,1,0,0
104872,20,-5379,144,10139,1,1,0,0,1,0,0
104873,29,-5386,148,10139,1,1,0,0,1,0,0
104883,39,-5388,152,10139,1,1,0,0,1,0,0
104893,20,-5383,136,10139,1,1,0,0,1,0,0
104904,24,-5377,131,10139,1,1,0,0,1,0,0
104914,24,-5382,155,10139,1,1,0,0,1,0,0
104925,9,-5382,142,10139,1,1,0,0,1,0,0
104935,19,-5377,145,10139,1,1,0,0,1,0,0
104946,25,-5380,139,10139,1,1,0,0,1,0,0
104956,45,-5386,133,10139,1,1,0,0,1,0,0
104967,38,-5391,160,10139,1,1,0,0,1,0,0
104977,17,-5388,151,10139,1,1,0,0,1,0,0
104987,32,-5381,136,10139,1,1,0,0,1,0,0
104997,32,-5369,147,10139,1,1,0,0,1,0,0
105007,10,-5377,149,10139,1,1,0,0,1,0,0
105017,34,-5396,140,10139,1,1,0,0,1,0,0
105027,22,-5375,145,10139,1,1,0,0,1,0,0
105037,22,-5385,145,10139,1,1,0,0,1,0,0
105048,44,-5382,127,10139,1,1,0,0,1,0,0
105058,28,-5392,142,10139,1,1,0,0,1,0,0
105068,17,-5373,141,10139,1,1,0,0,1,0,0
105078,32,-5376,148,10139,1,1,0,0,1,0,0
105088,35,-5391,140,10139,1,1,0,0,1,0,0
105098,38,-5387,140,10139,1,1,0,0,1,0,0
105108,47,-5381,138,10139,1,1,0,0,1,0,0
105118,23,-5381,144,10139,1,1,0,0,1,0,0
105129,34,-5376,141,10139,1,1,0,0,1,0,0
105139,36,-5378,156,10139,1,1,0,0,1,0,0
105149,12,-5380,140,10139,1,1,0,0,1,0,0
105159,37,-5382,139,10139,1,1,0,0,1,0,0
105169,29,-5372,162,10139,1,1,0,0,1,0,0
105179,18,-5392,145,10139,1,1,0,0,1,0,0
105189,29,-5379,131,10139,1,1,0,0,1,0,0
105199,32,-5362,154,10139,1,1,0,0,1,0,0
105200,18,-5380,155,10139,1,1,0,0,1,0,0
105210,12,-5380,118,10139,1,1,0,0,1,0,0
105220,23,-5385,146,10139,1,1,0,0,1,0,0
105230,13,-5374,153,10139,1,1,0,0,1,0,0
105240,28,-5381,145,10139,1,1,0,0,1,0,0
105250,22,-5379,146,10188,1,1,0,0,1,0,0
105260,24,-5381,149,10188,1,1,1,0,1,0,0
105270,30,-5384,143,10188,1,1,0,0,1,0,0
105280,21,-5381,148,10188,1,1,0,0,1,0,0
105291,35,-5381,140,10188,1,1,0,0,1,0,0
105301,42,-5384,148,10188,1,1,0,0,1,0,0
105311,20,-5374,161,10188,1,1,0,0,1,0,0
105321,40,-5381,129,10188,1,1,0,0,1,0,0
105331,29,-5381,135,10188,1,1,0,0,1,0,0
105341,10,-5382,147,10188,1,1,0,0,1,0,0
105351,34,-5388,139,10188,1,1,0,0,1,0,0
105361,17,-5383,141,10188,1,1,0,0,1,0,0
105372,19,-5380,147,10188,1,1,0,0,1,0,0
105382,30,-5386,140,10188,1,1,0,0,1,0,0
105392,11,-5382,148,10188,1,1,0,0,1,0,0
105402,13,-5378,140,10188,1,1,0,0,1,0,0
105412,23,-5390,144,10188,1,1,0,0,1,0,0
105422,29,-5390,134,10188,1,1,0,0,1,0,0
105432,41,-5382,137,10188,1,1,0,0,1,0,0
105442,21,-5378,142,10188,1,1,0,0,1,0,0
105453,19,-5372,152,10188,1,1,0,0,1,0,0
105463,26,-5371,139,10188,1,1,0,0,1,0,0
105473,1,-5390,137,10188,1,1,0,0,1,0,0
105483,31,-5377,146,10188,1,1,0,0,1,0,0
105493,16,-5373,154,10188,1,1,0,0,1,0,0
105503,24,-5381,147,10188,1,1,0,0,1,0,0
105513,36,-5385,133,10188,1,1,0,0,1,0,0
105523,28,-5379,133,10188,1,1,0,0,1,0,0
105534,29,-5383,141,10188,1,1,0,0,1,0,0
105544,19,-5391,160,10188,1,1,0,0,1,0,0
105550,31,-5373,150,10188,1,1,0,0,1,0,0
105560,32,-5373,140,10188,1,1,0,0,1,0,0
105570,28,-5386,141,10188,1,1,0,0,1,0,0
105580,30,-5385,158,10188,1,1,0,0,1,0,0
105590,16,-5364,150,10188,1,1,0,0,1,0,0
105601,22,-5375,138,10188,1,1,0,0,1,0,0
105611,31,-5382,129,10188,1,1,0,0,1,0,0
105622,23,-5376,156,10188,1,1,0,0,1,0,0
105632,10,-5392,135,10188,1,1,0,0,1,0,0
105637,27,-5385,135,10188,1,1,0,0,1,0,0
105647,29,-5388,154,10188,1,1,0,0,1,0,0
105657,10,-5383,141,10188,1,1,0,0,1,0,0
105668,39,-5387,150,10188,1,1,0,0,1,0,0
105678,24,-5382,145,10188,1,1,0,0,1,0,0
105689,13,-5379,157,10188,1,1,0,0,1,0,0
105699,39,-5395,142,10188,1,1,0,0,1,0,0
105710,34,-5392,149,10188,1,1,0,0,1,0,0
105720,30,-5379,143,10188,1,1,0,0,1,0,0
105731,23,-5382,147,10188,1,1,0,0,1,0,0
105741,18,-5384,144,10188,1,1,0,0,1,0,0
105752,27,-5395,142,10188,1,1,0,0,1,0,0
105762,30,-5394,142,10188,1,1,0,0,1,0,0
105763,25,-5385,141,10214,1,1,0,0,1,0,0
105773,30,-5395,142,10214,1,1,0,0,1,0,0
105783,28,-5385,148,10214,1,1,1,0,1,0,0
105794,14,-5383,146,10214,1,1,0,0,1,0,0
105804,33,-5376,145,10214,1,1,0,0,1,0,0
105822,38,-5387,140,10214,1,1,0,0,1,0,0
105832,26,-5381,148,10214,1,1,0,0,1,0,0
105833,40,-5395,136,10214,1,1,0,0,1,0,0
105843,14,-5375,151,10214,1,1,0,0,1,0,0
105853,15,-5377,139,10214,1,1,0,0,1,0,0
105864,25,-5386,142,10214,1,1,0,0,1,0,0
105874,28,-5390,166,10214,1,1,0,0,1,0,0
105885,26,-5382,146,10214,1,1,0,0,1,0,0
105895,30,-5389,141,10214,1,1,0,0,1,0,0
105906,21,-5377,142,10214,1,1,0,0,1,0,0
105916,24,-5375,137,10214,1,1,0,0,1,0,0
105926,29,-5381,152,10214,1,1,0,0,1,0,0
105936,20,-5379,141,10214,1,1,0,0,1,0,0
105946,34,-5378,134,10214,1,1,0,0,1,0,0
105956,7,-5381,149,10214,1,1,0,0,1,0,0
105966,7,-5377,146,10214,1,1,0,0,1,0,0
105976,27,-5369,146,10214,1,1,0,0,1,0,0
105987,23,-5371,157,10214,1,1,0,0,1,0,0
105997,12,-5376,144,10214,1,1,0,0,1,0,0
106007,33,-5388,129,10214,1,1,0,0,1,0,0
106017,23,-5371,152,10214,1,1,0,0,1,0,0
106027,19,-5378,124,10214,1,1,0,0,1,0,0
106037,25,-5368,143,10214,1,1,0,0,1,0,0
106047,20,-5368,151,10214,1,1,0,0,1,0,0
106057,40,-5389,130,10214,1,1,0,0,1,0,0
106068,17,-5382,152,10214,1,1,0,0,1,0,0
106078,17,-5380,145,10214,1,1,0,0,1,0,0
106088,34,-5373,147,10214,1,1,0,0,1,0,0
106098,5,-5384,150,10214,1,1,0,0,1,0,0
106108,20,-5384,144,10214,1,1,0,0,1,0,0
106118,31,-5376,156,10214,1,1,0,0,1,0,0
106128,19,-5377,140,10214,1,1,0,0,1,0,0
106138,29,-5386,154,10214,1,1,0,0,1,0,0
106139,23,-5375,140,10214,1,1,0,0,1,0,0
106149,41,-5381,137,10214,1,1,0,0,1,0,0
106159,32,-5376,159,10214,1,1,0,0,1,0,0
106169,12,-5376,152,10214,1,1,0,0,1,0,0
106179,20,-5383,153,10214,1,1,0,0,1,0,0
106189,26,-5389,147,10214,1,1,0,0,1,0,0
106199,29,-5379,149,10214,1,1,0,0,1,0,0
106209,34,-5386,144,10214,1,1,0,0,1,0,0
106219,34,-5387,156,10214,1,1,0,0,1,0,0
106230,11,-5387,162,10214,1,1,0,0,1,0,0
106240,41,-5394,143,10214,1,1,0,0,1,0,0
106250,26,-5388,155,10214,1,1,0,0,1,0,0
106260,25,-5388,153,10214,1,1,0,0,1,0,0
106270,32,-5385,132,10214,1,1,0,0,1,0,0
106280,26,-5382,145,10214,1,1,0,0,1,0,0
106294,25,-5375,145,10251,1,1,0,0,1,0,0
106304,29,-5386,146,10251,1,1,1,0,1,0,0
106315,14,-5379,136,10251,1,1,0,0,1,0,0
106325,15,-5382,145,10251,1,1,0,0,1,0,0
106335,17,-5387,153,10251,1,1,0,0,1,0,0
106345,12,-5376,140,10251,1,1,0,0,1,0,0
106355,24,-5381,137,10251,1,1,0,0,1,0,0
106365,24,-5381,151,10251,1,1,0,0,1,0,0
106375,21,-5372,144,10251,1,1,0,0,1,0,0
106385,35,-5383,132,10251,1,1,0,0,1,0,0
106396,29,-5381,147,10251,1,1,0,0,1,0,0
106406,17,-5392,144,10251,1,1,0,0,1,0,0
106416,28,-5375,145,10251,1,1,0,0,1,0,0
106426,26,-5388,152,10251,1,1,0,0,1,0,0
106436,22,-5375,153,10251,1,1,0,0,1,0,0
106446,21,-5369,126,10251,1,1,0,0,1,0,0
106456,36,-5378,134,10251,1,1,0,0,1,0,0
106466,19,-5393,154,10251,1,1,0,0,1,0,0
106476,22,-5391,141,10251,1,1,0,0,1,0,0
106477,25,-5379,149,10251,1,1,0,0,1,0,0
106487,21,-5377,147,10251,1,1,0,0,1,0,0
106497,30,-5378,147,10251,1,1,0,0,1,0,0
106507,22,-5373,145,10251,1,1,0,0,1,0,0
106517,26,-5383,138,10251,1,1,0,0,1,0,0
106527,21,-5394,150,10251,1,1,0,0,1,0,0
106537,17,-5386,134,10251,1,1,0,0,1,0,0
106547,20,-5377,139,10251,1,1,0,0,1,0,0
106563,24,-5391,147,10251,1,1,0,0,1,0,0
106573,24,-5372,157,10251,1,1,0,0,1,0,0
106583,33,-5379,133,10251,1,1,0,0,1,0,0
106593,31,-5399,138,10251,1,1,0,0,1,0,0
106594,24,-5395,137,10251,1,1,0,0,1,0,0
106604,32,-5391,141,10251,1,1,0,0,1,0,0
106614,18,-5377,146,10251,1,1,0,0,1,0,0
106625,8,-5379,146,10251,1,1,0,0,1,0,0
106635,39,-5387,143,10251,1,1,0,0,1,0,0
106650,24,-5374,146,10251,1,1,0,0,1,0,0
106660,37,-5377,135,10251,1,1,0,0,1,0,0
106671,36,-5380,146,10251,1,1,0,0,1,0,0
106681,17,-5377,153,10251,1,1,0,0,1,0,0
106692,40,-5377,155,10251,1,1,0,0,1,0,0
106702,21,-5384,140,10251,1,1,0,0,1,0,0
106703,40,-5376,135,10251,1,1,0,0,1,0,0
106713,26,-5386,149,10251,1,1,0,0,1,0,0
106723,24,-5391,142,10251,1,1,0,0,1,0,0
106733,31,-5387,130,10251,1,1,0,0,1,0,0
106743,14,-5378,147,10251,1,1,0,0,1,0,0
106753,19,-5380,140,10251,1,1,0,0,1,0,0
106763,24,-5372,151,10251,1,1,0,0,1,0,0
106773,19,-5383,147,10251,1,1,0,0,1,0,0
106783,20,-5389,131,10251,1,1,0,0,1,0,0
106793,32,-5382,146,10251,1,1,0,0,1,0,0
106803,20,-5367,146,10251,1,1,0,0,1,0,0
106813,32,-5386,131,10286,1,1,0,0,1,0,0
106823,32,-5387,157,10286,1,1,0,0,1,0,0
106833,21,-5378,145,10286,1,1,1,0,1,0,0
106844,28,-5376,125,10286,1,1,0,0,1,0,0
106854,21,-5377,151,10286,1,1,0,0,1,0,0
106865,12,-5378,147,10286,1,1,0,0,1,0,0
106875,33,-5374,140,10286,1,1,0,0,1,0,0
106886,25,-5377,156,10286,1,1,0,0,1,0,0
106896,25,-5398,149,10286,1,1,0,0,1,0,0
106906,31,-5378,140,10286,1,1,0,0,1,0,0
106916,16,-5383,156,10286,1,1,0,0,1,0,0
106926,23,-5385,147,10286,1,1,0,0,1,0,0
106936,32,-5385,139,10286,1,1,0,0,1,0,0
106946,5,-5381,151,10286,1,1,0,0,1,0,0
106956,19,-5383,140,10286,1,1,0,0,1,0,0
106966,36,-5378,144,10286,1,1,0,0,1,0,0
106976,17,-5373,147,10286,1,1,0,0,1,0,0
106987,19,-5377,147,10286,1,1,0,0,1,0,0
106997,32,-5377,144,10286,1,1,0,0,1,0,0
107007,28,-5369,151,10286,1,1,0,0,1,0,0
107017,24,-5391,145,10286,1,1,0,0,1,0,0
107027,37,-5376,138,10286,1,1,0,0,1,0,0
107037,4,-5385,147,10286,1,1,0,0,1,0,0
107047,10,-5380,143,10286,1,1,0,0,1,0,0
107057,38,-5387,150,10286,1,1,0,0,1,0,0
107068,12,-5382,163,10286,1,1,0,0,1,0,0
107078,15,-5376,137,10286,1,1,0,0,1,0,0
107088,24,-5384,140,10286,1,1,0,0,1,0,0
107098,18,-5382,153,10286,1,1,0,0,1,0,0
107108,41,-5373,134,10286,1,1,0,0,1,0,0
107118,22,-5391,136,10286,1,1,0,0,1,0,0
107128,13,-5396,140,10286,1,1,0,0,1,0,0
107138,32,-5381,148,10286,1,1,0,0,1,0,0
107139,4,-5377,144,10286,1,1,0,0,1,0,0
107149,24,-5392,143,10286,1,1,0,0,1,0,0
107159,29,-5392,140,10286,1,1,0,0,1,0,0
107169,15,-5390,150,10286,1,1,0,0,1,0,0
107179,28,-5378,139,10286,1,1,0,0,1,0,0
107189,33,-5378,156,10286,1,1,0,0,1,0,0
107199,27,-5373,137,10286,1,1,0,0,1,0,0
107209,23,-5386,143,10286,1,1,0,0,1,0,0
107219,32,-5382,158,10286,1,1,0,0,1,0,0
107230,21,-5375,145,10286,1,1,0,0,1,0,0
107240,24,-5386,141,10286,1,1,0,0,1,0,0
107250,24,-5389,140,10286,1,1,0,0,1,0,0
107260,23,-5381,139,10286,1,1,0,0,1,0,0
107270,18,-5378,159,10286,1,1,0,0,1,0,0
107280,17,-5378,140,10286,1,1,0,0,1,0,0
107290,28,-5368,132,10286,1,1,0,0,1,0,0
107300,13,-5375,154,10286,1,1,0,0,1,0,0
107311,28,-5379,145,10286,1,1,0,0,1,0,0
107321,28,-5390,144,10286,1,1,0,0,1,0,0
107335,19,-5379,159,10324,1,1,0,0,1,0,0
107345,39,-5385,135,10324,1,1,1,0,1,0,0
107346,21,-5386,142,10324,1,1,0,0,1,0,0
107356,18,-5391,137,10324,1,1,0,0,1,0,0
107366,29,-5380,138,10324,1,1,0,0,1,0,0
107377,25,-5378,153,10324,1,1,0,0,1,0,0
107387,12,-5387,153,10324,1,1,0,0,1,0,0
107398,39,-5383,148,10324,1,1,0,0,1,0,0
107408,30,-5377,144,10324,1,1,0,0,1,0,0
107418,19,-5381,138,10324,1,1,0,0,1,0,0
107428,30,-5381,139,10324,1,1,0,0,1,0,0
107438,21,-5377,150,10324,1,1,0,0,1,0,0
107448,22,-5384,143,10324,1,1,0,0,1,0,0
107458,27,-5389,137,10324,1,1,0,0,1,0,0
107468,11,-5383,147,10324,1,1,0,0,1,0,0
107479,24,-5379,141,10324,1,1,0,0,1,0,0
107489,29,-5381,151,10324,1,1,0,0,1,0,0
107499,25,-5378,151,10324,1,1,0,0,1,0,0
107509,18,-5382,123,10324,1,1,0,0,1,0,0
107519,29,-5369,149,10324,1,1,0,0,1,0,0
107529,18,-5372,148,10324,1,1,0,0,1,0,0
107539,29,-5387,152,10324,1,1,0,0,1,0,0
107549,22,-5382,159,10324,1,1,0,0,1,0,0
107553,11,-5375,150,10324,1,1,0,0,1,0,0
107563,21,-5372,134,10324,1,1,0,0,1,0,0
107573,36,-5380,150,10324,1,1,0,0,1,0,0
107583,22,-5388,132,10324,1,1,0,0,1,0,0
107593,23,-5388,139,10324,1,1,0,0,1,0,0
107604,38,-5380,150,10324,1,1,0,0,1,0,0
107614,11,-5388,146,10324,1,1,0,0,1,0,0
107625,30,-5377,145,10324,1,1,0,0,1,0,0
107635,27,-5377,153,10324,1,1,0,0,1,0,0
107650,17,-5387,137,10324,1,1,0,0,1,0,0
107660,33,-5372,132,10324,1,1,0,0,1,0,0
107671,19,-5367,154,10324,1,1,0,0,1,0,0
107681,14,-5387,151,10324,1,1,0,0,1,0,0
107682,29,-5390,150,10324,1,1,0,0,1,0,0
107692,21,-5382,145,10324,1,1,0,0,1,0,0
107702,36,-5377,136,10324,1,1,0,0,1,0,0
107713,20,-5379,152,10324,1,1,0,0,1,0,0
107723,10,-5383,154,10324,1,1,0,0,1,0,0
107734,41,-5388,138,10324,1,1,0,0,1,0,0
107744,29,-5382,148,10324,1,1,0,0,1,0,0
107754,15,-5386,138,10324,1,1,0,0,1,0,0
107764,33,-5378,142,10324,1,1,0,0,1,0,0
107774,27,-5387,150,10324,1,1,0,0,1,0,0
107784,24,-5378,150,10324,1,1,0,0,1,0,0
107794,30,-5386,144,10324,1,1,0,0,1,0,0
107804,28,-5384,147,10324,1,1,0,0,1,0,0
107813,18,-5375,136,10324,1,1,0,0,1,0,0
107823,26,-5376,155,10324,1,1,0,0,1,0,0
107833,25,-5398,139,10324,1,1,0,0,1,0,0
107834,29,-5388,134,10359,1,1,0,0,1,0,0
107844,19,-5364,143,10359,1,1,0,0,1,0,0
107854,7,-5393,139,10359,1,1,1,0,1,0,0
107875,32,-5390,138,10359,1,1,0,0,1,0,0
107885,17,-5386,137,10359,1,1,0,0,1,0,0
107895,13,-5388,137,10359,1,1,0,0,1,0,0
107906,26,-5389,156,10359,1,1,0,0,1,0,0
107916,21,-5380,145,10359,1,1,0,0,1,0,0
107926,33,-5384,148,10359,1,1,0,0,1,0,0
107936,11,-5381,143,10359,1,1,0,0,1,0,0
107946,34,-5392,147,10359,1,1,0,0,1,0,0
107956,21,-5384,156,10359,1,1,0,0,1,0,0
107966,18,-5391,141,10359,1,1,0,0,1,0,0
107976,30,-5377,139,10359,1,1,0,0,1,0,0
107987,29,-5378,147,10359,1,1,0,0,1,0,0
107997,12,-5387,154,10359,1,1,0,0,1,0,0
108007,31,-5380,148,10359,1,1,0,0,1,0,0
108017,31,-5379,145,10359,1,1,0,0,1,0,0
108027,20,-5378,136,10359,1,1,0,0,1,0,0
108037,26,-5387,141,10359,1,1,0,0,1,0,0
108047,27,-5372,143,10359,1,1,0,0,1,0,0
108057,23,-5383,146,10359,1,1,0,0,1,0,0
108068,24,-5390,138,10359,1,1,0,0,1,0,0
108078,30,-5380,142,10359,1,1,0,0,1,0,0
108088,22,-5373,137,10359,1,1,0,0,1,0,0
108098,34,-5380,153,10359,1,1,0,0,1,0,0
108108,22,-5389,154,10359,1,1,0,0,1,0,0
108118,29,-5391,130,10359,1,1,0,0,1,0,0
108128,26,-5387,142,10359,1,1,0,0,1,0,0
108138,21,-5385,139,10359,1,1,0,0,1,0,0
108148,31,-5391,126,10359,1,1,0,0,1,0,0
108149,16,-5378,150,10359,1,1,0,0,1,0,0
108159,15,-5389,147,10359,1,1,0,0,1,0,0
108169,27,-5379,134,10359,1,1,0,0,1,0,0
108179,36,-5377,158,10359,1,1,0,0,1,0,0
108189,11,-5388,161,10359,1,1,0,0,1,0,0
108199,24,-5389,140,10359,1,1,0,0,1,0,0
108209,34,-5379,152,10359,1,1,0,0,1,0,0
108219,28,-5376,152,10359,1,1,0,0,1,0,0
108233,37,-5371,145,10359,1,1,0,0,1,0,0
108243,34,-5370,150,10359,1,1,0,0,1,0,0
108253,18,-5382,144,10359,1,1,0,0,1,0,0
108263,31,-5396,148,10359,1,1,0,0,1,0,0
108274,35,-5386,152,10359,1,1,0,0,1,0,0
108284,34,-5387,139,10359,1,1,0,0,1,0,0
108295,30,-5384,151,10359,1,1,0,0,1,0,0
108305,22,-5378,156,10359,1,1,0,0,1,0,0
108306,36,-5384,147,10359,1,1,0,0,1,0,0
108316,29,-5381,145,10359,1,1,0,0,1,0,0
108326,20,-5383,142,10359,1,1,0,0,1,0,0
108337,22,-5389,145,10359,1,1,0,0,1,0,0
108347,15,-5375,147,10359,1,1,0,0,1,0,0
108358,13,-5373,136,10359,1,1,0,0,1,0,0
108368,20,-5377,148,10359,1,1,0,0,1,0,0
108379,15,-5378,136,10399,1,1,0,0,1,0,0
108389,21,-5379,139,10399,1,1,1,0,1,0,0
108400,35,-5374,146,10399,1,1,0,0,1,0,0
108410,5,-5385,153,10399,1,1,0,0,1,0,0
108420,29,-5388,144,10399,1,1,0,0,1,0,0
108430,28,-5379,145,10399,1,1,0,0,1,0,0
108440,11,-5384,153,10399,1,1,0,0,1,0,0
108450,26,-5378,155,10399,1,1,0,0,1,0,0
108460,17,-5395,153,10399,1,1,0,0,1,0,0
108470,22,-5372,134,10399,1,1,0,0,1,0,0
108481,31,-5370,143,10399,1,1,0,0,1,0,0
108491,25,-5390,133,10399,1,1,0,0,1,0,0
108501,27,-5388,145,10399,1,1,0,0,1,0,0
108511,17,-5390,136,10399,1,1,0,0,1,0,0
108521,33,-5385,141,10399,1,1,0,0,1,0,0
108531,29,-5393,158,10399,1,1,0,0,1,0,0
108541,21,-5373,140,10399,1,1,0,0,1,0,0
108551,28,-5382,141,10399,1,1,0,0,1,0,0
108553,18,-5386,153,10399,1,1,0,0,1,0,0
108563,18,-5372,138,10399,1,1,0,0,1,0,0
108573,33,-5380,148,10399,1,1,0,0,1,0,0
108583,12,-5376,151,10399,1,1,0,0,1,0,0
108593,18,-5386,138,10399,1,1,0,0,1,0,0
108603,44,-5380,149,10399,1,1,0,0,1,0,0
108614,1,-5365,162,10399,1,1,0,0,1,0,0
108624,19,-5383,149,10399,1,1,0,0,1,0,0
108639,38,-5392,143,10399,1,1,0,0,1,0,0
108649,23,-5382,142,10399,1,1,0,0,1,0,0
108660,24,-5388,142,10399,1,1,0,0,1,0,0
108670,19,-5395,139,10399,1,1,0,0,1,0,0
108671,12,-5380,140,10399,1,1,0,0,1,0,0
108681,27,-5391,141,10399,1,1,0,0,1,0,0
108691,36,-5394,156,10399,1,1,0,0,1,0,0
108702,24,-5373,153,10399,1,1,0,0,1,0,0
108712,35,-5366,144,10399,1,1,0,0,1,0,0
108722,25,-5373,144,10399,1,1,0,0,1,0,0
108732,29,-5375,146,10399,1,1,0,0,1,0,0
108742,20,-5383,139,10399,1,1,0,0,1,0,0
108752,19,-5386,152,10399,1,1,0,0,1,0,0
108762,21,-5373,147,10399,1,1,0,0,1,0,0
108772,37,-5373,161,10399,1,1,0,0,1,0,0
108782,14,-5378,141,10399,1,1,0,0,1,0,0
108792,14,-5389,131,10399,1,1,0,0,1,0,0
108803,36,-5376,150,10399,1,1,0,0,1,0,0
108813,14,-5389,146,10399,1,1,0,0,1,0,0
108824,17,-5392,140,10399,1,1,0,0,1,0,0
108834,28,-5378,151,10399,1,1,0,0,1,0,0
108845,24,-5382,157,10399,1,1,0,0,1,0,0
108855,25,-5387,138,10399,1,1,0,0,1,0,0
108866,34,-5386,150,10399,1,1,0,0,1,0,0
108876,11,-5379,136,10399,1,1,0,0,1,0,0
108887,19,-5387,137,10399,1,1,0,0,1,0,0
108897,26,-5381,156,10399,1,1,0,0,1,0,0
108907,31,-5392,144,10419,1,1,0,0,1,0,0
108917,47,-5389,145,10419,1,1,1,0,1,0,0
108927,23,-5382,145,10419,1,1,0,0,1,0,0
108937,24,-5376,133,10419,1,1,0,0,1,0,0
108947,23,-5373,150,10419,1,1,0,0,1,0,0
108957,27,-5385,142,10419,1,1,0,0,1,0,0
108968,23,-5386,143,10419,1,1,0,0,1,0,0
108978,24,-5383,147,10419,1,1,0,0,1,0,0
108988,30,-5387,147,10419,1,1,0,0,1,0,0
108998,40,-5384,136,10419,1,1,0,0,1,0,0
109008,18,-5373,147,10419,1,1,0,0,1,0,0
109018,15,-5394,132,10419,1,1,0,0,1,0,0
109028,27,-5385,148,10419,1,1,0,0,1,0,0
109038,9,-5384,151,10419,1,1,0,0,1,0,0
109048,29,-5386,135,10419,1,1,0,0,1,0,0
109049,27,-5380,157,10419,1,1,0,0,1,0,0
109059,9,-5390,149,10419,1,1,0,0,1,0,0
109069,27,-5371,134,10419,1,1,0,0,1,0,0
109079,21,-5378,146,10419,1,1,0,0,1,0,0
109089,27,-5393,143,10419,1,1,0,0,1,0,0
109099,21,-5384,151,10419,1,1,0,0,1,0,0
109109,33,-5383,133,10419,1,1,0,0,1,0,0
109119,28,-5383,152,10419,1,1,0,0,1,0,0
109130,19,-5386,145,10419,1,1,0,0,1,0,0
109140,38,-5386,132,10419,1,1,0,0,1,0,0
109150,10,-5388,146,10419,1,1,0,0,1,0,0
109160,18,-5396,149,10419,1,1,0,0,1,0,0
109170,44,-5387,133,10419,1,1,0,0,1,0,0
109180,21,-5381,145,10419,1,1,0,0,1,0,0
109190,29,-5385,151,10419,1,1,0,0,1,0,0
109200,44,-5387,139,10419,1,1,0,0,1,0,0
109211,20,-5394,151,10419,1,1,0,0,1,0,0
109221,26,-5387,135,10419,1,1,0,0,1,0,0
109231,36,-5381,146,10419,1,1,0,0,1,0,0
109241,19,-5372,153,10419,1,1,0,0,1,0,0
109251,22,-5376,135,10419,1,1,0,0,1,0,0
109261,25,-5369,137,10419,1,1,0,0,1,0,0
109271,22,-5387,144,10419,1,1,0,0,1,0,0
109281,32,-5392,147,10419,1,1,0,0,1,0,0
109292,21,-5374,148,10419,1,1,0,0,1,0,0
109302,12,-5382,148,10419,1,1,0,0,1,0,0
109312,29,-5384,140,10419,1,1,0,0,1,0,0
109322,23,-5381,142,10419,1,1,0,0,1,0,0
109332,31,-5388,139,10419,1,1,0,0,1,0,0
109342,37,-5376,158,10419,1,1,0,0,1,0,0
109352,19,-5391,149,10419,1,1,0,0,1,0,0
109362,20,-5384,142,10419,1,1,0,0,1,0,0
109373,36,-5382,146,10419,1,1,0,0,1,0,0
109383,28,-5371,143,10419,1,1,0,0,1,0,0
109393,21,-5379,146,10419,1,1,0,0,1,0,0
109403,28,-5379,151,10419,1,1,0,0,1,0,0
109407,16,-5378,143,10456,1,1,0,0,1,0,0
109417,32,-5374,149,10456,1,1,0,0,1,0,0
109427,32,-5373,144,10456,1,1,1,0,1,0,0
109438,17,-5376,129,10456,1,1,0,0,1,0,0
109448,42,-5380,130,10456,1,1,0,0,1,0,0
109459,31,-5370,154,10456,1,1,0,0,1,0,0
109469,5,-5370,149,10456,1,1,0,0,1,0,0
109479,13,-5390,140,10456,1,1,0,0,1,0,0
109489,32,-5389,146,10456,1,1,0,0,1,0,0
109499,34,-5388,136,10456,1,1,0,0,1,0,0
109509,27,-5384,131,10456,1,1,0,0,1,0,0
109519,16,-5395,142,10456,1,1,0,0,1,0,0
109529,28,-5381,145,10456,1,1,0,0,1,0,0
109540,24,-5381,155,10456,1,1,0,0,1,0,0
109550,7,-5382,150,10456,1,1,0,0,1,0,0
109554,34,-5381,137,10456,1,1,0,0,1,0,0
109564,34,-5377,142,10456,1,1,0,0,1,0,0
109574,26,-5383,160,10456,1,1,0,0,1,0,0
109584,22,-5376,128,10456,1,1,0,0,1,0,0
109594,23,-5382,148,10456,1,1,0,0,1,0,0
109605,22,-5386,141,10456,1,1,0,0,1,0,0
109615,36,-5374,149,10456,1,1,0,0,1,0,0
109626,16,-5376,140,10456,1,1,0,0,1,0,0
109636,18,-5381,136,10456,1,1,0,0,1,0,0
109641,25,-5384,140,10456,1,1,0,0,1,0,0
109651,16,-5379,148,10456,1,1,0,0,1,0,0
109661,22,-5382,154,10456,1,1,0,0,1,0,0
109672,11,-5379,143,10456,1,1,0,0,1,0,0
109682,18,-5378,128,10456,1,1,0,0,1,0,0
109693,34,-5382,152,10456,1,1,0,0,1,0,0
109703,20,-5379,142,10456,1,1,0,0,1,0,0
109714,30,-5380,156,10456,1,1,0,0,1,0,0
109724,17,-5379,148,10456,1,1,0,0,1,0,0
109735,32,-5388,129,10456,1,1,0,0,1,0,0
109745,24,-5380,159,10456,1,1,0,0,1,0,0
109755,20,-5372,156,10456,1,1,0,0,1,0,0
109765,33,-5385,142,10456,1,1,0,0,1,0,0
109775,29,-5387,149,10456,1,1,0,0,1,0,0
109785,9,-5384,145,10456,1,1,0,0,1,0,0
109795,20,-5381,141,10456,1,1,0,0,1,0,0
109805,27,-5379,149,10456,1,1,0,0,1,0,0
109814,22,-5387,156,10456,1,1,0,0,1,0,0
109824,32,-5381,143,10456,1,1,0,0,1,0,0
109834,35,-5388,158,10456,1,1,0,0,1,0,0
109845,22,-5376,148,10456,1,1,0,0,1,0,0
109855,47,-5369,146,10456,1,1,0,0,1,0,0
109866,24,-5391,155,10456,1,1,0,0,1,0,0
109876,18,-5381,139,10456,1,1,0,0,1,0,0
109887,34,-5369,147,10456,1,1,0,0,1,0,0
109897,18,-5379,135,10456,1,1,0,0,1,0,0
109898,26,-5386,149,10456,1,1,0,0,1,0,0
109908,27,-5395,143,10456,1,1,0,0,1,0,0
109918,21,-5387,140,10456,1,1,0,0,1,0,0
109928,32,-5381,132,10456,1,1,0,0,1,0,0
109938,35,-5386,149,10456,1,1,0,0,1,0,0
109948,17,-5387,152,10485,1,1,0,0,1,0,0
109958,22,-5377,122,10485,1,1,1,0,1,0,0
109968,20,-5373,137,10485,1,1,0,0,1,0,0
109978,17,-5374,160,10485,1,1,0,0,1,0,0
109989,24,-5377,151,10485,1,1,0,0,1,0,0
109999,42,-5397,139,10485,1,1,0,0,1,0,0
110009,15,-5387,134,10485,1,1,0,0,1,0,0
110019,20,-5377,137,10485,1,1,0,0,1,0,0
110029,26,-5380,152,10485,1,1,0,0,1,0,0
110039,12,-5383,152,10485,1,1,0,0,1,0,0
110049,22,-5383,134,10485,1,1,0,0,1,0,0
110059,32,-5381,146,10485,1,1,0,0,1,0,0
110070,7,-5383,147,10485,1,1,0,0,1,0,0
110080,31,-5387,141,10485,1,1,0,0,1,0,0
110090,27,-5381,154,10485,1,1,0,0,1,0,0
110100,21,-5386,147,10485,1,1,0,0,1,0,0
110110,32,-5376,152,10485,1,1,0,0,1,0,0
110120,28,-5383,142,10485,1,1,0,0,1,0,0
110130,23,-5399,131,10485,1,1,0,0,1,0,0
110140,30,-5392,153,10485,1,1,0,0,1,0,0
110151,17,-5379,146,10485,1,1,0,0,1,0,0
110161,26,-5376,140,10485,1,1,0,0,1,0,0
110171,30,-5388,148,10485,1,1,0,0,1,0,0
110181,22,-5387,144,10485,1,1,0,0,1,0,0
110191,28,-5373,148,10485,1,1,0,0,1,0,0
110201,16,-5382,146,10485,1,1,0,0,1,0,0
110211,34,-5388,140,10485,1,1,0,0,1,0,0
110221,30,-5387,148,10485,1,1,0,0,1,0,0
110232,23,-5395,143,10485,1,1,0,0,1,0,0
110242,28,-5388,144,10485,1,1,0,0,1,0,0
110252,29,-5373,147,10485,1,1,0,0,1,0,0
110262,20,-5371,153,10485,1,1,0,0,1,0,0
110272,35,-5376,145,10485,1,1,0,0,1,0,0
110282,8,-5382,146,10485,1,1,0,0,1,0,0
110292,18,-5375,147,10485,1,1,0,0,1,0,0
110302,30,-5387,159,10485,1,1,0,0,1,0,0
110313,8,-5391,154,10485,1,1,0,0,1,0,0
110323,29,-5376,154,10485,1,1,0,0,1,0,0
110333,22,-5385,154,10485,1,1,0,0,1,0,0
110343,32,-5374,136,10485,1,1,0,0,1,0,0
110353,28,-5383,145,10485,1,1,0,0,1,0,0
110363,22,-5381,134,10485,1,1,0,0,1,0,0
110373,30,-5382,139,10485,1,1,0,0,1,0,0
110383,36,-5375,161,10485,1,1,0,0,1,0,0
110393,13,-5388,145,10485,1,1,0,0,1,0,0
110394,31,-5387,143,10485,1,1,0,0,1,0,0
110404,30,-5368,148,10485,1,1,0,0,1,0,0
110414,22,-5383,129,10485,1,1,0,0,1,0,0
110424,40,-5383,144,10485,1,1,0,0,1,0,0
110434,20,-5375,154,10485,1,1,0,0,1,0,0
110444,16,-5385,148,10485,1,1,0,0,1,0,0
110458,38,-5376,140,10520,1,1,0,0,1,0,0
110468,28,-5376,144,10520,1,1,1,0,1,0,0
110479,22,-5384,148,10520,1,1,0,0,1,0,0
110489,24,-5376,148,10520,1,1,0,0,1,0,0
110499,12,-5388,154,10520,1,1,0,0,1,0,0
110509,27,-5392,145,10520,1,1,0,0,1,0,0
110519,37,-5376,144,10520,1,1,0,0,1,0,0
110529,27,-5384,149,10520,1,1,0,0,1,0,0
110539,36,-5393,129,10520,1,1,0,0,1,0,0
110549,35,-5386,143,10520,1,1,0,0,1,0,0
110553,14,-5383,147,10520,1,1,0,0,1,0,0
110563,22,-5407,150,10520,1,1,0,0,1,0,0
110573,28,-5392,152,10520,1,1,0,0,1,0,0
110583,27,-5372,148,10520,1,1,0,0,1,0,0
110593,29,-5391,142,10520,1,1,0,0,1,0,0
110604,21,-5395,148,10520,1,1,0,0,1,0,0
110614,15,-5385,156,10520,1,1,0,0,1,0,0
110625,26,-5381,133,10520,1,1,0,0,1,0,0
110635,34,-5376,147,10520,1,1,0,0,1,0,0
110640,14,-5380,157,10520,1,1,0,0,1,0,0
110650,24,-5395,148,10520,1,1,0,0,1,0,0
110660,12,-5381,147,10520,1,1,0,0,1,0,0
110671,25,-5375,137,10520,1,1,0,0,1,0,0
110681,34,-5396,145,10520,1,1,0,0,1,0,0
110692,25,-5379,152,10520,1,1,0,0,1,0,0
110702,21,-5373,130,10520,1,1,0,0,1,0,0
110713,30,-5363,150,10520,1,1,0,0,1,0,0
110723,12,-5381,146,10520,1,1,0,0,1,0,0
110734,29,-5378,140,10520,1,1,0,0,1,0,0
110744,26,-5384,146,10520,1,1,0,0,1,0,0
110754,16,-5379,137,10520,1,1,0,0,1,0,0
110764,34,-5380,137,10520,1,1,0,0,1,0,0
110774,14,-5373,146,10520,1,1,0,0,1,0,0
110784,24,-5381,136,10520,1,1,0,0,1,0,0
110794,36,-5397,156,10520,1,1,0,0,1,0,0
110804,23,-5388,142,10520,1,1,0,0,1,0,0
110815,20,-5379,147,10520,1,1,0,0,1,0,0
110825,29,-5382,144,10520,1,1,0,0,1,0,0
110835,11,-5386,143,10520,1,1,0,0,1,0,0
110846,15,-5374,136,10520,1,1,0,0,1,0,0
110856,20,-5375,150,10520,1,1,0,0,1,0,0
110867,23,-5379,145,10520,1,1,0,0,1,0,0
110877,28,-5390,147,10520,1,1,0,0,1,0,0
110878,15,-5396,153,10520,1,1,0,0,1,0,0
110888,26,-5392,137,10520,1,1,0,0,1,0,0
110898,20,-5377,150,10520,1,1,0,0,1,0,0
110908,18,-5384,136,10520,1,1,0,0,1,0,0
110918,40,-5384,148,10520,1,1,0,0,1,0,0
110928,30,-5381,143,10520,1,1,0,0,1,0,0
110938,32,-5390,136,10520,1,1,0,0,1,0,0
110948,32,-5381,154,10520,1,1,0,0,1,0,0
110958,16,-5383,149,10520,1,1,0,0,1,0,0
110968,32,-5374,134,10520,1,1,0,0,1,0,0
110978,24,-5382,153,10520,1,1,0,0,1,0,0
110995,20,-5386,143,10543,1,1,0,0,1,0,0
111005,25,-5372,145,10543,1,1,1,0,1,0,0
111006,27,-5377,146,10543,1,1,0,0,1,0,0
111016,19,-5391,142,10543,1,1,0,0,1,0,0
111026,34,-5379,149,10543,1,1,0,0,1,0,0
111037,24,-5366,157,10543,1,1,0,0,1,0,0
111047,19,-5379,151,10543,1,1,0,0,1,0,0
111058,38,-5386,136,10543,1,1,0,0,1,0,0
111068,12,-5374,149,10543,1,1,0,0,1,0,0
111079,12,-5380,144,10543,1,1,0,0,1,0,0
111089,34,-5371,146,10543,1,1,0,0,1,0,0
111099,22,-5373,142,10543,1,1,0,0,1,0,0
111109,32,-5387,144,10543,1,1,0,0,1,0,0
111119,43,-5384,140,10543,1,1,0,0,1,0,0
111129,31,-5377,151,10543,1,1,0,0,1,0,0
111139,30,-5374,131,10543,1,1,0,0,1,0,0
111149,29,-5367,150,10543,1,1,0,0,1,0,0
111160,14,-5375,152,10543,1,1,0,0,1,0,0
111170,29,-5376,146,10543,1,1,0,0,1,0,0
111180,27,-5383,141,10543,1,1,0,0,1,0,0
111190,18,-5374,139,10543,1,1,0,0,1,0,0
111200,23,-5379,151,10543,1,1,0,0,1,0,0
111210,34,-5385,145,10543,1,1,0,0,1,0,0
111220,18,-5383,151,10543,1,1,0,0,1,0,0
111230,32,-5364,149,10543,1,1,0,0,1,0,0
111241,25,-5369,144,10543,1,1,0,0,1,0,0
111251,16,-5383,143,10543,1,1,0,0,1,0,0
111261,35,-5369,138,10543,1,1,0,0,1,0,0
111271,28,-5378,147,10543,1,1,0,0,1,0,0
111281,18,-5388,148,10543,1,1,0,0,1,0,0
111291,37,-5376,137,10543,1,1,0,0,1,0,0
111301,8,-5379,134,10543,1,1,0,0,1,0,0
111311,18,-5381,142,10543,1,1,0,0,1,0,0
111322,29,-5377,156,10543,1,1,0,0,1,0,0
111332,11,-5390,142,10543,1,1,0,0,1,0,0
111342,25,-5377,141,10543,1,1,0,0,1,0,0
111352,12,-5378,148,10543,1,1,0,0,1,0,0
111362,15,-5394,154,10543,1,1,0,0,1,0,0
111372,25,-5395,149,10543,1,1,0,0,1,0,0
111382,26,-5394,151,10543,1,1,0,0,1,0,0
111392,22,-5380,155,10543,1,1,0,0,1,0,0
111402,35,-5376,141,10543,1,1,0,0,1,0,0
111403,20,-5389,146,10543,1,1,0,0,1,0,0
111413,11,-5385,145,10543,1,1,0,0,1,0,0
111423,29,-5375,150,10543,1,1,0,0,1,0,0
111433,12,-5378,144,10543,1,1,0,0,1,0,0
111443,30,-5378,142,10543,1,1,0,0,1,0,0
111453,20,-5379,159,10543,1,1,0,0,1,0,0
111463,12,-5378,134,10543,1,1,0,0,1,0,0
111473,32,-5388,145,10543,1,1,0,0,1,0,0
111484,14,-5374,141,10543,1,1,0,0,1,0,0
111494,30,-5384,140,10543,1,1,0,0,1,0,0
111504,16,-5387,161,10579,1,1,0,0,1,0,0
111514,22,-5389,138,10579,1,1,1,0,1,0,0
111524,39,-5378,155,10579,1,1,0,0,1,0,0
111534,12,-5382,153,10579,1,1,0,0,1,0,0
111544,29,-5385,136,10579,1,1,0,0,1,0,0
111554,52,-5384,149,10579,1,1,0,0,1,0,0
111560,27,-5383,142,10579,1,1,0,0,1,0,0
111570,23,-5385,144,10579,1,1,0,0,1,0,0
111580,23,-5386,156,10579,1,1,0,0,1,0,0
111590,19,-5385,140,10579,1,1,0,0,1,0,0
111600,27,-5393,150,10579,1,1,0,0,1,0,0
111611,35,-5382,162,10579,1,1,0,0,1,0,0
111621,0,-5374,147,10579,1,1,0,0,1,0,0
111632,30,-5379,149,10579,1,1,0,0,1,0,0
111642,20,-5394,153,10579,1,1,0,0,1,0,0
111653,14,-5391,137,10579,1,1,0,0,1,0,0
111663,31,-5376,140,10579,1,1,0,0,1,0,0
111673,33,-5377,144,10579,1,1,0,0,1,0,0
111683,18,-5377,143,10579,1,1,0,0,1,0,0
111693,26,-5366,151,10579,1,1,0,0,1,0,0
111703,22,-5380,148,10579,1,1,0,0,1,0,0
111713,32,-5375,144,10579,1,1,0,0,1,0,0
111723,27,-5369,151,10579,1,1,0,0,1,0,0
111734,22,-5379,153,10579,1,1,0,0,1,0,0
111744,19,-5381,136,10579,1,1,0,0,1,0,0
111754,38,-5385,137,10579,1,1,0,0,1,0,0
111764,11,-5391,142,10579,1,1,0,0,1,0,0
111774,19,-5388,141,10579,1,1,0,0,1,0,0
111784,29,-5388,153,10579,1,1,0,0,1,0,0
111794,14,-5386,142,10579,1,1,0,0,1,0,0
111804,28,-5383,134,10579,1,1,0,0,1,0,0
111815,43,-5380,137,10579,1,1,0,0,1,0,0
111825,18,-5376,138,10579,1,1,0,0,1,0,0
111835,44,-5387,143,10579,1,1,0,0,1,0,0
111846,30,-5391,156,10579,1,1,0,0,1,0,0
111856,3,-5387,146,10579,1,1,0,0,1,0,0
111857,32,-5387,136,10579,1,1,0,0,1,0,0
111867,22,-5373,150,10579,1,1,0,0,1,0,0
111877,18,-5383,148,10579,1,1,0,0,1,0,0
111888,25,-5392,150,10579,1,1,0,0,1,0,0
111898,13,-5400,145,10579,1,1,0,0,1,0,0
111909,38,-5383,133,10579,1,1,0,0,1,0,0
111919,40,-5372,146,10579,1,1,0,0,1,0,0
111930,28,-5400,147,10579,1,1,0,0,1,0,0
111940,38,-5386,154,10579,1,1,0,0,1,0,0
111951,18,-5383,141,10579,1,1,0,0,1,0,0
111961,30,-5377,153,10579,1,1,0,0,1,0,0
111972,31,-5379,147,10579,1,1,0,0,1,0,0
111982,23,-5384,140,10579,1,1,0,0,1,0,0
111992,26,-5384,132,10579,1,1,0,0,1,0,0
112002,18,-5385,140,10579,1,1,0,0,1,0,0
112012,10,-5381,143,10579,1,1,0,0,1,0,0
112022,22,-5381,139,10579,1,1,0,0,1,0,0
112032,24,-5380,139,10614,1,1,0,0,1,0,0
112042,12,-5373,148,10614,1,1,1,0,1,0,0
112053,31,-5358,139,10614,1,1,0,0,1,0,0
112063,28,-5389,154,10614,1,1,0,0,1,0,0
112073,30,-5385,147,10614,1,1,0,0,1,0,0
112083,15,-5381,151,10614,1,1,0,0,1,0,0
112093,34,-5386,151,10614,1,1,0,0,1,0,0
112103,42,-5369,138,10614,1,1,0,0,1,0,0
112113,15,-5373,143,10614,1,1,0,0,1,0,0
112123,26,-5387,152,10614,1,1,0,0,1,0,0
112124,24,-5385,166,10614,1,1,0,0,1,0,0
112134,7,-5383,152,10614,1,1,0,0,1,0,0
112144,37,-5380,141,10614,1,1,0,0,1,0,0
112154,25,-5382,137,10614,1,1,0,0,1,0,0
112164,24,-5378,143,10614,1,1,0,0,1,0,0
112174,25,-5382,153,10614,1,1,0,0,1,0,0
112184,24,-5394,161,10614,1,1,0,0,1,0,0
112194,32,-5388,140,10614,1,1,0,0,1,0,0
112204,33,-5385,142,10614,1,1,0,0,1,0,0
112219,16,-5383,144,10614,1,1,0,0,1,0,0
112229,22,-5385,134,10614,1,1,0,0,1,0,0
112239,37,-5381,140,10614,1,1,0,0,1,0,0
112249,15,-5381,159,10614,1,1,0,0,1,0,0
112260,31,-5391,149,10614,1,1,0,0,1,0,0
112270,25,-5387,146,10614,1,1,0,0,1,0,0
112281,11,-5383,139,10614,1,1,0,0,1,0,0
112291,23,-5393,146,10614,1,1,0,0,1,0,0
112292,30,-5384,151,10614,1,1,0,0,1,0,0
112302,29,-5381,141,10614,1,1,0,0,1,0,0
112312,23,-5379,136,10614,1,1,0,0,1,0,0
112323,27,-5395,147,10614,1,1,0,0,1,0,0
112333,20,-5389,144,10614,1,1,0,0,1,0,0
112344,33,-5380,143,10614,1,1,0,0,1,0,0
112354,33,-5382,160,10614,1,1,0,0,1,0,0
112365,23,-5383,150,10614,1,1,0,0,1,0,0
112375,17,-5388,133,10614,1,1,0,0,1,0,0
112386,21,-5371,146,10614,1,1,0,0,1,0,0
112396,15,-5390,146,10614,1,1,0,0,1,0,0
112406,30,-5382,129,10614,1,1,0,0,1,0,0
112416,26,-5383,150,10614,1,1,0,0,1,0,0
112426,13,-5374,142,10614,1,1,0,0,1,0,0
112436,44,-5373,152,10614,1,1,0,0,1,0,0
112446,11,-5368,159,10614,1,1,0,0,1,0,0
112456,14,-5374,151,10614,1,1,0,0,1,0,0
112467,45,-5373,160,10614,1,1,0,0,1,0,0
112477,21,-5383,151,10614,1,1,0,0,1,0,0
112487,12,-5392,150,10614,1,1,0,0,1,0,0
112497,15,-5386,152,10614,1,1,0,0,1,0,0
112507,22,-5390,144,10614,1,1,0,0,1,0,0
112517,38,-5381,152,10614,1,1,0,0,1,0,0
112527,27,-5385,139,10614,1,1,0,0,1,0,0
112537,25,-5380,127,10614,1,1,0,0,1,0,0
112548,21,-5377,153,10637,1,1,0,0,1,0,0
112558,18,-5398,134,10637,1,1,1,0,1,0,0
112562,31,-5389,137,10637,1,1,0,0,1,0,0
112572,27,-5371,150,10637,1,1,0,0,1,0,0
112582,15,-5380,142,10637,1,1,0,0,1,0,0
112592,44,-5398,129,10637,1,1,0,0,1,0,0
112602,30,-5385,140,10637,1,1,0,0,1,0,0
112612,17,-5374,149,10637,1,1,0,0,1,0,0
112622,30,-5391,151,10637,1,1,0,0,1,0,0
112633,22,-5389,142,10637,1,1,0,0,1,0,0
112643,30,-5369,138,10637,1,1,0,0,1,0,0
112654,28,-5381,157,10637,1,1,0,0,1,0,0
112664,18,-5383,157,10637,1,1,0,0,1,0,0
112674,36,-5380,141,10637,1,1,0,0,1,0,0
112684,21,-5382,148,10637,1,1,0,0,1,0,0
112694,42,-5385,142,10637,1,1,0,0,1,0,0
112704,28,-5382,146,10637,1,1,0,0,1,0,0
112714,29,-5388,149,10637,1,1,0,0,1,0,0
112724,29,-5376,142,10637,1,1,0,0,1,0,0
112735,12,-5371,157,10637,1,1,0,0,1,0,0
112745,20,-5387,151,10637,1,1,0,0,1,0,0
112755,38,-5386,154,10637,1,1,0,0,1,0,0
112765,23,-5382,133,10637,1,1,0,0,1,0,0
112775,32,-5371,132,10637,1,1,0,0,1,0,0
112785,28,-5375,153,10637,1,1,0,0,1,0,0
112795,28,-5395,149,10637,1,1,0,0,1,0,0
112805,29,-5387,148,10637,1,1,0,0,1,0,0
112806,28,-5380,145,10637,1,1,0,0,1,0,0
112816,20,-5396,146,10637,1,1,0,0,1,0,0
112826,26,-5395,149,10637,1,1,0,0,1,0,0
112836,17,-5379,146,10637,1,1,0,0,1,0,0
112847,12,-5375,160,10637,1,1,0,0,1,0,0
112857,37,-5388,134,10637,1,1,0,0,1,0,0
112868,10,-5375,153,10637,1,1,0,0,1,0,0
112878,15,-5383,146,10637,1,1,0,0,1,0,0
112889,32,-5383,153,10637,1,1,0,0,1,0,0
112899,38,-5376,156,10637,1,1,0,0,1,0,0
112910,32,-5378,145,10637,1,1,0,0,1,0,0
112920,34,-5380,130,10637,1,1,0,0,1,0,0
112931,19,-5379,143,10637,1,1,0,0,1,0,0
112941,23,-5370,137,10637,1,1,0,0,1,0,0
112952,28,-5372,142,10637,1,1,0,0,1,0,0
112962,8,-5386,155,10637,1,1,0,0,1,0,0
112973,24,-5370,161,10637,1,1,0,0,1,0,0
112983,29,-5381,157,10637,1,1,0,0,1,0,0
112993,12,-5383,150,10637,1,1,0,0,1,0,0
113003,34,-5387,154,10637,1,1,0,0,1,0,0
113013,29,-5376,145,10637,1,1,0,0,1,0,0
113023,17,-5363,142,10637,1,1,0,0,1,0,0
113033,25,-5374,127,10637,1,1,0,0,1,0,0
113043,34,-5380,43,10637,1,1,0,0,1,0,0
113044,17,-5409,-18,10637,1,1,0,0,1,0,0
113054,17,-5375,159,10637,1,1,0,0,1,0,0
113064,32,-5440,159,10637,1,1,0,0,1,0,0
113074,27,-5429,208,10661,1,1,0,0,1,0,0
113084,2,-5268,280,10661,1,1,1,0,1,0,0
113094,-27,-5276,224,10661,1,1,0,0,1,0,0
113104,36,-5439,329,10661,1,1,0,0,1,0,0
113114,32,-5403,266,10661,1,1,0,0,1,0,0
113124,36,-5284,215,10661,1,1,0,0,1,0,0
113135,54,-5504,25,10661,1,1,0,0,1,0,0
113145,36,-5440,-92,10661,1,1,0,0,1,0,0
113155,15,-5228,-33,10661,1,1,0,0,1,0,0
113165,50,-5432,-30,10661,1,1,0,0,1,0,0
113175,34,-5442,79,10661,1,1,0,0,1,0,0
113185,9,-5316,202,10661,1,1,0,0,1,0,0
113195,-5,-5326,310,10661,1,1,0,0,1,0,0
113205,-6,-5462,268,10661,1,1,0,0,1,0,0
113216,19,-5360,250,10661,1,1,0,0,1,0,0
113226,13,-5315,232,10661,1,1,0,0,1,0,0
113236,14,-5421,105,10661,1,1,0,0,1,0,0
113246,46,-5409,87,10661,1,1,0,0,1,0,0
113256,29,-5358,72,10661,1,1,0,0,1,0,0
113266,42,-5368,111,10661,1,1,0,0,1,0,0
113276,40,-5412,116,10661,1,1,0,0,1,0,0
113286,19,-5390,112,10661,1,1,0,0,1,0,0
113297,24,-5359,165,10661,1,1,0,0,1,0,0
113307,37,-5364,174,10661,1,1,0,0,1,0,0
113317,37,-5391,207,10661,1,1,0,0,1,0,0
113327,28,-5391,138,10661,1,1,0,0,1,0,0
113337,32,-5370,144,10661,1,1,0,0,1,0,0
113347,52,-5387,202,10661,1,1,0,0,1,0,0
113357,46,-5402,154,10661,1,1,0,0,1,0,0
113367,28,-5370,186,10661,1,1,0,0,1,0,0
113378,24,-5364,113,10661,1,1,0,0,1,0,0
113388,15,-5385,109,10661,1,1,0,0,1,0,0
113398,15,-5396,113,10661,1,1,0,0,1,0,0
113408,13,-5386,75,10661,1,1,0,0,1,0,0
113418,25,-5393,152,10661,1,1,0,0,1,0,0
113428,4,-5386,123,10661,1,1,0,0,1,0,0
113438,38,-5375,131,10661,1,1,0,0,1,0,0
113448,27,-5392,202,10661,1,1,0,0,1,0,0
113459,22,-5410,187,10661,1,1,0,0,1,0,0
113469,22,-5347,214,10661,1,1,0,0,1,0,0
113479,25,-5359,165,10661,1,1,0,0,1,0,0
113489,33,-5406,129,10661,1,1,0,0,1,0,0
113499,45,-5409,135,10661,1,1,0,0,1,0,0
113509,21,-5383,97,10661,1,1,0,0,1,0,0
113519,27,-5356,122,10661,1,1,0,0,1,0,0
113529,45,-5380,161,10661,1,1,0,0,1,0,0
113539,26,-5395,150,10661,1,1,0,0,1,0,0
113540,27,-5373,204,10661,1,1,0,0,1,0,0
113550,25,-5356,154,10661,1,1,0,0,1,0,0
113560,20,-5398,170,10661,1,1,0,0,1,0,0
113570,50,-5401,129,10661,1,1,0,0,1,0,0
113573,38,-5343,91,10691,1,1,0,0,1,0,0
113583,30,-5377,109,10691,1,1,0,0,1,0,0
113593,16,-5411,56,10691,1,1,0,0,1,0,0
113603,10,-5345,151,10691,1,1,1,0,1,0,0
113624,-12,-5371,154,10691,1,1,0,0,1,0,0
113634,9,-5417,183,10691,1,1,0,0,1,0,0
113644,-6,-5373,227,10691,1,1,0,0,1,0,0
113655,-7,-5341,165,10691,1,1,0,0,1,0,0
113665,16,-5390,166,10691,1,1,0,0,1,0,0
113670,12,-5393,101,10691,1,1,0,0,1,0,0
113680,22,-5386,60,10691,1,1,0,0,1,0,0
113690,40,-5390,120,10691,1,1,0,0,1,0,0
113701,32,-5399,131,10691,1,1,0,0,1,0,0
113711,39,-5380,141,10691,1,1,0,0,1,0,0
113722,39,-5372,158,10691,1,1,0,0,1,0,0
113732,47,-5399,141,10691,1,1,0,0,1,0,0
113743,48,-5389,159,10691,1,1,0,0,1,0,0
113753,15,-5355,156,10691,1,1,0,0,1,0,0
113764,9,-5388,146,10691,1,1,0,0,1,0,0
113774,37,-5400,120,10691,1,1,0,0,1,0,0
113785,35,-5374,108,10691,1,1,0,0,1,0,0
113795,26,-5385,116,10691,1,1,0,0,1,0,0
113796,33,-5386,126,10691,1,1,0,0,1,0,0
113806,9,-5386,149,10691,1,1,0,0,1,0,0
113816,11,-5374,153,10691,1,1,0,0,1,0,0
113827,24,-5390,171,10691,1,1,0,0,1,0,0
113837,0,-5367,176,10691,1,1,0,0,1,0,0
113848,30,-5391,175,10691,1,1,0,0,1,0,0
113858,33,-5390,151,10691,1,1,0,0,1,0,0
113868,38,-5366,131,10691,1,1,0,0,1,0,0
113878,33,-5393,122,10691,1,1,0,0,1,0,0
113888,34,-5397,115,10691,1,1,0,0,1,0,0
113898,41,-5360,113,10691,1,1,0,0,1,0,0
113908,23,-5376,95,10691,1,1,0,0,1,0,0
113918,28,-5393,147,10691,1,1,0,0,1,0,0
113929,19,-5364,158,10691,1,1,0,0,1,0,0
113939,6,-5374,164,10691,1,1,0,0,1,0,0
113949,34,-5399,177,10691,1,1,0,0,1,0,0
113959,37,-5376,189,10691,1,1,0,0,1,0,0
113969,33,-5377,173,10691,1,1,0,0,1,0,0
113979,43,-5391,128,10691,1,1,0,0,1,0,0
113989,31,-5379,126,10691,1,1,0,0,1,0,0
113999,33,-5378,109,10691,1,1,0,0,1,0,0
114010,43,-5390,103,10691,1,1,0,0,1,0,0
114020,24,-5366,109,10691,1,1,0,0,1,0,0
114030,7,-5379,115,10691,1,1,0,0,1,0,0
114040,16,-5397,136,10691,1,1,0,0,1,0,0
114050,12,-5390,192,10691,1,1,0,0,1,0,0
114060,13,-5381,208,10691,1,1,0,0,1,0,0
114070,15,-5385,217,10691,1,1,0,0,1,0,0
114080,8,-5384,167,10691,1,1,0,0,1,0,0
114091,30,-5378,161,10691,1,1,0,0,1,0,0
114101,23,-5385,133,10691,1,1,0,0,1,0,0
114111,40,-5399,81,10715,1,1,0,0,1,0,0
114121,30,-5383,99,10715,1,1,1,0,1,0,0
114131,25,-5384,67,10715,1,1,0,0,1,0,0
114141,18,-5370,115,10715,1,1,0,0,1,0,0
114151,30,-5382,181,10715,1,1,0,0,1,0,0
114161,26,-5393,196,10715,1,1,0,0,1,0,0
114162,23,-5358,226,10715,1,1,0,0,1,0,0
114172,33,-5386,141,10715,1,1,0,0,1,0,0
114182,39,-5383,150,10715,1,1,0,0,1,0,0
114192,26,-5381,146,10715,1,1,0,0,1,0,0
114202,45,-5392,99,10715,1,1,0,0,1,0,0
114212,41,-5366,158,10715,1,1,0,0,1,0,0
114222,26,-5364,120,10715,1,1,0,0,1,0,0
114232,32,-5382,159,10715,1,1,0,0,1,0,0
114242,24,-5381,195,10715,1,1,0,0,1,0,0
114253,10,-5368,123,10715,1,1,0,0,1,0,0
114263,11,-5376,173,10715,1,1,0,0,1,0,0
114273,9,-5385,106,10715,1,1,0,0,1,0,0
114283,26,-5367,112,10715,1,1,0,0,1,0,0
114293,14,-5379,131,10715,1,1,0,0,1,0,0
114303,25,-5392,119,10715,1,1,0,0,1,0,0
114313,41,-5376,180,10715,1,1,0,0,1,0,0
114323,10,-5382,160,10715,1,1,0,0,1,0,0
114334,16,-5382,178,10715,1,1,0,0,1,0,0
114344,14,-5388,153,10715,1,1,0,0,1,0,0
114354,1,-5401,117,10715,1,1,0,0,1,0,0
114364,26,-5380,164,10715,1,1,0,0,1,0,0
114374,31,-5392,100,10715,1,1,0,0,1,0,0
114384,27,-5378,134,10715,1,1,0,0,1,0,0
114394,41,-5395,159,10715,1,1,0,0,1,0,0
114404,44,-5400,137,10715,1,1,0,0,1,0,0
114415,35,-5372,195,10715,1,1,0,0,1,0,0
114425,47,-5387,146,10715,1,1,0,0,1,0,0
114435,42,-5379,161,10715,1,1,0,0,1,0,0
114445,32,-5366,144,10715,1,1,0,0,1,0,0
114455,25,-5374,111,10715,1,1,0,0,1,0,0
114465,24,-5380,158,10715,1,1,0,0,1,0,0
114475,27,-5386,117,10715,1,1,0,0,1,0,0
114485,15,-5378,136,10715,1,1,0,0,1,0,0
114496,15,-5388,164,10715,1,1,0,0,1,0,0
114506,13,-5387,153,10715,1,1,0,0,1,0,0
114516,5,-5397,162,10715,1,1,0,0,1,0,0
114526,30,-5385,118,10715,1,1,0,0,1,0,0
114536,26,-5368,156,10715,1,1,0,0,1,0,0
114546,10,-5392,130,10715,1,1,0,0,1,0,0
114556,22,-5392,123,10715,1,1,0,0,1,0,0
114566,20,-5397,166,10715,1,1,0,0,1,0,0
114572,18,-5393,140,10715,1,1,0,0,1,0,0
114582,27,-5376,171,10715,1,1,0,0,1,0,0
114592,-2,-5365,164,10715,1,1,0,0,1,0,0
114602,6,-5401,144,10715,1,1,0,0,1,0,0
114612,40,-5409,150,10715,1,1,0,0,1,0,0
114613,31,-5380,86,10735,1,1,0,0,1,0,0
114623,51,-5376,123,10735,1,1,0,0,1,0,0
114633,55,-5399,151,10735,1,1,1,0,1,0,0
114656,25,-5372,140,10735,1,1,0,0,1,0,0
114666,26,-5370,188,10735,1,1,0,0,1,0,0
114676,43,-5402,174,10735,1,1,0,0,1,0,0
114686,42,-5387,183,10735,1,1,0,0,1,0,0
114687,37,-5359,150,10735,1,1,0,0,1,0,0
114697,38,-5381,125,10735,1,1,0,0,1,0,0
114708,26,-5406,145,10735,1,1,0,0,1,0,0
114718,28,-5357,95,10735,1,1,0,0,1,0,0
114729,44,-5346,117,10735,1,1,0,0,1,0,0
114739,33,-5405,140,10735,1,1,0,0,1,0,0
114749,38,-5394,148,10735,1,1,0,0,1,0,0
114759,11,-5362,183,10735,1,1,0,0,1,0,0
114769,11,-5387,151,10735,1,1,0,0,1,0,0
114779,25,-5395,194,10735,1,1,0,0,1,0,0
114789,27,-5390,173,10735,1,1,0,0,1,0,0
114799,17,-5377,130,10735,1,1,0,0,1,0,0
114810,36,-5372,121,10735,1,1,0,0,1,0,0
114820,40,-5392,112,10735,1,1,0,0,1,0,0
114831,27,-5376,140,10735,1,1,0,0,1,0,0
114841,28,-5381,140,10735,1,1,0,0,1,0,0
114851,10,-5391,156,10735,1,1,0,0,1,0,0
114861,13,-5374,160,10735,1,1,0,0,1,0,0
114871,24,-5380,127,10735,1,1,0,0,1,0,0
114881,10,-5383,143,10735,1,1,0,0,1,0,0
114892,17,-5395,148,10735,1,1,0,0,1,0,0
114902,21,-5382,154,10735,1,1,0,0,1,0,0
114912,13,-5375,166,10735,1,1,0,0,1,0,0
114922,30,-5380,141,10735,1,1,0,0,1,0,0
114932,27,-5378,150,10735,1,1,0,0,1,0,0
114942,8,-5393,116,10735,1,1,0,0,1,0,0
114952,17,-5377,124,10735,1,1,0,0,1,0,0
114962,24,-5381,129,10735,1,1,0,0,1,0,0
114963,16,-5385,120,10735,1,1,0,0,1,0,0
114973,39,-5384,153,10735,1,1,0,0,1,0,0
114983,27,-5369,138,10735,1,1,0,0,1,0,0
114993,22,-5375,155,10735,1,1,0,0,1,0,0
115003,37,-5385,159,10735,1,1,0,0,1,0,0
115013,28,-5379,150,10735,1,1,0,0,1,0,0
115023,37,-5365,165,10735,1,1,0,0,1,0,0
115033,35,-5384,137,10735,1,1,0,0,1,0,0
115043,23,-5377,164,10735,1,1,0,0,1,0,0
115053,25,-5362,162,10735,1,1,0,0,1,0,0
115063,33,-5382,170,10735,1,1,0,0,1,0,0
115073,31,-5383,160,10735,1,1,0,0,1,0,0
115083,22,-5401,135,10735,1,1,0,0,1,0,0
115093,19,-5383,141,10735,1,1,0,0,1,0,0
115103,26,-5382,108,10735,1,1,0,0,1,0,0
115113,3,-5376,96,10735,1,1,0,0,1,0,0
115123,5,-5366,110,10735,1,1,0,0,1,0,0
115134,10,-5387,120,10735,1,1,0,0,1,0,0
115144,7,-5379,178,10735,1,1,0,0,1,0,0
115154,25,-5368,191,10765,1,1,0,0,1,0,0
115164,20,-5385,193,10765,1,1,1,0,1,0,0
115174,25,-5389,194,10765,1,1,0,0,1,0,0
115184,39,-5381,136,10765,1,1,0,0,1,0,0
115194,48,-5373,131,10765,1,1,0,0,1,0,0
115204,32,-5368,108,10765,1,1,0,0,1,0,0
115215,37,-5378,112,10765,1,1,0,0,1,0,0
115225,40,-5387,128,10765,1,1,0,0,1,0,0
115235,17,-5382,117,10765,1,1,0,0,1,0,0
115245,22,-5361,143,10765,1,1,0,0,1,0,0
115255,24,-5401,151,10765,1,1,0,0,1,0,0
115265,10,-5399,178,10765,1,1,0,0,1,0,0
115275,37,-5365,159,10765,1,1,0,0,1,0,0
115285,29,-5373,141,10765,1,1,0,0,1,0,0
115296,12,-5398,145,10765,1,1,0,0,1,0,0
115306,26,-5389,140,10765,1,1,0,0,1,0,0
115316,28,-5373,150,10765,1,1,0,0,1,0,0
115326,5,-5384,151,10765,1,1,0,0,1,0,0
115336,24,-5385,125,10765,1,1,0,0,1,0,0
115346,20,-5371,144,10765,1,1,0,0,1,0,0
115356,1,-5372,128,10765,1,1,0,0,1,0,0
115366,44,-5390,132,10765,1,1,0,0,1,0,0
115377,34,-5368,162,10765,1,1,0,0,1,0,0
115387,10,-5374,151,10765,1,1,0,0,1,0,0
115397,40,-5377,151,10765,1,1,0,0,1,0,0
115407,38,-5382,155,10765,1,1,0,0,1,0,0
115417,18,-5388,164,10765,1,1,0,0,1,0,0
115427,35,-5377,152,10765,1,1,0,0,1,0,0
115437,40,-5385,143,10765,1,1,0,0,1,0,0
115447,12,-5365,126,10765,1,1,0,0,1,0,0
115448,34,-5373,117,10765,1,1,0,0,1,0,0
115458,28,-5389,129,10765,1,1,0,0,1,0,0
115468,25,-5373,138,10765,1,1,0,0,1,0,0
115478,31,-5385,146,10765,1,1,0,0,1,0,0
115488,1,-5400,152,10765,1,1,0,0,1,0,0
115498,18,-5385,154,10765,1,1,0,0,1,0,0
115508,23,-5370,155,10765,1,1,0,0,1,0,0
115518,16,-5384,173,10765,1,1,0,0,1,0,0
115528,25,-5384,130,10765,1,1,0,0,1,0,0
115539,26,-5389,144,10765,1,1,0,0,1,0,0
115549,16,-5388,142,10765,1,1,0,0,1,0,0
115559,40,-5383,132,10765,1,1,0,0,1,0,0
115569,22,-5373,155,10765,1,1,0,0,1,0,0
115583,12,-5382,145,10765,1,1,0,0,1,0,0
115593,23,-5391,147,10765,1,1,0,0,1,0,0
115603,13,-5376,156,10765,1,1,0,0,1,0,0
115613,37,-5380,146,10765,1,1,0,0,1,0,0
115624,42,-5383,151,10765,1,1,0,0,1,0,0
115634,36,-5384,127,10765,1,1,0,0,1,0,0
115645,35,-5378,137,10765,1,1,0,0,1,0,0
115655,14,-5384,143,10765,1,1,0,0,1,0,0
115665,9,-5386,151,10792,1,1,0,0,1,0,0
115675,19,-5389,166,10792,1,1,0,0,1,0,0
115685,5,-5392,154,10792,1,1,0,0,1,0,0
115695,13,-5381,149,10792,1,1,1,0,1,0,0
115701,17,-5380,152,10792,1,1,0,0,1,0,0
115711,35,-5380,137,10792,1,1,0,0,1,0,0
115721,45,-5383,124,10792,1,1,0,0,1,0,0
115732,28,-5386,124,10792,1,1,0,0,1,0,0
115742,25,-5380,130,10792,1,1,0,0,1,0,0
115753,38,-5384,134,10792,1,1,0,0,1,0,0
115763,7,-5397,155,10792,1,1,0,0,1,0,0
115764,19,-5391,164,10792,1,1,0,0,1,0,0
115774,39,-5377,173,10792,1,1,0,0,1,0,0
115784,17,-5370,173,10792,1,1,0,0,1,0,0
115795,26,-5381,137,10792,1,1,0,0,1,0,0
115805,26,-5376,140,10792,1,1,0,0,1,0,0
115816,24,-5386,140,10792,1,1,0,0,1,0,0
115826,53,-5379,108,10792,1,1,0,0,1,0,0
115836,34,-5388,126,10792,1,1,0,0,1,0,0
115846,7,-5379,117,10792,1,1,0,0,1,0,0
115856,31,-5388,135,10792,1,1,0,0,1,0,0
115866,16,-5382,150,10792,1,1,0,0,1,0,0
115876,14,-5385,156,10792,1,1,0,0,1,0,0
115886,32,-5378,153,10792,1,1,0,0,1,0,0
115896,23,-5382,146,10792,1,1,0,0,1,0,0
115906,28,-5387,139,10792,1,1,0,0,1,0,0
115916,37,-5377,141,10792,1,1,0,0,1,0,0
115927,21,-5376,152,10792,1,1,0,0,1,0,0
115937,29,-5384,140,10792,1,1,0,0,1,0,0
115947,41,-5389,137,10792,1,1,0,0,1,0,0
115957,27,-5378,158,10792,1,1,0,0,1,0,0
115967,14,-5391,146,10792,1,1,0,0,1,0,0
115977,35,-5378,138,10792,1,1,0,0,1,0,0
115987,30,-5376,149,10792,1,1,0,0,1,0,0
115997,9,-5386,144,10792,1,1,0,0,1,0,0
116008,33,-5381,149,10792,1,1,0,0,1,0,0
116018,16,-5378,164,10792,1,1,0,0,1,0,0
116028,-4,-5383,161,10792,1,1,0,0,1,0,0
116038,18,-5383,148,10792,1,1,0,0,1,0,0
116048,20,-5384,156,10792,1,1,0,0,1,0,0
116058,22,-5377,130,10792,1,1,0,0,1,0,0
116068,17,-5387,127,10792,1,1,0,0,1,0,0
116078,13,-5391,132,10792,1,1,0,0,1,0,0
116089,21,-5371,130,10792,1,1,0,0,1,0,0
116099,21,-5381,145,10792,1,1,0,0,1,0,0
116109,29,-5380,153,10792,1,1,0,0,1,0,0
116119,30,-5381,162,10792,1,1,0,0,1,0,0
116129,15,-5384,154,10792,1,1,0,0,1,0,0
116139,35,-5381,161,10792,1,1,0,0,1,0,0
116149,48,-5376,151,10792,1,1,0,0,1,0,0
116159,18,-5382,142,10792,1,1,0,0,1,0,0
116169,31,-5381,139,10823,1,1,0,0,1,0,0
116179,41,-5371,145,10823,1,1,0,0,1,0,0
116189,16,-5375,132,10823,1,1,0,0,1,0,0
116199,15,-5390,156,10823,1,1,0,0,1,0,0
116209,14,-5387,173,10823,1,1,0,0,1,0,0
116219,6,-5388,152,10823,1,1,1,0,1,0,0
116224,30,-5381,136,10823,1,1,0,0,1,0,0
116234,14,-5384,136,10823,1,1,0,0,1,0,0
116244,19,-5394,123,10823,1,1,0,0,1,0,0
116255,31,-5381,146,10823,1,1,0,0,1,0,0
116265,27,-5372,135,10823,1,1,0,0,1,0,0
116276,38,-5383,140,10823,1,1,0,0,1,0,0
116286,29,-5383,165,10823,1,1,0,0,1,0,0
116297,30,-5375,171,10823,1,1,0,0,1,0,0
116307,20,-5355,163,10823,1,1,0,0,1,0,0
116308,29,-5378,149,10823,1,1,0,0,1,0,0
116318,38,-5466,111,10823,1,1,0,0,1,0,0
116328,31,-5393,164,10823,1,1,0,0,1,0,0
116339,10,-5314,114,10823,1,1,0,0,1,0,0
116349,40,-5436,146,10823,1,1,0,0,1,0,0
116359,21,-5405,163,10823,1,1,0,0,1,0,0
116369,-2,-5323,131,10823,1,1,0,0,1,0,0
116379,26,-5398,182,10823,1,1,0,0,1,0,0
116389,25,-5427,127,10823,1,1,0,0,1,0,0
116399,17,-5325,157,10823,1,1,0,0,1,0,0
116409,32,-5369,136,10823,1,1,0,0,1,0,0
116420,37,-5423,135,10823,1,1,0,0,1,0,0
116430,29,-5359,151,10823,1,1,0,0,1,0,0
116440,42,-5372,131,10823,1,1,0,0,1,0,0
116450,34,-5411,158,10823,1,1,0,0,1,0,0
116460,24,-5392,141,10823,1,1,0,0,1,0,0
116470,27,-5376,158,10823,1,1,0,0,1,0,0
116480,6,-5376,167,10823,1,1,0,0,1,0,0
116490,26,-5395,135,10823,1,1,0,0,1,0,0
116501,14,-5381,185,10823,1,1,0,0,1,0,0
116511,2,-5390,145,10823,1,1,0,0,1,0,0
116521,26,-5396,155,10823,1,1,0,0,1,0,0
116531,24,-5357,149,10823,1,1,0,0,1,0,0
116541,3,-5383,123,10823,1,1,0,0,1,0,0
116551,25,-5378,146,10823,1,1,0,0,1,0,0
116561,28,-5381,129,10823,1,1,0,0,1,0,0
116571,12,-5382,146,10823,1,1,0,0,1,0,0
116578,30,-5385,126,10823,1,1,0,0,1,0,0
116588,35,-5387,138,10823,1,1,0,0,1,0,0
116598,19,-5388,158,10823,1,1,0,0,1,0,0
116608,31,-5372,142,10823,1,1,0,0,1,0,0
116618,43,-5388,172,10823,1,1,0,0,1,0,0
116628,36,-5398,167,10823,1,1,0,0,1,0,0
116639,32,-5371,147,10823,1,1,0,0,1,0,0
116649,15,-5376,158,10823,1,1,0,0,1,0,0
116664,23,-5381,126,10823,1,1,0,0,1,0,0
116674,27,-5388,141,10823,1,1,0,0,1,0,0
116675,18,-5383,145,10823,1,1,0,0,1,0,0
116685,17,-5396,143,10823,1,1,0,0,1,0,0
116695,13,-5364,155,10823,1,1,0,0,1,0,0
116696,15,-5378,147,10840,1,1,0,0,1,0,0
116706,19,-5393,146,10840,1,1,0,0,1,0,0
116716,21,-5377,166,10840,1,1,1,0,1,0,0
116737,12,-5378,143,10840,1,1,0,0,1,0,0
116747,36,-5393,148,10840,1,1,0,0,1,0,0
116757,24,-5400,144,10840,1,1,0,0,1,0,0
116767,17,-5374,135,10840,1,1,0,0,1,0,0
116777,43,-5371,151,10840,1,1,0,0,1,0,0
116787,27,-5401,139,10840,1,1,0,0,1,0,0
116797,31,-5386,145,10840,1,1,0,0,1,0,0
116807,33,-5388,150,10840,1,1,0,0,1,0,0
116817,21,-5379,142,10840,1,1,0,0,1,0,0
116825,29,-5374,135,10840,1,1,0,0,1,0,0
116835,22,-5370,153,10840,1,1,0,0,1,0,0
116845,17,-5388,150,10840,1,1,0,0,1,0,0
116856,24,-5382,149,10840,1,1,0,0,1,0,0
116866,10,-5377,155,10840,1,1,0,0,1,0,0
116877,34,-5383,138,10840,1,1,0,0,1,0,0
116887,17,-5387,143,10840,1,1,0,0,1,0,0
116898,14,-5383,140,10840,1,1,0,0,1,0,0
116908,16,-5372,147,10840,1,1,0,0,1,0,0
116918,9,-5391,138,10840,1,1,0,0,1,0,0
116928,31,-5387,128,10840,1,1,0,0,1,0,0
116938,36,-5376,140,10840,1,1,0,0,1,0,0
116948,13,-5388,139,10840,1,1,0,0,1,0,0
116958,33,-5393,137,10840,1,1,0,0,1,0,0
116968,37,-5379,160,10840,1,1,0,0,1,0,0
116978,7,-5373,160,10840,1,1,0,0,1,0,0
116988,33,-5372,162,10840,1,1,0,0,1,0,0
116999,37,-5377,159,10840,1,1,0,0,1,0,0
117009,17,-5374,154,10840,1,1,0,0,1,0,0
117019,34,-5386,159,10840,1,1,0,0,1,0,0
117029,33,-5391,139,10840,1,1,0,0,1,0,0
117039,20,-5379,126,10840,1,1,0,0,1,0,0
117049,34,-5386,122,10840,1,1,0,0,1,0,0
117059,15,-5388,140,10840,1,1,0,0,1,0,0
117069,29,-5385,142,10840,1,1,0,0,1,0,0
117080,30,-5380,141,10840,1,1,0,0,1,0,0
117090,2,-5387,163,10840,1,1,0,0,1,0,0
117100,17,-5382,155,10840,1,1,0,0,1,0,0
117110,28,-5395,149,10840,1,1,0,0,1,0,0
117120,11,-5390,162,10840,1,1,0,0,1,0,0
117130,23,-5382,155,10840,1,1,0,0,1,0,0
117140,30,-5365,146,10840,1,1,0,0,1,0,0
117150,24,-5383,148,10840,1,1,0,0,1,0,0
117160,30,-5384,128,10840,1,1,0,0,1,0,0
117161,37,-5374,138,10840,1,1,0,0,1,0,0
117171,23,-5376,138,10840,1,1,0,0,1,0,0
117181,33,-5388,156,10840,1,1,0,0,1,0,0
117191,38,-5371,160,10840,1,1,0,0,1,0,0
117201,7,-5367,152,10840,1,1,0,0,1,0,0
117211,24,-5370,138,10840,1,1,0,0,1,0,0
117221,21,-5377,150,10840,1,1,0,0,1,0,0
117231,23,-5376,153,10840,1,1,0,0,1,0,0
117242,31,-5377,144,10866,1,1,0,0,1,0,0
117252,20,-5384,145,10866,1,1,1,0,1,0,0
117262,14,-5383,142,10866,1,1,0,0,1,0,0
117272,32,-5378,141,10866,1,1,0,0,1,0,0
117282,21,-5381,136,10866,1,1,0,0,1,0,0
117292,25,-5388,124,10866,1,1,0,0,1,0,0
117302,23,-5376,144,10866,1,1,0,0,1,0,0
117312,14,-5378,134,10866,1,1,0,0,1,0,0
117323,42,-5374,137,10866,1,1,0,0,1,0,0
117333,34,-5376,154,10866,1,1,0,0,1,0,0
117343,21,-5382,157,10866,1,1,0,0,1,0,0
117353,26,-5384,153,10866,1,1,0,0,1,0,0
117363,21,-5373,152,10866,1,1,0,0,1,0,0
117373,28,-5384,132,10866,1,1,0,0,1,0,0
117383,52,-5387,132,10866,1,1,0,0,1,0,0
117393,28,-5384,138,10866,1,1,0,0,1,0,0
117404,31,-5378,152,10866,1,1,0,0,1,0,0
117414,25,-5377,137,10866,1,1,0,0,1,0,0
117424,24,-5380,149,10866,1,1,0,0,1,0,0
117434,26,-5388,150,10866,1,1,0,0,1,0,0
117444,24,-5378,145,10866,1,1,0,0,1,0,0
117454,24,-5382,154,10866,1,1,0,0,1,0,0
117464,11,-5365,156,10866,1,1,0,0,1,0,0
117474,22,-5366,156,10866,1,1,0,0,1,0,0
117485,35,-5377,142,10866,1,1,0,0,1,0,0
117495,20,-5388,137,10866,1,1,0,0,1,0,0
117505,39,-5381,159,10866,1,1,0,0,1,0,0
117515,37,-5392,153,10866,1,1,0,0,1,0,0
117525,22,-5394,149,10866,1,1,0,0,1,0,0
117535,29,-5375,137,10866,1,1,0,0,1,0,0
117545,26,-5380,142,10866,1,1,0,0,1,0,0
117555,24,-5380,136,10866,1,1,0,0,1,0,0
117556,45,-5380,132,10866,1,1,0,0,1,0,0
117566,27,-5378,136,10866,1,1,0,0,1,0,0
117576,16,-5386,138,10866,1,1,0,0,1,0,0
117588,48,-5381,148,10866,1,1,0,0,1,0,0
117598,26,-5380,149,10866,1,1,0,0,1,0,0
117608,20,-5382,152,10866,1,1,0,0,1,0,0
117618,13,-5394,154,10866,1,1,0,0,1,0,0
117629,12,-5376,149,10866,1,1,0,0,1,0,0
117639,31,-5376,133,10866,1,1,0,0,1,0,0
117650,39,-5378,126,10866,1,1,0,0,1,0,0
117660,22,-5373,140,10866,1,1,0,0,1,0,0
117665,22,-5374,139,10866,1,1,0,0,1,0,0
117675,13,-5391,144,10866,1,1,0,0,1,0,0
117685,19,-5381,149,10866,1,1,0,0,1,0,0
117696,35,-5377,153,10866,1,1,0,0,1,0,0
117706,24,-5389,155,10866,1,1,0,0,1,0,0
117717,12,-5378,164,10866,1,1,0,0,1,0,0
117727,29,-5372,143,10866,1,1,0,0,1,0,0
117738,38,-5384,153,10866,1,1,0,0,1,0,0
117748,15,-5390,151,10866,1,1,0,0,1,0,0
117753,28,-5387,141,10891,1,1,0,0,1,0,0
117763,36,-5387,162,10891,1,1,0,0,1,0,0
117773,8,-5393,136,10891,1,1,1,0,1,0,0
117784,23,-5376,120,10891,1,1,0,0,1,0,0
117794,31,-5383,151,10891,1,1,0,0,1,0,0
117805,12,-5382,154,10891,1,1,0,0,1,0,0
117815,29,-5382,155,10891,1,1,0,0,1,0,0
117824,24,-5379,158,10891,1,1,0,0,1,0,0
117834,11,-5378,148,10891,1,1,0,0,1,0,0
117844,39,-5381,150,10891,1,1,0,0,1,0,0
117854,14,-5382,154,10891,1,1,0,0,1,0,0
117864,23,-5389,139,10891,1,1,0,0,1,0,0
117875,43,-5390,145,10891,1,1,0,0,1,0,0
117885,25,-5379,141,10891,1,1,0,0,1,0,0
117896,29,-5373,135,10891,1,1,0,0,1,0,0
117906,11,-5387,150,10891,1,1,0,0,1,0,0
117917,18,-5374,137,10891,1,1,0,0,1,0,0
117927,27,-5364,140,10891,1,1,0,0,1,0,0
117938,20,-5384,159,10891,1,1,0,0,1,0,0
117948,25,-5378,154,10891,1,1,0,0,1,0,0
117958,36,-5388,153,10891,1,1,0,0,1,0,0
117968,19,-5382,150,10891,1,1,0,0,1,0,0
117978,9,-5395,134,10891,1,1,0,0,1,0,0
117988,32,-5389,142,10891,1,1,0,0,1,0,0
117998,27,-5382,153,10891,1,1,0,0,1,0,0
118008,34,-5375,143,10891,1,1,0,0,1,0,0
118019,24,-5378,158,10891,1,1,0,0,1,0,0
118029,10,-5384,155,10891,1,1,0,0,1,0,0
118039,31,-5391,146,10891,1,1,0,0,1,0,0
118049,14,-5395,145,10891,1,1,0,0,1,0,0
118059,21,-5377,142,10891,1,1,0,0,1,0,0
118069,26,-5372,153,10891,1,1,0,0,1,0,0
118079,29,-5395,150,10891,1,1,0,0,1,0,0
118089,34,-5382,154,10891,1,1,0,0,1,0,0
118090,29,-5386,155,10891,1,1,0,0,1,0,0
118100,32,-5386,135,10891,1,1,0,0,1,0,0
118110,31,-5373,151,10891,1,1,0,0,1,0,0
118120,12,-5385,149,10891,1,1,0,0,1,0,0
118130,46,-5392,147,10891,1,1,0,0,1,0,0
118140,55,-5382,144,10891,1,1,0,0,1,0,0
118150,28,-5378,155,10891,1,1,0,0,1,0,0
118160,8,-5387,136,10891,1,1,0,0,1,0,0
118170,34,-5383,140,10891,1,1,0,0,1,0,0
118181,21,-5377,149,10891,1,1,0,0,1,0,0
118191,21,-5393,139,10891,1,1,0,0,1,0,0
118201,31,-5375,155,10891,1,1,0,0,1,0,0
118211,17,-5386,149,10891,1,1,0,0,1,0,0
118221,23,-5385,139,10891,1,1,0,0,1,0,0
118231,29,-5387,141,10891,1,1,0,0,1,0,0
118241,12,-5387,147,10891,1,1,0,0,1,0,0
118251,27,-5375,141,10891,1,1,0,0,1,0,0
118262,39,-5370,137,10891,1,1,0,0,1,0,0
118272,21,-5374,151,10891,1,1,0,0,1,0,0
118282,30,-5385,137,10913,1,1,0,0,1,0,0
118292,36,-5382,134,10913,1,1,1,0,1,0,0
118302,17,-5375,152,10913,1,1,0,0,1,0,0
118312,27,-5387,147,10913,1,1,0,0,1,0,0
118322,44,-5387,151,10913,1,1,0,0,1,0,0
118332,9,-5398,146,10913,1,1,0,0,1,0,0
118343,34,-5375,133,10913,1,1,0,0,1,0,0
118353,32,-5381,150,10913,1,1,0,0,1,0,0
118363,25,-5390,133,10913,1,1,0,0,1,0,0
118373,29,-5385,132,10913,1,1,0,0,1,0,0
118383,37,-5379,142,10913,1,1,0,0,1,0,0
118393,24,-5377,144,10913,1,1,0,0,1,0,0
118403,32,-5378,131,10913,1,1,0,0,1,0,0
118413,21,-5368,154,10913,1,1,0,0,1,0,0
118424,1,-5376,147,10913,1,1,0,0,1,0,0
118434,30,-5375,142,10913,1,1,0,0,1,0,0
118444,34,-5386,149,10913,1,1,0,0,1,0,0
118454,24,-5383,138,10913,1,1,0,0,1,0,0
118464,40,-5376,151,10913,1,1,0,0,1,0,0
118474,27,-5376,141,10913,1,1,0,0,1,0,0
118484,42,-5379,134,10913,1,1,0,0,1,0,0
118494,29,-5381,157,10913,1,1,0,0,1,0,0
118495,8,-5385,151,10913,1,1,0,0,1,0,0
118505,27,-5395,139,10913,1,1,0,0,1,0,0
118515,28,-5383,139,10913,1,1,0,0,1,0,0
118525,22,-5392,135,10913,1,1,0,0,1,0,0
118535,41,-5391,147,10913,1,1,0,0,1,0,0
118545,29,-5378,141,10913,1,1,0,0,1,0,0
118555,4,-5378,150,10913,1,1,0,0,1,0,0
118565,30,-5393,152,10913,1,1,0,0,1,0,0
118575,10,-5383,129,10913,1,1,0,0,1,0,0
118587,17,-5375,124,10913,1,1,0,0,1,0,0
118597,42,-5390,140,10913,1,1,0,0,1,0,0
118607,25,-5377,143,10913,1,1,0,0,1,0,0
118617,29,-5372,149,10913,1,1,0,0,1,0,0
118628,26,-5378,147,10913,1,1,0,0,1,0,0
118638,18,-5388,151,10913,1,1,0,0,1,0,0
118649,35,-5387,150,10913,1,1,0,0,1,0,0
118659,21,-5391,145,10913,1,1,0,0,1,0,0
118664,49,-5397,148,10913,1,1,0,0,1,0,0
118674,35,-5395,146,10913,1,1,0,0,1,0,0
118684,35,-5391,141,10913,1,1,0,0,1,0,0
118695,34,-5388,146,10913,1,1,0,0,1,0,0
118705,21,-5381,147,10913,1,1,0,0,1,0,0
118716,26,-5371,137,10913,1,1,0,0,1,0,0
118726,36,-5377,147,10913,1,1,0,0,1,0,0
118737,11,-5375,164,10913,1,1,0,0,1,0,0
118747,29,-5371,141,10913,1,1,0,0,1,0,0
118758,26,-5380,138,10913,1,1,0,0,1,0,0
118768,13,-5384,154,10913,1,1,0,0,1,0,0
118778,20,-5387,139,10913,1,1,0,0,1,0,0
118788,39,-5382,146,10913,1,1,0,0,1,0,0
118792,16,-5378,158,10925,1,1,0,0,1,0,0
118802,27,-5376,139,10925,1,1,0,0,1,0,0
118812,26,-5374,150,10925,1,1,1,0,1,0,0
118813,17,-5386,152,10925,1,1,0,0,1,0,0
118823,23,-5362,147,10925,1,1,0,0,1,0,0
118833,20,-5375,154,10925,1,1,0,0,1,0,0
118856,23,-5392,132,10925,1,1,0,0,1,0,0
118866,36,-5391,139,10925,1,1,0,0,1,0,0
118876,35,-5376,139,10925,1,1,0,0,1,0,0
118886,29,-5376,148,10925,1,1,0,0,1,0,0
118896,41,-5392,140,10925,1,1,0,0,1,0,0
118906,22,-5370,158,10925,1,1,0,0,1,0,0
118916,22,-5376,146,10925,1,1,0,0,1,0,0
118926,34,-5384,139,10925,1,1,0,0,1,0,0
118936,23,-5376,154,10925,1,1,0,0,1,0,0
118947,27,-5386,143,10925,1,1,0,0,1,0,0
118957,40,-5380,141,10925,1,1,0,0,1,0,0
118967,21,-5386,162,10925,1,1,0,0,1,0,0
118977,37,-5378,148,10925,1,1,0,0,1,0,0
118987,45,-5384,142,10925,1,1,0,0,1,0,0
118997,24,-5381,150,10925,1,1,0,0,1,0,0
119007,15,-5399,141,10925,1,1,0,0,1,0,0
119017,27,-5391,140,10925,1,1,0,0,1,0,0
119028,13,-5390,147,10925,1,1,0,0,1,0,0
119038,31,-5382,150,10925,1,1,0,0,1,0,0
119048,20,-5393,146,10925,1,1,0,0,1,0,0
119058,19,-5378,152,10925,1,1,0,0,1,0,0
119068,36,-5383,145,10925,1,1,0,0,1,0,0
119078,32,-5378,151,10925,1,1,0,0,1,0,0
119088,23,-5380,142,10925,1,1,0,0,1,0,0
119098,29,-5387,144,10925,1,1,0,0,1,0,0
119099,12,-5379,151,10925,1,1,0,0,1,0,0
119109,35,-5384,147,10925,1,1,0,0,1,0,0
119119,36,-5392,145,10925,1,1,0,0,1,0,0
119129,15,-5376,139,10925,1,1,0,0,1,0,0
119139,21,-5379,147,10925,1,1,0,0,1,0,0
119149,41,-5384,147,10925,1,1,0,0,1,0,0
119159,6,-5381,133,10925,1,1,0,0,1,0,0
119169,9,-5393,143,10925,1,1,0,0,1,0,0
119179,27,-5382,151,10925,1,1,0,0,1,0,0
119189,21,-5385,145,10925,1,1,0,0,1,0,0
119199,34,-5384,153,10925,1,1,0,0,1,0,0
119209,16,-5380,155,10925,1,1,0,0,1,0,0
119219,25,-5390,149,10925,1,1,0,0,1,0,0
119229,29,-5397,147,10925,1,1,0,0,1,0,0
119239,12,-5373,149,10925,1,1,0,0,1,0,0
119249,26,-5374,135,10925,1,1,0,0,1,0,0
119259,25,-5390,142,10925,1,1,0,0,1,0,0
119270,38,-5379,145,10925,1,1,0,0,1,0,0
119280,34,-5379,145,10925,1,1,0,0,1,0,0
119290,24,-5378,155,10925,1,1,0,0,1,0,0
119300,35,-5398,145,10925,1,1,0,0,1,0,0
119310,39,-5382,150,10925,1,1,0,0,1,0,0
119320,10,-5372,152,10925,1,1,0,0,1,0,0
119330,35,-5376,143,0,1,1,0,0,1,0,0
119340,27,-5388,155,0,1,1,1,0,1,0,0
119351,28,-5388,153,0,1,1,0,0,1,0,0
119361,44,-5379,144,0,1,1,0,0,1,0,0
119371,28,-5383,146,0,1,1,0,0,1,0,0
119381,11,-5382,154,0,1,1,0,0,1,0,0
119391,31,-5370,153,0,1,1,0,0,1,0,0
119401,25,-5378,139,0,1,1,0,0,1,0,0
119411,11,-5392,150,0,1,1,0,0,1,0,0
119421,28,-5391,149,0,1,1,0,0,1,0,0
119432,31,-5382,162,0,1,1,0,0,1,0,0
119442,41,-5386,148,0,1,1,0,0,1,0,0
119452,34,-5377,139,0,1,1,0,0,1,0,0
119462,28,-5397,136,0,1,1,0,0,1,0,0
119472,15,-5394,124,0,1,1,0,0,1,0,0
119482,27,-5380,145,0,1,1,0,0,1,0,0
119492,25,-5382,143,0,1,1,0,0,1,0,0
119502,32,-5386,148,0,1,1,0,0,1,0,0
119513,25,-5374,145,0,1,1,0,0,1,0,0
119523,16,-5384,145,0,1,1,0,0,1,0,0
119533,28,-5377,139,0,1,1,0,0,1,0,0
119543,29,-5369,152,0,1,1,0,0,1,0,0
119553,13,-5384,152,0,1,1,0,0,1,0,0
119563,17,-5379,143,0,1,1,0,0,1,0,0
119573,37,-5378,154,0,1,1,0,0,1,0,0
119583,22,-5382,149,0,1,1,0,0,1,0,0
119593,25,-5387,141,0,1,1,0,0,1,0,0
119599,47,-5385,154,0,1,1,0,0,1,0,0
119609,26,-5395,148,0,1,1,0,0,1,0,0
119619,29,-5382,137,0,1,1,0,0,1,0,0
119630,27,-5363,156,0,1,1,0,0,1,0,0
119640,18,-5377,149,0,1,1,0,0,1,0,0
119651,31,-5380,133,0,1,1,0,0,1,0,0
119661,21,-5377,160,0,1,1,0,0,1,0,0
119662,19,-5393,146,0,1,1,0,0,1,0,0
119672,38,-5380,146,0,1,1,0,0,1,0,0
119682,21,-5381,147,0,1,1,0,0,1,0,0
119697,28,-5387,144,0,1,1,0,0,1,0,0
119707,26,-5388,140,0,1,1,0,0,1,0,0
119718,16,-5382,153,0,1,1,0,0,1,0,0
119728,15,-5381,159,0,1,1,0,0,1,0,0
119739,32,-5390,144,0,1,1,0,0,1,0,0
119749,29,-5379,148,0,1,1,0,0,1,0,0
119760,27,-5385,151,0,1,1,0,0,1,0,0
119770,19,-5374,145,0,1,1,0,0,1,0,0
119771,19,-5365,143,0,1,1,0,0,1,0,0
119781,32,-5369,147,0,1,1,0,0,1,0,0
119791,24,-5381,153,0,1,1,0,0,1,0,0
119801,23,-5393,148,0,1,1,0,0,1,0,0
119811,33,-5387,142,0,1,1,0,0,1,0,0
119821,22,-5375,156,0,1,1,0,0,1,0,0
119831,37,-5388,143,0,1,1,0,0,1,0,0
119845,24,-5381,160,0,1,1,0,0,1,0,0
119855,21,-5374,141,0,1,1,1,0,1,0,0
119866,50,-5376,154,0,1,1,0,0,1,0,0
119876,28,-5378,151,0,1,1,0,0,1,0,0
119887,33,-5382,137,0,1,1,0,0,1,0,0
119897,24,-5394,147,0,1,1,0,0,1,0,0
119908,19,-5390,142,0,1,1,0,0,1,0,0
119918,38,-5384,143,0,1,1,0,0,1,0,0
119919,30,-5386,152,0,1,1,0,0,1,0,0
119929,6,-5392,159,0,1,1,0,0,1,0,0
119939,35,-5377,148,0,1,1,0,0,1,0,0
119950,23,-5381,145,0,1,1,0,0,1,0,0
119960,20,-5381,146,0,1,1,0,0,1,0,0
119970,34,-5386,150,0,1,1,0,0,1,0,0
119980,21,-5376,150,0,1,1,0,0,1,0,0
119990,2,-5377,139,0,1,1,0,0,1,0,0
120000,41,-5385,142,0,1,1,0,0,1,0,0
120010,30,-5391,155,0,1,1,0,0,1,0,0
120020,23,-5390,150,0,1,1,0,0,1,0,0
120030,41,-5387,137,0,1,1,0,0,1,0,0
120040,29,-5375,152,0,1,1,0,0,1,0,0
120050,21,-5385,160,0,1,1,0,0,1,0,0
120060,26,-5388,135,0,1,1,0,0,1,0,0
120070,13,-5383,146,0,1,1,0,0,1,0,0
120080,17,-5388,154,0,1,1,0,0,1,0,0
120090,26,-5381,138,0,1,1,0,0,1,0,0
120100,30,-5380,152,0,1,1,0,0,1,0,0
120111,36,-5370,149,0,1,1,0,0,1,0,0
120121,30,-5375,141,0,1,1,0,0,1,0,0
120131,15,-5390,150,0,1,1,0,0,1,0,0
120141,16,-5379,140,0,1,1,0,0,1,0,0
120151,44,-5383,156,0,1,1,0,0,1,0,0
120161,26,-5387,154,0,1,1,0,0,1,0,0
120171,16,-5386,149,0,1,1,0,0,1,0,0
120181,30,-5378,133,0,1,1,0,0,1,0,0
120195,33,-5387,146,0,1,1,0,0,1,0,0
120205,18,-5387,160,0,1,1,0,0,1,0,0
120215,26,-5384,139,0,1,1,0,0,1,0,0
120225,10,-5385,138,0,1,1,0,0,1,0,0
120226,30,-5388,129,0,1,1,0,0,1,0,0
120236,33,-5378,137,0,1,1,0,0,1,0,0
120246,11,-5376,149,0,1,1,0,0,1,0,0
120257,16,-5392,150,0,1,1,0,0,1,0,0
120267,34,-5390,160,0,1,1,0,0,1,0,0
120278,24,-5385,152,0,1,1,0,0,1,0,0
120288,35,-5384,145,0,1,1,0,0,1,0,0
120299,34,-5381,144,0,1,1,0,0,1,0,0
120309,22,-5385,140,0,1,1,0,0,1,0,0
120320,35,-5380,131,0,1,1,0,0,1,0,0
120330,38,-5385,152,0,1,1,0,0,1,0,0
120341,19,-5386,141,0,1,1,0,0,1,0,0
120351,35,-5380,134,0,1,1,0,0,1,0,0
120356,23,-5382,152,0,1,1,0,0,1,0,0
120366,27,-5391,164,0,1,1,0,0,1,0,0
120376,45,-5374,153,0,1,1,1,0,1,0,0
120387,26,-5386,143,0,1,1,0,0,1,0,0
120397,29,-5382,151,0,1,1,0,0,1,0,0
120408,31,-5377,156,0,1,1,0,0,1,0,0
120418,25,-5374,136,0,1,1,0,0,1,0,0
120429,31,-5388,130,0,1,1,0,0,1,0,0
120439,24,-5391,132,0,1,1,0,0,1,0,0
120450,18,-5383,142,0,1,1,0,0,1,0,0
120460,43,-5379,154,0,1,1,0,0,1,0,0
120471,15,-5382,138,0,1,1,0,0,1,0,0
120481,27,-5384,143,0,1,1,0,0,1,0,0
120492,34,-5379,154,0,1,1,0,0,1,0,0
120502,25,-5377,152,0,1,1,0,0,1,0,0
120503,40,-5386,144,0,1,1,0,0,1,0,0
120513,24,-5391,137,0,1,1,0,0,1,0,0
120523,1,-5379,145,0,1,1,0,0,1,0,0
120534,29,-5388,147,0,1,1,0,0,1,0,0
120544,27,-5393,135,0,1,1,0,0,1,0,0
120554,17,-5383,133,0,1,1,0,0,1,0,0
120564,35,-5393,146,0,1,1,0,0,1,0,0
120574,28,-5393,148,0,1,1,0,0,1,0,0
120584,20,-5375,132,0,1,1,0,0,1,0,0
120592,34,-5368,127,0,1,1,0,0,1,0,0
120602,26,-5379,156,0,1,1,0,0,1,0,0
120612,16,-5386,140,0,1,1,0,0,1,0,0
120622,37,-5386,147,0,1,1,0,0,1,0,0
120632,27,-5378,149,0,1,1,0,0,1,0,0
120642,12,-5383,147,0,1,1,0,0,1,0,0
120653,37,-5393,131,0,1,1,0,0,1,0,0
120663,37,-5381,144,0,1,1,0,0,1,0,0
120674,20,-5381,150,0,1,1,0,0,1,0,0
120684,40,-5380,135,0,1,1,0,0,1,0,0
120694,29,-5381,160,0,1,1,0,0,1,0,0
120704,33,-5394,137,0,1,1,0,0,1,0,0
120714,47,-5380,127,0,1,1,0,0,1,0,0
120724,34,-5373,147,0,1,1,0,0,1,0,0
120734,12,-5371,153,0,1,1,0,0,1,0,0
120744,26,-5382,141,0,1,1,0,0,1,0,0
120755,35,-5390,147,0,1,1,0,0,1,0,0
120765,20,-5385,139,0,1,1,0,0,1,0,0
120775,25,-5385,142,0,1,1,0,0,1,0,0
120785,22,-5383,156,0,1,1,0,0,1,0,0
120795,29,-5389,149,0,1,1,0,0,1,0,0
120805,27,-5382,136,0,1,1,0,0,1,0,0
120815,14,-5370,150,0,1,1,0,0,1,0,0
120825,17,-5387,148,0,1,1,0,0,1,0,0
120835,27,-5384,145,0,1,1,0,0,1,0,0
120845,15,-5375,140,0,1,1,0,0,1,0,0
120856,26,-5387,133,0,1,1,0,0,1,0,0
120866,34,-5384,152,0,1,1,0,0,1,0,0
120867,18,-5383,153,0,1,1,0,0,1,0,0
120877,30,-5381,131,0,1,1,0,0,1,0,0
120887,30,-5378,147,0,1,1,1,0,1,0,0
120907,24,-5381,149,0,1,1,0,0,1,0,0
120918,29,-5394,130,0,1,1,0,0,1,0,0
120928,44,-5385,145,0,1,1,0,0,1,0,0
120938,21,-5380,140,0,1,1,0,0,1,0,0
120948,25,-5399,139,0,1,1,0,0,1,0,0
120958,27,-5390,144,0,1,1,0,0,1,0,0
120968,21,-5380,151,0,1,1,0,0,1,0,0
120978,25,-5383,138,0,1,1,0,0,1,0,0
120988,14,-5379,150,0,1,1,0,0,1,0,0
120998,16,-5384,137,0,1,1,0,0,1,0,0
120999,31,-5381,146,0,1,1,0,0,1,0,0
121009,13,-5381,148,0,1,1,0,0,1,0,0
121019,27,-5383,142,0,1,1,0,0,1,0,0
121029,27,-5381,142,0,1,1,0,0,1,0,0
121039,23,-5386,127,0,1,1,0,0,1,0,0
121049,29,-5388,149,0,1,1,0,0,1,0,0
121059,22,-5385,141,0,1,1,0,0,1,0,0
121069,32,-5385,129,0,1,1,0,0,1,0,0
121079,14,-5370,144,0,1,1,0,0,1,0,0
121089,17,-5382,155,0,1,1,0,0,1,0,0
121099,28,-5392,167,0,1,1,0,0,1,0,0
121109,17,-5381,150,0,1,1,0,0,1,0,0
121119,11,-5381,159,0,1,1,0,0,1,0,0
121129,39,-5387,150,0,1,1,0,0,1,0,0
121139,32,-5383,139,0,1,1,0,0,1,0,0
121149,24,-5375,148,0,1,1,0,0,1,0,0
121159,34,-5373,151,0,1,1,0,0,1,0,0
121169,20,-5388,139,0,1,1,0,0,1,0,0
121179,21,-5382,141,0,1,1,0,0,1,0,0
121189,38,-5387,162,0,1,1,0,0,1,0,0
121199,26,-5371,157,0,1,1,0,0,1,0,0
121209,33,-5393,154,0,1,1,0,0,1,0,0
121219,22,-5393,135,0,1,1,0,0,1,0,0
121229,11,-5374,147,0,1,1,0,0,1,0,0
121240,32,-5370,144,0,1,1,0,0,1,0,0
121250,38,-5382,149,0,1,1,0,0,1,0,0
121260,20,-5383,156,0,1,1,0,0,1,0,0
121270,28,-5383,130,0,1,1,0,0,1,0,0
121280,19,-5375,146,0,1,1,0,0,1,0,0
121290,9,-5393,145,0,1,1,0,0,1,0,0
121300,27,-5372,143,0,1,1,0,0,1,0,0
121310,44,-5371,157,0,1,1,0,0,1,0,0
121321,22,-5379,155,0,1,1,0,0,1,0,0
121331,30,-5380,137,0,1,1,0,0,1,0,0
121341,32,-5373,149,0,1,1,0,0,1,0,0
121351,27,-5385,144,0,1,1,0,0,1,0,0
121361,14,-5386,133,0,1,1,0,0,1,0,0
121371,34,-5380,143,0,1,1,0,0,1,0,0
121381,17,-5390,145,0,1,1,0,0,1,0,0
121391,30,-5382,129,0,1,1,0,0,1,0,0
121396,29,-5386,144,0,1,1,0,0,1,0,0
121406,23,-5387,140,0,1,1,0,0,1,0,0
121416,35,-5377,149,0,1,1,1,0,1,0,0
121427,20,-5384,152,0,1,1,0,0,1,0,0
121437,33,-5389,134,0,1,1,0,0,1,0,0
121448,29,-5376,137,0,1,1,0,0,1,0,0
121458,9,-5374,140,0,1,1,0,0,1,0,0
121469,29,-5381,136,0,1,1,0,0,1,0,0
121479,35,-5375,137,0,1,1,0,0,1,0,0
121490,24,-5380,156,0,1,1,0,0,1,0,0
121500,37,-5372,147,0,1,1,0,0,1,0,0
121510,36,-5373,158,0,1,1,0,0,1,0,0
121520,23,-5392,144,0,1,1,0,0,1,0,0
121530,32,-5384,140,0,1,1,0,0,1,0,0
121540,22,-5376,152,0,1,1,0,0,1,0,0
121550,18,-5371,136,0,1,1,0,0,1,0,0
121560,31,-5372,136,0,1,1,0,0,1,0,0
121571,32,-5367,146,0,1,1,0,0,1,0,0
121581,18,-5387,139,0,1,1,0,0,1,0,0
121591,35,-5381,143,0,1,1,0,0,1,0,0
121601,22,-5378,154,0,1,1,0,0,1,0,0
121611,26,-5377,140,0,1,1,0,0,1,0,0
121621,21,-5387,153,0,1,1,0,0,1,0,0
121631,27,-5388,140,0,1,1,0,0,1,0,0
121632,26,-5385,134,0,1,1,0,0,1,0,0
121642,23,-5386,146,0,1,1,0,0,1,0,0
121653,29,-5390,138,0,1,1,0,0,1,0,0
121663,15,-5376,146,0,1,1,0,0,1,0,0
121674,20,-5379,143,0,1,1,0,0,1,0,0
121684,40,-5381,159,0,1,1,0,0,1,0,0
121694,23,-5390,144,0,1,1,0,0,1,0,0
121704,33,-5384,141,0,1,1,0,0,1,0,0
121714,36,-5387,138,0,1,1,0,0,1,0,0
121724,16,-5368,143,0,1,1,0,0,1,0,0
121734,23,-5375,143,0,1,1,0,0,1,0,0
121744,36,-5374,139,0,1,1,0,0,1,0,0
121755,35,-5383,132,0,1,1,0,0,1,0,0
121765,18,-5383,150,0,1,1,0,0,1,0,0
121775,31,-5377,158,0,1,1,0,0,1,0,0
121785,26,-5389,153,0,1,1,0,0,1,0,0
121795,29,-5380,154,0,1,1,0,0,1,0,0
121805,31,-5382,151,0,1,1,0,0,1,0,0
121815,22,-5378,146,0,1,1,0,0,1,0,0
121825,26,-5379,122,0,1,1,0,0,1,0,0
121833,33,-5380,150,0,1,1,0,0,1,0,0
121843,16,-5385,142,0,1,1,0,0,1,0,0
121853,28,-5373,142,0,1,1,0,0,1,0,0
121864,30,-5387,159,0,1,1,0,0,1,0,0
121874,18,-5391,149,0,1,1,0,0,1,0,0
121885,39,-5378,142,0,1,1,0,0,1,0,0
121895,33,-5383,156,0,1,1,0,0,1,0,0
121906,15,-5384,146,0,1,1,0,0,1,0,0
121916,29,-5398,128,0,1,1,0,0,1,0,0
121917,26,-5396,155,0,1,1,0,0,1,0,0
121927,12,-5381,163,0,1,1,0,0,1,0,0
121937,19,-5378,145,0,1,1,1,0,1,0,0
121948,38,-5384,137,0,1,1,0,0,1,0,0
121958,18,-5380,146,0,1,1,0,0,1,0,0
121969,26,-5383,140,0,1,1,0,0,1,0,0
121979,37,-5384,149,0,1,1,0,0,1,0,0
121990,9,-5379,143,0,1,1,0,0,1,0,0
122000,41,-5380,135,0,1,1,0,0,1,0,0
122011,28,-5387,143,0,1,1,0,0,1,0,0
122021,19,-5387,141,0,1,1,0,0,1,0,0
122031,36,-5382,149,0,1,1,0,0,1,0,0
122041,31,-5378,150,0,1,1,0,0,1,0,0
122051,29,-5379,144,0,1,1,0,0,1,0,0
122061,35,-5390,145,0,1,1,0,0,1,0,0
122071,28,-5390,144,0,1,1,0,0,1,0,0
122081,35,-5378,130,0,1,1,0,0,1,0,0
122091,40,-5378,141,0,1,1,0,0,1,0,0
122101,9,-5383,158,0,1,1,0,0,1,0,0
122111,26,-5374,137,0,1,1,0,0,1,0,0
122121,28,-5379,144,0,1,1,0,0,1,0,0
122131,12,-5369,142,0,1,1,0,0,1,0,0
122141,25,-5376,137,0,1,1,0,0,1,0,0
122151,34,-5390,142,0,1,1,0,0,1,0,0
122161,16,-5378,152,0,1,1,0,0,1,0,0
122172,37,-5380,148,0,1,1,0,0,1,0,0
122182,33,-5379,149,0,1,1,0,0,1,0,0
122192,24,-5376,140,0,1,1,0,0,1,0,0
122202,38,-5391,141,0,1,1,0,0,1,0,0
122212,25,-5385,148,0,1,1,0,0,1,0,0
122222,27,-5382,131,0,1,1,0,0,1,0,0
122232,10,-5396,131,0,1,1,0,0,1,0,0
122242,30,-5401,136,0,1,1,0,0,1,0,0
122253,36,-5378,135,0,1,1,0,0,1,0,0
122263,16,-5386,142,0,1,1,0,0,1,0,0
122273,26,-5372,155,0,1,1,0,0,1,0,0
122283,35,-5382,157,0,1,1,0,0,1,0,0
122293,9,-5383,141,0,1,1,0,0,1,0,0
122303,23,-5386,136,0,1,1,0,0,1,0,0
122313,17,-5375,150,0,1,1,0,0,1,0,0
122323,21,-5371,143,0,1,1,0,0,1,0,0
122333,29,-5386,154,0,1,1,0,0,1,0,0
122343,20,-5391,148,0,1,1,0,0,1,0,0
122353,16,-5381,147,0,1,1,0,0,1,0,0
122363,40,-5372,151,0,1,1,0,0,1,0,0
122373,22,-5382,160,0,1,1,0,0,1,0,0
122383,16,-5387,144,0,1,1,0,0,1,0,0
122393,44,-5379,138,0,1,1,0,0,1,0,0
122403,28,-5387,152,0,1,1,0,0,1,0,0
122413,13,-5373,158,0,1,1,0,0,1,0,0
122414,29,-5359,145,0,1,1,0,0,1,0,0
122424,22,-5390,143,0,1,1,0,0,1,0,0
122434,23,-5383,141,0,1,1,0,0,1,0,0
122444,30,-5377,140,0,1,1,0,0,1,0,0
122454,19,-5385,143,0,1,1,0,0,1,0,0
122464,21,-5394,134,0,1,1,1,0,1,0,0
122474,29,-5387,152,0,1,1,0,0,1,0,0
122484,26,-5378,155,0,1,1,0,0,1,0,0
122494,7,-5382,152,0,1,1,0,0,1,0,0
122504,23,-5375,138,0,1,1,0,0,1,0,0
122514,21,-5371,164,0,1,1,0,0,1,0,0
122524,3,-5382,166,0,1,1,0,0,1,0,0
122534,28,-5389,138,0,1,1,0,0,1,0,0
122544,21,-5388,141,0,1,1,0,0,1,0,0
122554,18,-5378,163,0,1,1,0,0,1,0,0
122564,26,-5386,152,0,1,1,0,0,1,0,0
122575,14,-5381,158,0,1,1,0,0,1,0,0
122585,20,-5384,144,0,1,1,0,0,1,0,0
122591,38,-5385,136,0,1,1,0,0,1,0,0
122601,19,-5382,149,0,1,1,0,0,1,0,0
122611,31,-5380,141,0,1,1,0,0,1,0,0
122621,27,-5381,161,0,1,1,0,0,1,0,0
122632,14,-5391,151,0,1,1,0,0,1,0,0
122642,32,-5375,141,0,1,1,0,0,1,0,0
122653,25,-5378,147,0,1,1,0,0,1,0,0
122663,21,-5395,135,0,1,1,0,0,1,0,0
122678,40,-5389,131,0,1,1,0,0,1,0,0
122688,16,-5382,146,0,1,1,0,0,1,0,0
122689,18,-5363,135,0,1,1,0,0,1,0,0
122699,20,-5381,141,0,1,1,0,0,1,0,0
122709,23,-5391,156,0,1,1,0,0,1,0,0
122720,34,-5388,139,0,1,1,0,0,1,0,0
122730,47,-5376,150,0,1,1,0,0,1,0,0
122741,9,-5364,149,0,1,1,0,0,1,0,0
122751,16,-5371,138,0,1,1,0,0,1,0,0
122762,42,-5379,155,0,1,1,0,0,1,0,0
122772,31,-5395,150,0,1,1,0,0,1,0,0
122783,32,-5382,137,0,1,1,0,0,1,0,0
122793,28,-5375,156,0,1,1,0,0,1,0,0
122804,27,-5393,130,0,1,1,0,0,1,0,0
122814,37,-5391,135,0,1,1,0,0,1,0,0
122825,18,-5387,152,0,1,1,0,0,1,0,0
122835,30,-5380,146,0,1,1,0,0,1,0,0
122843,25,-5377,150,0,1,1,0,0,1,0,0
122853,14,-5381,142,0,1,1,0,0,1,0,0
122863,27,-5376,144,0,1,1,0,0,1,0,0
122874,18,-5386,154,0,1,1,0,0,1,0,0
122884,21,-5384,135,0,1,1,0,0,1,0,0
122895,39,-5383,167,0,1,1,0,0,1,0,0
122905,20,-5385,154,0,1,1,0,0,1,0,0
122916,11,-5383,129,0,1,1,0,0,1,0,0
122926,33,-5390,139,0,1,1,0,0,1,0,0
122927,37,-5396,148,0,1,1,0,0,1,0,0
122937,20,-5382,139,0,1,1,0,0,1,0,0
122947,31,-5376,146,0,1,1,0,0,1,0,0
122957,12,-5377,143,0,1,1,0,0,1,0,0
122967,15,-5389,135,0,1,1,0,0,1,0,0
122977,28,-5387,150,0,1,1,0,0,1,0,0
122987,30,-5380,161,0,1,1,1,0,1,0,0
122997,24,-5386,152,0,1,1,0,0,1,0,0
123007,32,-5376,152,0,1,1,0,0,1,0,0
123018,11,-5397,137,0,1,1,0,0,1,0,0
123028,22,-5386,134,0,1,1,0,0,1,0,0
123038,30,-5381,143,0,1,1,0,0,1,0,0
123048,14,-5396,147,0,1,1,0,0,1,0,0
123058,21,-5395,148,0,1,1,0,0,1,0,0
123068,24,-5374,143,0,1,1,0,0,1,0,0
123078,24,-5370,143,0,1,1,0,0,1,0,0
123088,21,-5381,144,0,1,1,0,0,1,0,0
123099,24,-5385,147,0,1,1,0,0,1,0,0
123109,28,-5392,150,0,1,1,0,0,1,0,0
123119,24,-5387,141,0,1,1,0,0,1,0,0
123129,33,-5391,136,0,1,1,0,0,1,0,0
123139,31,-5381,142,0,1,1,0,0,1,0,0
123149,15,-5374,155,0,1,1,0,0,1,0,0
123159,30,-5383,145,0,1,1,0,0,1,0,0
123169,28,-5393,153,0,1,1,0,0,1,0,0
123179,29,-5383,125,0,1,1,0,0,1,0,0
123189,18,-5384,146,0,1,1,0,0,1,0,0
123199,10,-5381,145,0,1,1,0,0,1,0,0
123209,24,-5379,133,0,1,1,0,0,1,0,0
123219,29,-5370,158,0,1,1,0,0,1,0,0
123229,20,-5378,147,0,1,1,0,0,1,0,0
123239,29,-5395,135,0,1,1,0,0,1,0,0
123249,24,-5386,153,0,1,1,0,0,1,0,0
123260,18,-5383,162,0,1,1,0,0,1,0,0
123270,38,-5369,146,0,1,1,0,0,1,0,0
123280,33,-5375,157,0,1,1,0,0,1,0,0
123290,16,-5378,150,0,1,1,0,0,1,0,0
123300,37,-5386,146,0,1,1,0,0,1,0,0
123310,35,-5372,152,0,1,1,0,0,1,0,0
123320,11,-5375,142,0,1,1,0,0,1,0,0
123330,31,-5384,132,0,1,1,0,0,1,0,0
123341,21,-5373,144,0,1,1,0,0,1,0,0
123351,18,-5390,148,0,1,1,0,0,1,0,0
123361,30,-5393,145,0,1,1,0,0,1,0,0
123371,16,-5381,156,0,1,1,0,0,1,0,0
123381,24,-5375,134,0,1,1,0,0,1,0,0
123391,31,-5387,137,0,1,1,0,0,1,0,0
123401,20,-5387,142,0,1,1,0,0,1,0,0
123411,28,-5384,141,0,1,1,0,0,1,0,0
123421,16,-5382,141,0,1,1,0,0,1,0,0
123431,19,-5377,144,0,1,1,0,0,1,0,0
123441,34,-5376,136,0,1,1,0,0,1,0,0
123451,24,-5387,149,0,1,1,0,0,1,0,0
123461,31,-5383,147,0,1,1,0,0,1,0,0
123471,19,-5383,138,0,1,1,0,0,1,0,0
123481,28,-5378,137,0,1,1,0,0,1,0,0
123485,39,-5388,139,0,1,1,0,0,1,0,0
123495,26,-5379,158,0,1,1,1,0,1,0,0
123506,10,-5382,144,0,1,1,0,0,1,0,0
123516,39,-5363,151,0,1,1,0,0,1,0,0
123526,28,-5366,147,0,1,1,0,0,1,0,0
123536,27,-5376,152,0,1,1,0,0,1,0,0
123546,39,-5386,153,0,1,1,0,0,1,0,0
123556,34,-5386,146,0,1,1,0,0,1,0,0
123566,22,-5381,144,0,1,1,0,0,1,0,0
123576,33,-5384,137,0,1,1,0,0,1,0,0
123584,42,-5380,152,0,1,1,0,0,1,0,0
123594,30,-5371,151,0,1,1,0,0,1,0,0
123604,21,-5388,147,0,1,1,0,0,1,0,0
123614,35,-5395,143,0,1,1,0,0,1,0,0
123624,12,-5382,143,0,1,1,0,0,1,0,0
123635,28,-5382,135,0,1,1,0,0,1,0,0
123645,37,-5391,148,0,1,1,0,0,1,0,0
123656,7,-5386,157,0,1,1,0,0,1,0,0
123666,21,-5376,142,0,1,1,0,0,1,0,0
123671,25,-5381,145,0,1,1,0,0,1,0,0
123681,27,-5373,160,0,1,1,0,0,1,0,0
123691,24,-5381,139,0,1,1,0,0,1,0,0
123702,29,-5396,141,0,1,1,0,0,1,0,0
123712,17,-5384,142,0,1,1,0,0,1,0,0
123723,30,-5384,138,0,1,1,0,0,1,0,0
123733,42,-5382,156,0,1,1,0,0,1,0,0
123744,16,-5395,146,0,1,1,0,0,1,0,0
123754,25,-5388,136,0,1,1,0,0,1,0,0
123765,34,-5380,153,0,1,1,0,0,1,0,0
123775,16,-5376,150,0,1,1,0,0,1,0,0
123785,35,-5385,142,0,1,1,0,0,1,0,0
123795,19,-5385,147,0,1,1,0,0,1,0,0
123805,18,-5374,146,0,1,1,0,0,1,0,0
123815,51,-5384,149,0,1,1,0,0,1,0,0
123825,25,-5383,132,0,1,1,0,0,1,0,0
123835,15,-5386,146,0,1,1,0,0,1,0,0
123843,24,-5388,146,0,1,1,0,0,1,0,0
123853,20,-5386,150,0,1,1,0,0,1,0,0
123863,30,-5377,131,0,1,1,0,0,1,0,0
123874,34,-5387,149,0,1,1,0,0,1,0,0
123884,17,-5377,157,0,1,1,0,0,1,0,0
123895,22,-5382,141,0,1,1,0,0,1,0,0
123905,21,-5381,157,0,1,1,0,0,1,0,0
123906,21,-5383,143,0,1,1,0,0,1,0,0
123916,42,-5384,137,0,1,1,0,0,1,0,0
123926,25,-5395,156,0,1,1,0,0,1,0,0
123936,18,-5386,139,0,1,1,0,0,1,0,0
123946,19,-5378,134,0,1,1,0,0,1,0,0
123956,18,-5377,148,0,1,1,0,0,1,0,0
123966,30,-5387,141,0,1,1,0,0,1,0,0
123976,35,-5393,151,0,1,1,0,0,1,0,0
123986,17,-5374,148,0,1,1,0,0,1,0,0
123996,22,-5380,140,0,1,1,0,0,1,0,0
124006,30,-5386,154,0,1,1,0,0,1,0,0
124021,18,-5387,152,0,1,1,0,0,1,0,0
124031,34,-5385,151,0,1,1,1,0,1,0,0
124042,23,-5396,151,0,1,1,0,0,1,0,0
124052,17,-5381,135,0,1,1,0,0,1,0,0
124063,26,-5384,147,0,1,1,0,0,1,0,0
124073,21,-5390,159,0,1,1,0,0,1,0,0
124074,24,-5390,143,0,1,1,0,0,1,0,0
124084,31,-5381,142,0,1,1,0,0,1,0,0
124094,4,-5384,151,0,1,1,0,0,1,0,0
124105,15,-5371,143,0,1,1,0,0,1,0,0
124115,34,-5375,146,0,1,1,0,0,1,0,0
124126,29,-5379,151,0,1,1,0,0,1,0,0
124136,25,-5384,146,0,1,1,0,0,1,0,0
124147,19,-5385,146,0,1,1,0,0,1,0,0
124157,9,-5372,151,0,1,1,0,0,1,0,0
124168,21,-5371,149,0,1,1,0,0,1,0,0
124178,28,-5386,149,0,1,1,0,0,1,0,0
124189,4,-5383,138,0,1,1,0,0,1,0,0
124199,38,-5382,133,0,1,1,0,0,1,0,0
124209,42,-5387,146,0,1,1,0,0,1,0,0
124219,8,-5390,135,0,1,1,0,0,1,0,0
124229,28,-5388,129,0,1,1,0,0,1,0,0
124239,29,-5386,152,0,1,1,0,0,1,0,0
124249,21,-5389,146,0,1,1,0,0,1,0,0
124259,47,-5380,128,0,1,1,0,0,1,0,0
124269,40,-5389,146,0,1,1,0,0,1,0,0
124279,14,-5390,143,0,1,1,0,0,1,0,0
124289,20,-5381,141,0,1,1,0,0,1,0,0
124299,29,-5394,146,0,1,1,0,0,1,0,0
124309,5,-5391,153,0,1,1,0,0,1,0,0
124319,19,-5370,140,0,1,1,0,0,1,0,0
124329,30,-5366,148,0,1,1,0,0,1,0,0
124339,17,-5381,146,0,1,1,0,0,1,0,0
124350,22,-5381,150,0,1,1,0,0,1,0,0
124360,30,-5379,155,0,1,1,0,0,1,0,0
124370,21,-5387,135,0,1,1,0,0,1,0,0
124380,24,-5384,143,0,1,1,0,0,1,0,0
124390,29,-5381,155,0,1,1,0,0,1,0,0
124400,19,-5395,146,0,1,1,0,0,1,0,0
124410,26,-5388,137,0,1,1,0,0,1,0,0
124420,28,-5379,149,0,1,1,0,0,1,0,0
124430,23,-5381,142,0,1,1,0,0,1,0,0
124440,27,-5394,141,0,1,1,0,0,1,0,0
124450,10,-5379,147,0,1,1,0,0,1,0,0
124460,32,-5377,133,0,1,1,0,0,1,0,0
124470,33,-5364,148,0,1,1,0,0,1,0,0
124480,13,-5375,145,0,1,1,0,0,1,0,0
124490,38,-5370,137,0,1,1,0,0,1,0,0
124500,42,-5390,154,0,1,1,0,0,1,0,0
124510,19,-5384,151,0,1,1,0,0,1,0,0
124511,21,-5381,151,0,1,1,0,0,1,0,0
124521,29,-5393,146,0,1,1,0,0,1,0,0
124535,24,-5380,145,0,1,1,0,0,1,0,0
124545,30,-5378,136,0,1,1,1,0,1,0,0
124556,20,-5378,139,0,1,1,0,0,1,0,0
124566,18,-5374,144,0,1,1,0,0,1,0,0
124577,49,-5375,141,0,1,1,0,0,1,0,0
124587,19,-5386,138,0,1,1,0,0,1,0,0
124592,28,-5383,147,0,1,1,0,0,1,0,0
124602,29,-5384,153,0,1,1,0,0,1,0,0
124612,12,-5380,135,0,1,1,0,0,1,0,0
124622,28,-5385,144,0,1,1,0,0,1,0,0
124632,20,-5392,143,0,1,1,0,0,1,0,0
124646,25,-5386,135,0,1,1,0,0,1,0,0
124656,22,-5373,146,0,1,1,0,0,1,0,0
124666,14,-5377,136,0,1,1,0,0,1,0,0
124676,20,-5398,135,0,1,1,0,0,1,0,0
124677,24,-5373,151,0,1,1,0,0,1,0,0
124687,26,-5388,150,0,1,1,0,0,1,0,0
124697,37,-5390,141,0,1,1,0,0,1,0,0
124708,29,-5372,158,0,1,1,0,0,1,0,0
124718,23,-5382,148,0,1,1,0,0,1,0,0
124733,39,-5385,135,0,1,1,0,0,1,0,0
124743,35,-5375,148,0,1,1,0,0,1,0,0
124754,21,-5372,147,0,1,1,0,0,1,0,0
124764,22,-5389,141,0,1,1,0,0,1,0,0
124775,34,-5379,147,0,1,1,0,0,1,0,0
124785,10,-5383,132,0,1,1,0,0,1,0,0
124786,25,-5378,144,0,1,1,0,0,1,0,0
124796,25,-5381,152,0,1,1,0,0,1,0,0
124806,33,-5389,146,0,1,1,0,0,1,0,0
124817,23,-5384,136,0,1,1,0,0,1,0,0
124827,15,-5376,140,0,1,1,0,0,1,0,0
124838,11,-5383,148,0,1,1,0,0,1,0,0
124848,22,-5381,137,0,1,1,0,0,1,0,0
124859,39,-5383,147,0,1,1,0,0,1,0,0
124869,31,-5379,153,0,1,1,0,0,1,0,0
124879,30,-5375,151,0,1,1,0,0,1,0,0
124889,24,-5375,154,0,1,1,0,0,1,0,0
124900,16,-5382,137,0,1,1,0,0,1,0,0
124910,27,-5379,133,0,1,1,0,0,1,0,0
124920,44,-5389,143,0,1,1,0,0,1,0,0
124930,22,-5392,145,0,1,1,0,0,1,0,0
124940,32,-5375,139,0,1,1,0,0,1,0,0
124950,20,-5372,159,0,1,1,0,0,1,0,0
124960,14,-5387,137,0,1,1,0,0,1,0,0
124970,24,-5387,136,0,1,1,0,0,1,0,0
124981,19,-5383,156,0,1,1,0,0,1,0,0
124991,14,-5380,146,0,1,1,0,0,1,0,0
125001,24,-5386,150,0,1,1,0,0,1,0,0
125011,21,-5381,137,0,1,1,0,0,1,0,0
125021,18,-5384,135,0,1,1,0,0,1,0,0
125031,19,-5386,145,0,1,1,0,0,1,0,0
125041,24,-5378,134,0,1,1,0,0,1,0,0
125051,33,-5388,136,0,1,1,0,0,1,0,0
125061,33,-5388,158,0,1,1,0,0,1,0,0
125071,22,-5378,158,0,1,1,1,0,1,0,0
125081,19,-5380,130,0,1,1,0,0,1,0,0
125091,26,-5380,150,0,1,1,0,0,1,0,0
125101,14,-5383,153,0,1,1,0,0,1,0,0
125111,32,-5387,143,0,1,1,0,0,1,0,0
125121,21,-5378,142,0,1,1,0,0,1,0,0
125131,20,-5385,135,0,1,1,0,0,1,0,0
125142,39,-5381,140,0,1,1,0,0,1,0,0
125152,34,-5381,150,0,1,1,0,0,1,0,0
125162,34,-5373,130,0,1,1,0,0,1,0,0
125172,38,-5382,142,0,1,1,0,0,1,0,0
125182,32,-5394,151,0,1,1,0,0,1,0,0
125192,24,-5390,142,0,1,1,0,0,1,0,0
125202,23,-5380,158,0,1,1,0,0,1,0,0
125212,38,-5377,137,0,1,1,0,0,1,0,0
125222,18,-5383,150,0,1,1,0,0,1,0,0
125223,2,-5386,160,0,1,1,0,0,1,0,0
125233,26,-5388,144,0,1,1,0,0,1,0,0
125243,21,-5382,147,0,1,1,0,0,1,0,0
125253,19,-5380,143,0,1,1,0,0,1,0,0
125263,32,-5377,137,0,1,1,0,0,1,0,0
125273,25,-5385,150,0,1,1,0,0,1,0,0
125283,21,-5388,143,0,1,1,0,0,1,0,0
125293,42,-5395,136,0,1,1,0,0,1,0,0
125304,29,-5385,138,0,1,1,0,0,1,0,0
125314,17,-5371,152,0,1,1,0,0,1,0,0
125324,35,-5378,140,0,1,1,0,0,1,0,0
125334,22,-5383,150,0,1,1,0,0,1,0,0
125344,17,-5384,141,0,1,1,0,0,1,0,0
125354,38,-5390,132,0,1,1,0,0,1,0,0
125364,17,-5392,142,0,1,1,0,0,1,0,0
125374,27,-5375,134,0,1,1,0,0,1,0,0
125385,49,-5380,135,0,1,1,0,0,1,0,0
125395,30,-5383,159,0,1,1,0,0,1,0,0
125405,14,-5389,154,0,1,1,0,0,1,0,0
125415,42,-5375,146,0,1,1,0,0,1,0,0
125425,10,-5389,142,0,1,1,0,0,1,0,0
125435,15,-5372,137,0,1,1,0,0,1,0,0
125445,40,-5366,153,0,1,1,0,0,1,0,0
125455,12,-5395,149,0,1,1,0,0,1,0,0
125465,9,-5383,127,0,1,1,0,0,1,0,0
125475,39,-5384,148,0,1,1,0,0,1,0,0
125485,21,-5384,148,0,1,1,0,0,1,0,0
125495,19,-5391,134,0,1,1,0,0,1,0,0
125505,37,-5376,133,0,1,1,0,0,1,0,0
125515,28,-5377,151,0,1,1,0,0,1,0,0
125525,24,-5385,155,0,1,1,0,0,1,0,0
125535,36,-5386,139,0,1,1,0,0,1,0,0
125546,24,-5378,152,0,1,1,0,0,1,0,0
125556,25,-5385,141,0,1,1,0,0,1,0,0
125560,36,-5381,144,0,1,1,0,0,1,0,0
125570,11,-5375,140,0,1,1,0,0,1,0,0
125580,19,-5385,134,0,1,1,1,0,1,0,0
125591,28,-5385,153,0,1,1,0,0,1,0,0
125601,16,-5375,146,0,1,1,0,0,1,0,0
125612,24,-5368,139,0,1,1,0,0,1,0,0
125622,4,-5385,141,0,1,1,0,0,1,0,0
125627,15,-5380,138,0,1,1,0,0,1,0,0
125637,33,-5377,153,0,1,1,0,0,1,0,0
125647,28,-5383,144,0,1,1,0,0,1,0,0
125657,17,-5383,140,0,1,1,0,0,1,0,0
125667,43,-5382,143,0,1,1,0,0,1,0,0
125678,30,-5383,147,0,1,1,0,0,1,0,0
125688,23,-5368,148,0,1,1,0,0,1,0,0
125699,35,-5376,157,0,1,1,0,0,1,0,0
125709,27,-5381,151,0,1,1,0,0,1,0,0
125724,36,-5388,139,0,1,1,0,0,1,0,0
125734,39,-5382,142,0,1,1,0,0,1,0,0
125745,12,-5380,146,0,1,1,0,0,1,0,0
125755,33,-5382,140,0,1,1,0,0,1,0,0
125756,38,-5379,147,0,1,1,0,0,1,0,0
125766,5,-5375,151,0,1,1,0,0,1,0,0
125776,29,-5390,151,0,1,1,0,0,1,0,0
125787,17,-5387,150,0,1,1,0,0,1,0,0
125797,22,-5378,140,0,1,1,0,0,1,0,0
125808,19,-5377,147,0,1,1,0,0,1,0,0
125818,16,-5384,138,0,1,1,0,0,1,0,0
125828,14,-5380,138,0,1,1,0,0,1,0,0
125838,22,-5392,146,0,1,1,0,0,1,0,0
125845,23,-5383,154,0,1,1,0,0,1,0,0
125855,31,-5387,147,0,1,1,0,0,1,0,0
125865,19,-5380,148,0,1,1,0,0,1,0,0
125876,22,-5369,152,0,1,1,0,0,1,0,0
125886,41,-5377,157,0,1,1,0,0,1,0,0
125897,23,-5380,153,0,1,1,0,0,1,0,0
125907,22,-5386,144,0,1,1,0,0,1,0,0
125918,35,-5385,141,0,1,1,0,0,1,0,0
125928,18,-5382,149,0,1,1,0,0,1,0,0
125939,25,-5385,140,0,1,1,0,0,1,0,0
125949,38,-5385,139,0,1,1,0,0,1,0,0
125960,29,-5384,147,0,1,1,0,0,1,0,0
125970,21,-5376,132,0,1,1,0,0,1,0,0
125981,16,-5382,134,0,1,1,0,0,1,0,0
125991,17,-5385,132,0,1,1,0,0,1,0,0
126001,25,-5381,140,0,1,1,0,0,1,0,0
126011,31,-5377,143,0,1,1,0,0,1,0,0
126021,18,-5383,151,0,1,1,0,0,1,0,0
126031,38,-5389,139,0,1,1,0,0,1,0,0
126041,30,-5378,135,0,1,1,0,0,1,0,0
126051,13,-5383,147,0,1,1,0,0,1,0,0
126061,27,-5385,138,0,1,1,0,0,1,0,0
126071,33,-5374,138,0,1,1,0,0,1,0,0
126081,30,-5393,149,0,1,1,0,0,1,0,0
126091,29,-5379,142,0,1,1,0,0,1,0,0
126101,26,-5369,150,0,1,1,0,0,1,0,0
126111,20,-5384,150,0,1,1,1,0,1,0,0
126121,23,-5382,150,0,1,1,0,0,1,0,0
126131,40,-5387,165,0,1,1,0,0,1,0,0
126132,13,-5381,151,0,1,1,0,0,1,0,0
126142,17,-5381,137,0,1,1,0,0,1,0,0
126152,29,-5379,145,0,1,1,0,0,1,0,0
126162,8,-5384,130,0,1,1,0,0,1,0,0
126172,20,-5390,136,0,1,1,0,0,1,0,0
126182,17,-5380,151,0,1,1,0,0,1,0,0
126192,10,-5378,146,0,1,1,0,0,1,0,0
126202,23,-5385,149,0,1,1,0,0,1,0,0
126212,26,-5382,154,0,1,1,0,0,1,0,0
126223,26,-5375,144,0,1,1,0,0,1,0,0
126233,32,-5373,155,0,1,1,0,0,1,0,0
126243,18,-5373,152,0,1,1,0,0,1,0,0
126253,35,-5383,152,0,1,1,0,0,1,0,0
126263,46,-5391,153,0,1,1,0,0,1,0,0
126273,22,-5381,155,0,1,1,0,0,1,0,0
126283,27,-5381,147,0,1,1,0,0,1,0,0
126293,42,-5392,156,0,1,1,0,0,1,0,0
126303,34,-5388,138,0,1,1,0,0,1,0,0
126313,24,-5383,134,0,1,1,0,0,1,0,0
126323,25,-5376,151,0,1,1,0,0,1,0,0
126333,15,-5382,157,0,1,1,0,0,1,0,0
126343,31,-5391,142,0,1,1,0,0,1,0,0
126353,11,-5388,147,0,1,1,0,0,1,0,0
126363,22,-5382,137,0,1,1,0,0,1,0,0
126373,19,-5390,150,0,1,1,0,0,1,0,0
126384,0,-5382,153,0,1,1,0,0,1,0,0
126394,13,-5391,140,0,1,1,0,0,1,0,0
126404,22,-5389,147,0,1,1,0,0,1,0,0
126414,16,-5375,136,0,1,1,0,0,1,0,0
126424,11,-5372,150,0,1,1,0,0,1,0,0
126434,17,-5371,145,0,1,1,0,0,1,0,0
126444,36,-5384,131,0,1,1,0,0,1,0,0
126454,37,-5375,155,0,1,1,0,0,1,0,0
126464,6,-5382,144,0,1,1,0,0,1,0,0
126474,28,-5381,132,0,1,1,0,0,1,0,0
126484,26,-5391,158,0,1,1,0,0,1,0,0
126494,19,-5389,155,0,1,1,0,0,1,0,0
126504,15,-5385,146,0,1,1,0,0,1,0,0
126514,34,-5378,156,0,1,1,0,0,1,0,0
126524,13,-5377,154,0,1,1,0,0,1,0,0
126534,16,-5384,130,0,1,1,0,0,1,0,0
126545,26,-5394,145,0,1,1,0,0,1,0,0
126555,9,-5372,144,0,1,1,0,0,1,0,0
126565,25,-5372,143,0,1,1,0,0,1,0,0
126575,22,-5383,139,0,1,1,0,0,1,0,0
126585,26,-5379,151,0,1,1,0,0,1,0,0
126595,40,-5383,135,0,1,1,0,0,1,0,0
126605,13,-5390,142,0,1,1,0,0,1,0,0
126615,11,-5385,152,0,1,1,0,0,1,0,0
126620,38,-5386,144,0,1,1,0,0,1,0,0
126630,20,-5384,151,0,1,1,0,0,1,0,0
126640,25,-5387,136,0,1,1,1,0,1,0,0
126653,46,-5385,128,0,1,1,0,0,1,0,0
126663,27,-5379,150,0,1,1,0,0,1,0,0
126673,21,-5380,157,0,1,1,0,0,1,0,0
126684,39,-5391,138,0,1,1,0,0,1,0,0
126694,21,-5373,137,0,1,1,0,0,1,0,0
126695,18,-5373,153,0,1,1,0,0,1,0,0
126705,40,-5388,148,0,1,1,0,0,1,0,0
126715,33,-5374,148,0,1,1,0,0,1,0,0
126726,3,-5386,135,0,1,1,0,0,1,0,0
126736,19,-5385,147,0,1,1,0,0,1,0,0
126746,16,-5391,142,0,1,1,0,0,1,0,0
126756,23,-5375,143,0,1,1,0,0,1,0,0
126766,28,-5387,142,0,1,1,0,0,1,0,0
126776,29,-5391,139,0,1,1,0,0,1,0,0
126786,41,-5380,135,0,1,1,0,0,1,0,0
126796,32,-5383,146,0,1,1,0,0,1,0,0
126807,12,-5385,142,0,1,1,0,0,1,0,0
126817,35,-5392,147,0,1,1,0,0,1,0,0
126827,22,-5367,148,0,1,1,0,0,1,0,0
126837,31,-5378,128,0,1,1,0,0,1,0,0
126845,30,-5378,144,0,1,1,0,0,1,0,0
126855,15,-5387,147,0,1,1,0,0,1,0,0
126865,29,-5378,123,0,1,1,0,0,1,0,0
126876,49,-5381,139,0,1,1,0,0,1,0,0
126886,26,-5379,144,0,1,1,0,0,1,0,0
126897,16,-5372,147,0,1,1,0,0,1,0,0
126907,38,-5383,153,0,1,1,0,0,1,0,0
126917,28,-5389,136,0,1,1,0,0,1,0,0
126927,46,-5371,136,0,1,1,0,0,1,0,0
126937,24,-5380,153,0,1,1,0,0,1,0,0
126947,24,-5363,149,0,1,1,0,0,1,0,0
126957,36,-5395,146,0,1,1,0,0,1,0,0
126967,16,-5394,153,0,1,1,0,0,1,0,0
126977,22,-5389,154,0,1,1,0,0,1,0,0
126987,12,-5380,157,0,1,1,0,0,1,0,0
126997,2,-5384,147,0,1,1,0,0,1,0,0
127007,17,-5381,141,0,1,1,0,0,1,0,0
127017,-13,-5374,141,0,1,1,0,0,1,0,0
127027,0,-5383,139,0,1,1,0,0,1,0,0
127037,26,-5388,151,0,1,1,0,0,1,0,0
127047,12,-5375,145,0,1,1,0,0,1,0,0
127058,31,-5386,128,0,1,1,0,0,1,0,0
127068,43,-5384,150,0,1,1,0,0,1,0,0
127078,20,-5385,152,0,1,1,0,0,1,0,0
127088,34,-5380,135,0,1,1,0,0,1,0,0
127098,41,-5384,160,0,1,1,0,0,1,0,0
127108,32,-5380,160,0,1,1,0,0,1,0,0
127118,42,-5388,151,0,1,1,0,0,1,0,0
127128,50,-5386,163,0,1,1,0,0,1,0,0
127139,34,-5382,150,0,1,1,0,0,1,0,0
127149,52,-5374,147,0,1,1,1,0,1,0,0
127159,42,-5384,149,0,1,1,0,0,1,0,0
127169,34,-5391,149,0,1,1,0,0,1,0,0
127179,32,-5384,138,0,1,1,0,0,1,0,0
127189,8,-5376,138,0,1,1,0,0,1,0,0
127199,6,-5382,154,0,1,1,0,0,1,0,0
127209,8,-5381,149,0,1,1,0,0,1,0,0
127210,9,-5384,148,0,1,1,0,0,1,0,0
127220,14,-5386,137,0,1,1,0,0,1,0,0
127230,34,-5382,149,0,1,1,0,0,1,0,0
127240,20,-5390,138,0,1,1,0,0,1,0,0
127250,26,-5389,129,0,1,1,0,0,1,0,0
127260,43,-5384,138,0,1,1,0,0,1,0,0
127270,24,-5376,152,0,1,1,0,0,1,0,0
127280,30,-5377,150,0,1,1,0,0,1,0,0
127290,42,-5381,149,0,1,1,0,0,1,0,0
127301,34,-5384,151,0,1,1,0,0,1,0,0
127311,12,-5381,149,0,1,1,0,0,1,0,0
127321,40,-5377,139,0,1,1,0,0,1,0,0
127331,44,-5381,157,0,1,1,0,0,1,0,0
127341,30,-5383,150,0,1,1,0,0,1,0,0
127351,39,-5381,145,0,1,1,0,0,1,0,0
127361,33,-5382,152,0,1,1,0,0,1,0,0
127371,23,-5391,139,0,1,1,0,0,1,0,0
127382,9,-5388,141,0,1,1,0,0,1,0,0
127392,6,-5390,159,0,1,1,0,0,1,0,0
127402,20,-5382,152,0,1,1,0,0,1,0,0
127412,8,-5391,150,0,1,1,0,0,1,0,0
127422,26,-5385,139,0,1,1,0,0,1,0,0
127432,10,-5381,139,0,1,1,0,0,1,0,0
127442,5,-5396,138,0,1,1,0,0,1,0,0
127452,24,-5382,140,0,1,1,0,0,1,0,0
127463,29,-5383,149,0,1,1,0,0,1,0,0
127473,24,-5384,149,0,1,1,0,0,1,0,0
127483,27,-5382,161,0,1,1,0,0,1,0,0
127493,38,-5380,154,0,1,1,0,0,1,0,0
127503,30,-5381,148,0,1,1,0,0,1,0,0
127513,30,-5375,147,0,1,1,0,0,1,0,0
127523,27,-5384,164,0,1,1,0,0,1,0,0
127533,24,-5391,131,0,1,1,0,0,1,0,0
127544,36,-5376,140,0,1,1,0,0,1,0,0
127554,26,-5388,159,0,1,1,0,0,1,0,0
127564,20,-5386,157,0,1,1,0,0,1,0,0
127574,15,-5368,150,0,1,1,0,0,1,0,0
127584,12,-5382,149,0,1,1,0,0,1,0,0
127594,17,-5377,157,0,1,1,0,0,1,0,0
127604,8,-5378,138,0,1,1,0,0,1,0,0
127614,18,-5369,141,0,1,1,0,0,1,0,0
127615,20,-5390,158,0,1,1,0,0,1,0,0
127625,12,-5387,148,0,1,1,0,0,1,0,0
127635,20,-5388,144,0,1,1,0,0,1,0,0
127643,24,-5379,138,0,1,1,0,0,1,0,0
127653,18,-5381,146,0,1,1,0,0,1,0,0
127663,34,-5377,135,0,1,1,0,0,1,0,0
127673,30,-5373,156,0,1,1,1,0,1,0,0
127693,24,-5388,145,0,1,1,0,0,1,0,0
127703,36,-5389,150,0,1,1,0,0,1,0,0
127713,33,-5389,151,0,1,1,0,0,1,0,0
127714,24,-5388,148,0,1,1,0,0,1,0,0
127724,35,-5377,155,0,1,1,0,0,1,0,0
127734,21,-5386,143,0,1,1,0,0,1,0,0
127750,10,-5396,147,0,1,1,0,0,1,0,0
127760,29,-5391,146,0,1,1,0,0,1,0,0
127771,25,-5367,143,0,1,1,0,0,1,0,0
127781,1,-5378,141,0,1,1,0,0,1,0,0
127792,31,-5382,142,0,1,1,0,0,1,0,0
127802,29,-5387,155,0,1,1,0,0,1,0,0
127803,21,-5387,147,0,1,1,0,0,1,0,0
127813,22,-5378,150,0,1,1,0,0,1,0,0
127823,22,-5380,147,0,1,1,0,0,1,0,0
127834,25,-5401,139,0,1,1,0,0,1,0,0
127844,39,-5392,144,0,1,1,0,0,1,0,0
127855,38,-5381,152,0,1,1,0,0,1,0,0
127865,33,-5377,144,0,1,1,0,0,1,0,0
127876,35,-5378,139,0,1,1,0,0,1,0,0
127886,36,-5380,155,0,1,1,0,0,1,0,0
127897,11,-5389,156,0,1,1,0,0,1,0,0
127907,39,-5391,159,0,1,1,0,0,1,0,0
127918,45,-5372,148,0,1,1,0,0,1,0,0
127928,33,-5383,152,0,1,1,0,0,1,0,0
127938,27,-5395,135,0,1,1,0,0,1,0,0
127948,4,-5375,146,0,1,1,0,0,1,0,0
127958,7,-5385,135,0,1,1,0,0,1,0,0
127968,20,-5391,133,0,1,1,0,0,1,0,0
127978,12,-5383,147,0,1,1,0,0,1,0,0
127988,29,-5386,142,0,1,1,0,0,1,0,0
127999,39,-5385,161,0,1,1,0,0,1,0,0
128009,17,-5391,148,0,1,1,0,0,1,0,0
128019,27,-5390,140,0,1,1,0,0,1,0,0
128029,25,-5379,150,0,1,1,0,0,1,0,0
128039,17,-5383,138,0,1,1,0,0,1,0,0
128049,24,-5396,137,0,1,1,0,0,1,0,0
128059,22,-5369,156,0,1,1,0,0,1,0,0
128069,20,-5383,135,0,1,1,0,0,1,0,0
128079,30,-5381,137,0,1,1,0,0,1,0,0
128089,31,-5379,155,0,1,1,0,0,1,0,0
128099,16,-5387,141,0,1,1,0,0,1,0,0
128109,25,-5390,146,0,1,1,0,0,1,0,0
128119,17,-5377,158,0,1,1,0,0,1,0,0
128129,40,-5376,144,0,1,1,0,0,1,0,0
128139,41,-5380,150,0,1,1,0,0,1,0,0
128149,20,-5374,140,0,1,1,0,0,1,0,0
128150,31,-5375,142,0,1,1,0,0,1,0,0
128160,34,-5374,146,0,1,1,0,0,1,0,0
128170,34,-5382,136,0,1,1,0,0,1,0,0
128184,32,-5393,157,0,1,1,0,0,1,0,0
128194,7,-5378,148,0,1,1,1,0,1,0,0
128205,25,-5381,139,0,1,1,0,0,1,0,0
128215,12,-5379,152,0,1,1,0,0,1,0,0
128226,19,-5384,149,0,1,1,0,0,1,0,0
128236,17,-5381,148,0,1,1,0,0,1,0,0
128247,16,-5379,153,0,1,1,0,0,1,0,0
128257,26,-5371,147,0,1,1,0,0,1,0,0
128258,37,-5371,146,0,1,1,0,0,1,0,0
128268,27,-5384,153,0,1,1,0,0,1,0,0
128278,28,-5390,142,0,1,1,0,0,1,0,0
128289,36,-5383,137,0,1,1,0,0,1,0,0
128299,34,-5385,151,0,1,1,0,0,1,0,0
128310,23,-5388,142,0,1,1,0,0,1,0,0
128320,38,-5385,133,0,1,1,0,0,1,0,0
128331,15,-5384,141,0,1,1,0,0,1,0,0
128341,19,-5385,138,0,1,1,0,0,1,0,0
128351,29,-5374,152,0,1,1,0,0,1,0,0
128361,21,-5377,138,0,1,1,0,0,1,0,0
128371,25,-5388,141,0,1,1,0,0,1,0,0
128381,22,-5392,149,0,1,1,0,0,1,0,0
128391,13,-5385,154,0,1,1,0,0,1,0,0
128401,24,-5383,144,0,1,1,0,0,1,0,0
128412,31,-5386,146,0,1,1,0,0,1,0,0
128422,21,-5373,151,0,1,1,0,0,1,0,0
128432,21,-5383,138,0,1,1,0,0,1,0,0
128442,40,-5387,156,0,1,1,0,0,1,0,0
128452,25,-5381,157,0,1,1,0,0,1,0,0
128462,24,-5393,140,0,1,1,0,0,1,0,0
128472,54,-5388,144,0,1,1,0,0,1,0,0
128482,33,-5389,138,0,1,1,0,0,1,0,0
128492,23,-5385,144,0,1,1,0,0,1,0,0
128502,43,-5375,138,0,1,1,0,0,1,0,0
128512,30,-5389,144,0,1,1,0,0,1,0,0
128522,19,-5388,137,0,1,1,0,0,1,0,0
128532,37,-5385,147,0,1,1,0,0,1,0,0
128542,20,-5396,152,0,1,1,0,0,1,0,0
128552,22,-5387,143,0,1,1,0,0,1,0,0
128562,36,-5395,152,0,1,1,0,0,1,0,0
128573,17,-5393,151,0,1,1,0,0,1,0,0
128583,19,-5374,139,0,1,1,0,0,1,0,0
128593,21,-5372,147,0,1,1,0,0,1,0,0
128603,8,-5380,146,0,1,1,0,0,1,0,0
128613,33,-5384,140,0,1,1,0,0,1,0,0
128623,30,-5372,147,0,1,1,0,0,1,0,0
128624,18,-5376,142,0,1,1,0,0,1,0,0
128634,38,-5395,138,0,1,1,0,0,1,0,0
128644,42,-5382,149,0,1,1,0,0,1,0,0
128654,29,-5389,146,0,1,1,0,0,1,0,0
128664,38,-5395,136,0,1,1,0,0,1,0,0
128674,30,-5377,135,0,1,1,0,0,1,0,0
128685,33,-5389,143,0,1,1,0,0,1,0,0
128695,44,-5375,142,0,1,1,0,0,1,0,0
128700,15,-5379,139,0,1,1,0,0,1,0,0
128710,33,-5390,133,0,1,1,0,0,1,0,0
128720,27,-5404,157,0,1,1,1,0,1,0,0
128740,20,-5385,143,0,1,1,0,0,1,0,0
128750,42,-5379,148,0,1,1,0,0,1,0,0
128760,18,-5386,162,0,1,1,0,0,1,0,0
128771,25,-5384,140,0,1,1,0,0,1,0,0
128781,22,-5381,150,0,1,1,0,0,1,0,0
128782,17,-5390,137,0,1,1,0,0,1,0,0
128792,31,-5396,138,0,1,1,0,0,1,0,0
128802,19,-5398,159,0,1,1,0,0,1,0,0
128813,25,-5375,130,0,1,1,0,0,1,0,0
128823,47,-5376,148,0,1,1,0,0,1,0,0
128834,23,-5380,161,0,1,1,0,0,1,0,0
128844,15,-5380,144,0,1,1,0,0,1,0,0
128855,41,-5385,161,0,1,1,0,0,1,0,0
128865,39,-5390,150,0,1,1,0,0,1,0,0
128876,31,-5388,141,0,1,1,0,0,1,0,0
128886,54,-5388,141,0,1,1,0,0,1,0,0
128896,35,-5393,155,0,1,1,0,0,1,0,0
128906,18,-5389,143,0,1,1,0,0,1,0,0
128916,30,-5381,149,0,1,1,0,0,1,0,0
128926,22,-5393,157,0,1,1,0,0,1,0,0
128936,13,-5387,138,0,1,1,0,0,1,0,0
128946,34,-5379,148,0,1,1,0,0,1,0,0
128950,8,-5380,148,0,1,1,0,0,1,0,0
128960,14,-5377,134,0,1,1,0,0,1,0,0
128970,21,-5380,145,0,1,1,0,0,1,0,0
128980,-8,-5376,142,0,1,1,0,0,1,0,0
128990,9,-5381,154,0,1,1,0,0,1,0,0
129001,31,-5381,155,0,1,1,0,0,1,0,0
129011,13,-5342,166,0,1,1,0,0,1,0,0
129022,29,-5371,135,0,1,1,0,0,1,0,0
129032,53,-5476,120,0,1,1,0,0,1,0,0
129043,36,-5407,169,0,1,1,0,0,1,0,0
129053,16,-5279,144,0,1,1,0,0,1,0,0
129064,33,-5408,143,0,1,1,0,0,1,0,0
129074,42,-5411,161,0,1,1,0,0,1,0,0
129085,26,-5313,125,0,1,1,0,0,1,0,0
129095,47,-5393,143,0,1,1,0,0,1,0,0
129106,52,-5441,118,0,1,1,0,0,1,0,0
129116,19,-5357,150,0,1,1,0,0,1,0,0
129127,25,-5357,138,0,1,1,0,0,1,0,0
129137,13,-5413,145,0,1,1,0,0,1,0,0
129147,1,-5367,171,0,1,1,0,0,1,0,0
129157,1,-5324,144,0,1,1,0,0,1,0,0
129167,10,-5407,160,0,1,1,0,0,1,0,0
129177,16,-5419,128,0,1,1,0,0,1,0,0
129187,8,-5343,137,0,1,1,0,0,1,0,0
129197,3,-5382,137,0,1,1,0,0,1,0,0
129207,24,-5418,126,0,1,1,0,0,1,0,0
129217,14,-5378,135,0,1,1,0,0,1,0,0
129227,3,-5364,129,0,1,1,0,0,1,0,0
129237,34,-5392,145,0,1,1,1,0,1,0,0
129247,22,-5396,166,0,1,1,0,0,1,0,0
129257,16,-5375,168,0,1,1,0,0,1,0,0
129267,41,-5396,169,0,1,1,0,0,1,0,0
129277,44,-5394,142,0,1,1,0,0,1,0,0
129287,32,-5381,136,0,1,1,0,0,1,0,0
129288,42,-5358,153,0,1,1,0,0,1,0,0
129298,25,-5384,158,0,1,1,0,0,1,0,0
129308,27,-5387,161,0,1,1,0,0,1,0,0
129318,40,-5364,151,0,1,1,0,0,1,0,0
129328,33,-5385,141,0,1,1,0,0,1,0,0
129338,32,-5399,142,0,1,1,0,0,1,0,0
129348,27,-5397,133,0,1,1,0,0,1,0,0
129358,17,-5392,146,0,1,1,0,0,1,0,0
129369,24,-5405,148,0,1,1,0,0,1,0,0
129379,-2,-5392,147,0,1,1,0,0,1,0,0
129389,4,-5384,152,0,1,1,0,0,1,0,0
129399,17,-5399,157,0,1,1,0,0,1,0,0
129409,12,-5387,146,0,1,1,0,0,1,0,0
129419,26,-5381,135,0,1,1,0,0,1,0,0
129429,31,-5384,145,0,1,1,0,0,1,0,0
129439,21,-5396,148,0,1,1,0,0,1,0,0
129449,41,-5364,135,0,1,1,0,0,1,0,0
129459,41,-5370,166,0,1,1,0,0,1,0,0
129469,19,-5393,146,0,1,1,0,0,1,0,0
129479,28,-5386,149,0,1,1,0,0,1,0,0
129489,34,-5377,156,0,1,1,0,0,1,0,0
129499,16,-5386,138,0,1,1,0,0,1,0,0
129509,40,-5388,131,0,1,1,0,0,1,0,0
129519,58,-5379,149,0,1,1,0,0,1,0,0
129530,24,-5388,148,0,1,1,0,0,1,0,0
129540,26,-5388,148,0,1,1,0,0,1,0,0
129550,7,-5375,156,0,1,1,0,0,1,0,0
129560,9,-5378,149,0,1,1,0,0,1,0,0
129570,28,-5386,142,0,1,1,0,0,1,0,0
129580,9,-5376,147,0,1,1,0,0,1,0,0
129590,3,-5380,140,0,1,1,0,0,1,0,0
129600,30,-5384,125,0,1,1,0,0,1,0,0
129610,13,-5384,137,0,1,1,0,0,1,0,0
129620,15,-5383,139,0,1,1,0,0,1,0,0
129630,29,-5389,158,0,1,1,0,0,1,0,0
129640,34,-5378,159,0,1,1,0,0,1,0,0
129645,34,-5379,145,0,1,1,0,0,1,0,0
129655,40,-5378,148,0,1,1,0,0,1,0,0
129665,45,-5370,152,0,1,1,0,0,1,0,0
129675,32,-5379,146,0,1,1,0,0,1,0,0
129685,48,-5396,144,0,1,1,0,0,1,0,0
129695,50,-5385,146,0,1,1,0,0,1,0,0
129706,31,-5382,149,0,1,1,0,0,1,0,0
129716,36,-5381,144,0,1,1,0,0,1,0,0
129727,24,-5386,156,0,1,1,0,0,1,0,0
129737,1,-5383,146,0,1,1,0,0,1,0,0
129747,21,-5377,140,0,1,1,0,0,1,0,0
129757,7,-5395,143,0,1,1,1,0,1,0,0
129767,20,-5395,143,0,1,1,0,0,1,0,0
129777,5,-5382,147,0,1,1,0,0,1,0,0
129787,0,-5394,144,0,1,1,0,0,1,0,0
129797,15,-5395,156,0,1,1,0,0,1,0,0
129808,11,-5376,166,0,1,1,0,0,1,0,0
129818,1,-5385,141,0,1,1,0,0,1,0,0
129828,22,-5386,129,0,1,1,0,0,1,0,0
129838,35,-5380,139,0,1,1,0,0,1,0,0
129846,16,-5371,118,0,1,1,0,0,1,0,0
129856,46,-5373,136,0,1,1,0,0,1,0,0
129866,43,-5384,144,0,1,1,0,0,1,0,0
129877,26,-5373,155,0,1,1,0,0,1,0,0
129887,42,-5378,149,0,1,1,0,0,1,0,0
129898,46,-5386,164,0,1,1,0,0,1,0,0
129908,34,-5370,154,0,1,1,0,0,1,0,0
129919,41,-5383,157,0,1,1,0,0,1,0,0
129929,29,-5392,145,0,1,1,0,0,1,0,0
129930,25,-5395,144,0,1,1,0,0,1,0,0
129940,22,-5383,151,0,1,1,0,0,1,0,0
129950,22,-5382,136,0,1,1,0,0,1,0,0
129961,20,-5388,134,0,1,1,0,0,1,0,0
129971,4,-5387,131,0,1,1,0,0,1,0,0
129982,14,-5383,152,0,1,1,0,0,1,0,0
129992,11,-5362,153,0,1,1,0,0,1,0,0
130002,4,-5373,143,0,1,1,0,0,1,0,0
130012,26,-5385,127,0,1,1,0,0,1,0,0
130022,31,-5385,144,0,1,1,0,0,1,0,0
130032,26,-5372,145,0,1,1,0,0,1,0,0
130042,36,-5393,135,0,1,1,0,0,1,0,0
130052,38,-5388,152,0,1,1,0,0,1,0,0
130063,31,-5380,158,0,1,1,0,0,1,0,0
130073,43,-5388,143,0,1,1,0,0,1,0,0
130083,43,-5393,146,0,1,1,0,0,1,0,0
130093,42,-5374,137,0,1,1,0,0,1,0,0
130103,26,-5376,129,0,1,1,0,0,1,0,0
130113,33,-5387,140,0,1,1,0,0,1,0,0
130123,21,-5391,152,0,1,1,0,0,1,0,0
130133,33,-5380,138,0,1,1,0,0,1,0,0
130143,23,-5393,150,0,1,1,0,0,1,0,0
130153,4,-5384,149,0,1,1,0,0,1,0,0
130163,17,-5379,160,0,1,1,0,0,1,0,0
130173,2,-5377,152,0,1,1,0,0,1,0,0
130183,1,-5384,129,0,1,1,0,0,1,0,0
130193,18,-5382,143,0,1,1,0,0,1,0,0
130203,10,-5376,143,0,1,1,0,0,1,0,0
130213,-1,-5384,134,0,1,1,0,0,1,0,0
130224,38,-5385,123,0,1,1,0,0,1,0,0
130234,34,-5374,159,0,1,1,0,0,1,0,0
130244,30,-5383,144,0,1,1,0,0,1,0,0
130254,45,-5379,148,0,1,1,0,0,1,0,0
130258,48,-5387,151,0,1,1,0,0,1,0,0
130268,13,-5367,154,0,1,1,0,0,1,0,0
130278,43,-5384,141,0,1,1,1,0,1,0,0
130289,47,-5381,141,0,1,1,0,0,1,0,0
130299,35,-5367,149,0,1,1,0,0,1,0,0
130310,28,-5386,142,0,1,1,0,0,1,0,0
130320,25,-5393,158,0,1,1,0,0,1,0,0
130331,26,-5378,131,0,1,1,0,0,1,0,0
130341,23,-5374,134,0,1,1,0,0,1,0,0
130352,-1,-5387,134,0,1,1,0,0,1,0,0
130362,6,-5394,135,0,1,1,0,0,1,0,0
130373,17,-5375,152,0,1,1,0,0,1,0,0
130383,15,-5398,139,0,1,1,0,0,1,0,0
130394,10,-5393,136,0,1,1,0,0,1,0,0
130404,10,-5376,149,0,1,1,0,0,1,0,0
130414,15,-5376,159,0,1,1,0,0,1,0,0
130424,46,-5381,152,0,1,1,0,0,1,0,0
130434,33,-5374,146,0,1,1,0,0,0,0,0
130444,24,-5385,139,0,1,1,0,0,0,0,0
130454,37,-5388,157,0,1,1,0,0,0,0,0
130464,38,-5402,131,0,1,1,0,0,0,0,0
130474,40,-5374,149,0,1,1,0,0,0,0,0
130475,41,-5383,125,0,1,1,0,0,0,0,0
130485,40,-5409,131,0,1,1,0,0,0,0,0
130495,31,-5380,173,0,1,1,0,0,0,0,0
130505,11,-5367,129,0,1,1,0,0,0,0,0
130515,11,-5367,157,0,1,1,0,0,0,0,0
130525,7,-5402,151,0,1,1,0,0,0,0,0
130535,-7,-5369,146,0,1,1,0,0,0,0,0
130545,-8,-5375,140,0,1,1,0,0,0,0,0
130555,15,-5391,114,0,1,1,0,0,0,0,0
130565,12,-5374,139,0,1,1,0,0,0,0,0
130575,14,-5365,126,0,1,1,0,0,0,0,0
130585,34,-5377,109,0,1,1,0,0,0,0,0
130595,41,-5440,127,0,1,1,0,0,0,0,0
130605,28,-5366,164,0,1,1,0,0,0,0,0
130615,44,-5330,175,0,1,1,0,0,0,0,0
130625,63,-5432,177,0,1,1,0,0,0,0,0
130633,67,-5395,177,0,1,1,0,0,0,0,0
130643,57,-5345,159,0,1,1,0,0,0,0,0
130653,72,-5389,161,0,1,1,0,0,0,0,0
130663,53,-5409,141,0,1,1,0,0,0,0,0
130673,37,-5345,136,0,1,1,0,0,0,0,0
130684,29,-5369,143,0,1,1,0,0,0,0,0
130694,19,-5422,145,0,1,1,0,0,0,0,0
130705,1,-5380,137,0,1,1,0,0,0,0,0
130715,-17,-5360,134,0,1,1,0,0,0,0,0
130726,-4,-5413,136,0,1,1,0,0,0,0,0
130736,2,-5386,146,0,1,1,0,0,0,0,0
130746,11,-5360,138,0,1,1,0,0,0,0,0
130756,-2,-5386,148,0,1,1,0,0,0,0,0
130766,2,-5404,151,0,1,1,0,0,0,0,0
130776,23,-5375,144,0,1,1,0,0,0,0,0
130780,20,-5361,152,0,1,1,0,0,0,0,0
130790,46,-5393,145,0,1,1,0,0,0,0,0
130800,54,-5387,140,0,1,1,1,0,0,0,0
130811,47,-5371,137,0,1,1,0,0,0,0,0
130821,47,-5379,136,0,1,1,0,0,0,0,0
130831,59,-5390,136,0,1,1,0,0,0,0,0
130841,62,-5379,141,0,1,1,0,0,0,0,0
130858,31,-5375,148,0,1,1,0,0,0,0,0
130868,20,-5396,176,0,1,1,0,0,0,0,0
130869,28,-5382,163,0,1,1,0,0,0,0,0
130879,8,-5355,173,0,1,1,0,0,0,0,0
130889,18,-5391,154,0,1,1,0,0,0,0,0
130900,18,-5394,140,0,1,1,0,0,0,0,0
130910,14,-5371,126,0,1,1,0,0,0,0,0
130920,25,-5405,116,0,1,1,0,0,0,0,0
130930,12,-5412,122,0,1,1,0,0,0,0,0
130940,-2,-5369,118,0,1,1,0,0,0,0,0
130950,6,-5362,141,0,1,1,0,0,0,0,0
130960,27,-5405,157,0,1,1,0,0,0,0,0
130970,16,-5387,138,0,1,1,0,0,0,0,0
130980,34,-5371,144,0,1,1,0,0,0,0,0
130990,38,-5403,161,0,1,1,0,0,0,0,0
131000,48,-5397,167,0,1,1,0,0,0,0,0
131010,37,-5388,156,0,1,1,0,0,0,0,0
131020,37,-5376,158,0,1,1,0,0,0,0,0
131030,47,-5391,158,0,1,1,0,0,0,0,0
131040,40,-5374,139,0,1,1,0,0,0,0,0
131050,27,-5372,143,0,1,1,0,0,0,0,0
131061,21,-5394,141,0,1,1,0,0,0,0,0
131071,13,-5379,134,0,1,1,0,0,0,0,0
131081,22,-5365,133,0,1,1,0,0,0,0,0
131091,27,-5383,129,0,1,1,0,0,0,0,0
131101,25,-5393,142,0,1,1,0,0,0,0,0
131111,6,-5385,133,0,1,1,0,0,0,0,0
131121,16,-5375,156,0,1,1,0,0,0,0,0
131131,21,-5379,165,0,1,1,0,0,0,0,0
131141,27,-5382,164,0,1,1,0,0,0,0,0
131151,23,-5383,166,0,1,1,0,0,0,0,0
131161,19,-5389,137,0,1,1,0,0,0,0,0
131171,23,-5378,136,0,1,1,0,0,0,0,0
131181,36,-5383,138,0,1,1,0,0,0,0,0
131191,35,-5390,123,0,1,1,0,0,0,0,0
131201,30,-5384,120,0,1,1,0,0,0,0,0
131211,37,-5389,124,0,1,1,0,0,0,0,0
131222,38,-5377,147,0,1,1,0,0,0,0,0
131232,43,-5383,161,0,1,1,0,0,0,0,0
131242,21,-5389,163,0,1,1,0,0,0,0,0
131252,32,-5387,169,0,1,1,0,0,0,0,0
131262,16,-5388,158,0,1,1,0,0,0,0,0
131272,26,-5379,146,0,1,1,0,0,0,0,0
131282,22,-5371,130,0,1,1,0,0,0,0,0
131292,17,-5394,127,0,1,1,0,0,0,0,0
131297,27,-5389,125,0,1,1,0,0,0,0,0
131307,32,-5387,125,0,1,1,0,0,0,0,0
131317,11,-5379,130,0,1,1,1,0,0,0,0
131328,12,-5375,136,0,1,1,0,0,0,0,0
131338,9,-5387,146,0,1,1,0,0,0,0,0
131349,30,-5370,150,0,1,1,0,0,0,0,0
131359,22,-5387,156,0,1,1,0,0,0,0,0
131370,12,-5388,158,0,1,1,0,0,0,0,0
131380,35,-5377,147,0,1,1,0,0,0,0,0
131391,40,-5367,152,0,1,1,0,0,0,0,0
131401,36,-5380,148,0,1,1,0,0,0,0,0
131412,40,-5392,150,0,1,1,0,0,0,0,0
131422,42,-5390,150,0,1,1,0,0,0,0,0
131423,30,-5384,147,0,1,1,0,0,0,0,0
131433,18,-5381,136,0,1,1,0,0,0,0,0
131443,25,-5380,132,0,1,1,0,0,0,0,0
131454,34,-5388,138,0,1,1,0,0,0,0,0
131464,20,-5385,139,0,1,1,0,0,0,0,0
131475,13,-5377,150,0,1,1,0,0,0,0,0
131485,19,-5382,121,0,1,1,0,0,0,0,0
131495,23,-5398,106,0,1,1,0,0,0,0,0
131505,14,-5357,264,0,1,1,0,0,0,0,0
131515,11,-5395,31,0,1,1,0,0,0,0,0
131525,18,-5365,225,0,1,1,0,0,0,0,0
131535,30,-5369,171,0,1,1,0,0,0,0,0
131545,-1,-5399,55,0,1,1,0,0,0,0,0
131555,53,-5351,301,0,1,1,0,0,0,0,0
131565,16,-5424,-68,0,1,1,0,0,0,0,0
131575,41,-5360,285,0,1,1,0,0,0,0,0
131585,23,-5386,95,0,1,1,0,0,0,0,0
131595,46,-5395,162,0,1,1,0,0,0,0,0
131605,39,-5381,161,0,1,1,0,0,0,0,0
131615,18,-5391,100,0,1,1,0,0,0,0,0
131625,41,-5360,293,0,1,1,0,0,0,0,0
131633,0,-5417,42,0,1,1,0,0,0,0,0
131643,-24,-5391,177,0,1,1,0,0,0,0,0
131653,24,-5386,138,0,1,1,0,0,0,0,0
131663,119,-5356,71,0,1,1,0,0,0,0,0
131673,236,-5329,343,0,1,1,0,0,0,0,0
131684,-340,-5445,-29,0,1,1,0,0,0,0,0
131694,107,-5379,245,0,1,1,0,0,0,0,0
131704,100,-5403,-9,0,1,1,0,0,0,0,0
131714,-27,-5348,308,0,1,1,0,0,0,0,0
131729,11,-5395,239,0,1,1,0,0,0,0,0
131739,27,-5393,81,0,1,1,0,0,0,0,0
131740,25,-5382,185,0,1,1,0,0,0,0,0
131750,31,-5389,122,0,1,1,0,0,0,0,0
131760,19,-5371,158,0,1,1,0,0,0,0,0
131771,17,-5356,233,0,1,1,0,0,0,0,0
131781,37,-5387,180,0,1,1,0,0,0,0,0
131792,49,-5376,205,0,1,1,0,0,0,0,0
131802,50,-5362,265,0,1,1,0,0,0,0,0
131803,99,-5393,311,0,1,1,0,0,0,0,0
131813,65,-5360,282,0,1,1,0,0,0,0,0
131823,29,-5385,156,0,1,1,1,0,0,0,0
131843,78,-5403,89,0,1,1,0,0,0,0,0
131857,86,-5415,50,0,1,1,0,0,0,0,0
131867,75,-5415,58,0,1,1,0,0,0,0,0
131878,27,-5394,33,0,1,1,0,0,0,0,0
131888,-4,-5380,80,0,1,1,0,0,0,0,0
131889,-73,-5383,126,0,1,1,0,0,0,0,0
131899,-11,-5365,34,0,1,1,0,0,0,0,0
131909,-6,-5385,54,0,1,1,0,0,0,0,0
131919,-15,-5386,1,0,1,1,0,0,0,0,0
131929,113,-5395,114,0,1,1,0,0,0,0,0
131939,74,-5376,250,0,1,1,0,0,0,0,0
131949,81,-5377,255,0,1,1,0,0,0,0,0
131959,37,-5374,183,0,1,1,0,0,0,0,0
131969,-34,-5364,46,0,1,1,0,0,0,0,0
131980,-60,-5360,-34,0,1,1,0,0,0,0,0
131990,-38,-5374,-54,0,1,1,0,0,0,0,0
132000,-13,-5376,-17,0,1,1,0,0,0,0,0
132010,19,-5388,39,0,1,1,0,0,0,0,0
132020,17,-5384,50,0,1,1,0,0,0,0,0
132030,14,-5394,92,0,1,1,0,0,0,0,0
132040,-5,-5398,139,0,1,1,0,0,0,0,0
132050,0,-5398,76,0,1,1,0,0,0,0,0
132060,29,-5405,26,0,1,1,0,0,0,0,0
132070,29,-5383,24,0,1,1,0,0,0,0,0
132080,10,-5390,-2,0,1,1,0,0,0,0,0
132090,30,-5391,4,0,1,1,0,0,0,0,0
132100,37,-5383,30,0,1,1,0,0,0,0,0
132110,10,-5385,109,0,1,1,0,0,0,0,0
132120,11,-5375,149,0,1,1,0,0,0,0,0
132130,37,-5373,134,0,1,1,0,0,0,0,0
132141,35,-5373,121,0,1,1,0,0,0,0,0
132151,27,-5378,129,0,1,1,0,0,0,0,0
132161,35,-5368,155,0,1,1,0,0,0,0,0
132171,43,-5388,150,0,1,1,0,0,0,0,0
132181,42,-5387,119,0,1,1,0,0,0,0,0
132191,46,-5400,92,0,1,1,0,0,0,0,0
132201,41,-5390,87,0,1,1,0,0,0,0,0
132211,-11,-5348,300,0,1,1,0,0,0,0,0
132221,2,-5356,203,0,1,1,0,0,0,0,0
132231,36,-5383,124,0,1,1,0,0,0,0,0
132241,22,-5360,200,0,1,1,0,0,0,0,0
132251,1,-5385,168,0,1,1,0,0,0,0,0
132261,21,-5399,144,0,1,1,0,0,0,0,0
132271,23,-5382,133,0,1,1,0,0,0,0,0
132281,28,-5388,126,0,1,1,0,0,0,0,0
132291,14,-5380,159,0,1,1,0,0,0,0,0
132302,36,-5382,149,0,1,1,0,0,0,0,0
132312,28,-5375,153,0,1,1,0,0,0,0,0
132322,41,-5382,163,0,1,1,0,0,0,0,0
132332,33,-5382,168,0,1,1,0,0,0,0,0
132336,14,-5380,132,0,1,1,0,0,0,0,0
132346,25,-5389,99,0,1,1,0,0,0,0,0
132356,18,-5387,127,0,1,1,1,0,0,0,0
132367,15,-5366,124,0,1,1,0,0,0,0,0
132377,18,-5378,121,0,1,1,0,0,0,0,0
132388,33,-5388,148,0,1,1,0,0,0,0,0
132398,37,-5397,123,0,1,1,0,0,0,0,0
132408,22,-5369,107,0,1,1,0,0,0,0,0
132418,27,-5385,119,0,1,1,0,0,0,0,0
132428,15,-5385,149,0,1,1,0,0,0,0,0
132438,24,-5383,157,0,1,1,0,0,0,0,0
132448,20,-5387,150,0,1,1,0,0,0,0,0
132458,19,-5374,159,0,1,1,0,0,0,0,0
132468,16,-5371,168,0,1,1,0,0,0,0,0
132478,11,-5384,173,0,1,1,0,0,0,0,0
132488,21,-5382,174,0,1,1,0,0,0,0,0
132498,19,-5373,164,0,1,1,0,0,0,0,0
132508,16,-5381,132,0,1,1,0,0,0,0,0
132518,20,-5375,146,0,1,1,0,0,0,0,0
132528,33,-5375,147,0,1,1,0,0,0,0,0
132538,34,-5374,123,0,1,1,0,0,0,0,0
132549,33,-5383,122,0,1,1,0,0,0,0,0
132559,30,-5390,143,0,1,1,0,0,0,0,0
132569,23,-5387,131,0,1,1,0,0,0,0,0
132579,31,-5382,150,0,1,1,0,0,0,0,0
132589,28,-5383,136,0,1,1,0,0,0,0,0
132599,21,-5377,135,0,1,1,0,0,0,0,0
132609,17,-5398,125,0,1,1,0,0,0,0,0
132619,28,-5393,143,0,1,1,0,0,0,0,0
132629,19,-5393,139,0,1,1,0,0,0,0,0
132639,23,-5377,146,0,1,1,0,0,0,0,0
132645,17,-5373,131,0,1,1,0,0,0,0,0
132655,34,-5373,125,0,1,1,0,0,0,0,0
132665,26,-5380,135,0,1,1,0,0,0,0,0
132675,15,-5384,147,0,1,1,0,0,0,0,0
132686,20,-5381,155,0,1,1,0,0,0,0,0
132696,23,-5385,152,0,1,1,0,0,0,0,0
132707,26,-5375,142,0,1,1,0,0,0,0,0
132717,27,-5385,147,0,1,1,0,0,0,0,0
132722,29,-5400,149,0,1,1,0,0,0,0,0
132732,34,-5374,147,0,1,1,0,0,0,0,0
132742,26,-5372,138,0,1,1,0,0,0,0,0
132753,14,-5393,144,0,1,1,0,0,0,0,0
132763,25,-5383,142,0,1,1,0,0,0,0,0
132774,22,-5371,151,0,1,1,0,0,0,0,0
132784,28,-5392,145,0,1,1,0,0,0,0,0
132795,16,-5382,142,0,1,1,0,0,0,0,0
132805,15,-5372,136,0,1,1,0,0,0,0,0
132816,28,-5385,137,0,1,1,0,0,0,0,0
132826,32,-5392,147,0,1,1,0,0,0,0,0
132836,25,-5383,139,0,1,1,0,0,0,0,0
132846,17,-5376,143,0,1,1,0,0,0,0,0
132848,28,-5386,141,0,1,1,0,0,0,0,0
132858,26,-5383,140,0,1,1,0,0,0,0,0
132868,32,-5374,147,0,1,1,1,0,0,0,0
132878,20,-5369,146,0,1,1,0,0,0,0,0
132888,19,-5381,148,0,1,1,0,0,0,0,0
132899,29,-5388,146,0,1,1,0,0,0,0,0
132909,27,-5390,137,0,1,1,0,0,0,0,0
132920,28,-5374,129,0,1,1,0,0,0,0,0
132930,19,-5382,112,0,1,1,0,0,0,0,0
132941,35,-5382,156,0,1,1,0,0,0,0,0
132951,28,-5378,106,0,1,1,0,0,0,0,0
132961,18,-5381,153,0,1,1,0,0,0,0,0
132971,24,-5377,136,0,1,1,0,0,0,0,0
132982,26,-5377,149,0,1,1,0,0,0,0,0
132992,18,-5383,149,0,1,1,0,0,0,0,0
133002,21,-5380,136,0,1,1,0,0,0,0,0
133012,26,-5386,131,0,1,1,0,0,0,0,0
133022,32,-5378,137,0,1,1,0,0,0,0,0
133032,19,-5383,125,0,1,1,0,0,0,0,0
133042,16,-5386,138,0,1,1,0,0,0,0,0
133052,32,-5371,153,0,1,1,0,0,0,0,0
133062,31,-5365,166,0,1,1,0,0,0,0,0
133072,28,-5384,154,0,1,1,0,0,0,0,0
133082,22,-5386,149,0,1,1,0,0,0,0,0
133092,19,-5377,143,0,1,1,0,0,0,0,0
133102,30,-5385,145,0,1,1,0,0,0,0,0
133112,44,-5403,136,0,1,1,0,0,0,0,0
133122,32,-5382,143,0,1,1,0,0,0,0,0
133132,40,-5383,147,0,1,1,0,0,0,0,0
133143,34,-5377,157,0,1,1,0,0,0,0,0
133153,31,-5391,155,0,1,1,0,0,0,0,0
133163,19,-5378,137,0,1,1,0,0,0,0,0
133173,12,-5371,155,0,1,1,0,0,0,0,0
133183,37,-5386,146,0,1,1,0,0,0,0,0
133193,17,-5376,145,0,1,1,0,0,0,0,0
133203,20,-5382,162,0,1,1,0,0,0,0,0
133213,12,-5387,158,0,1,1,0,0,0,0,0
133224,26,-5384,162,0,1,1,0,0,0,0,0
133234,10,-5394,155,0,1,1,0,0,0,0,0
133244,41,-5397,137,0,1,1,0,0,0,0,0
133254,40,-5388,130,0,1,1,0,0,0,0,0
133264,22,-5384,130,0,1,1,0,0,0,0,0
133274,13,-5377,137,0,1,1,0,0,0,0,0
133284,26,-5388,122,0,1,1,0,0,0,0,0
133294,23,-5381,131,0,1,1,0,0,0,0,0
133304,17,-5379,151,0,1,1,0,0,0,0,0
133305,35,-5377,153,0,1,1,0,0,0,0,0
133315,30,-5382,157,0,1,1,0,0,0,0,0
133325,38,-5392,154,0,1,1,0,0,0,0,0
133335,24,-5378,145,0,1,1,0,0,0,0,0
133345,15,-5382,149,0,1,1,0,0,0,0,0
133355,30,-5386,146,0,1,1,0,0,0,0,0
133365,29,-5376,137,0,1,1,0,0,0,0,0
133375,14,-5373,143,0,1,1,0,0,0,0,0
133379,21,-5383,145,0,1,1,0,0,0,0,0
133389,34,-5397,130,0,1,1,0,0,0,0,0
133399,22,-5386,139,0,1,1,0,0,0,0,0
133409,18,-5384,146,0,1,1,0,0,0,0,0
133419,36,-5384,147,0,1,1,1,0,0,0,0
133440,29,-5378,154,0,1,1,0,0,0,0,0
133450,22,-5393,157,0,1,1,0,0,0,0,0
133460,26,-5376,141,0,1,1,0,0,0,0,0
133471,20,-5376,144,0,1,1,0,0,0,0,0
133481,19,-5392,137,0,1,1,0,0,0,0,0
133482,24,-5393,155,0,1,1,0,0,0,0,0
133492,44,-5379,149,0,1,1,0,0,0,0,0
133502,28,-5382,142,0,1,1,0,0,0,0,0
133513,13,-5380,132,0,1,1,0,0,0,0,0
133523,19,-5376,145,0,1,1,0,0,0,0,0
133534,23,-5390,136,0,1,1,0,0,0,0,0
133544,35,-5383,138,0,1,1,0,0,0,0,0
133555,28,-5386,156,0,1,1,0,0,0,0,0
133565,38,-5398,148,0,1,1,0,0,0,0,0
133575,9,-5383,153,0,1,1,0,0,0,0,0
133585,15,-5377,153,0,1,1,0,0,0,0,0
133595,27,-5380,158,0,1,1,0,0,0,0,0
133605,15,-5378,157,0,1,1,0,0,0,0,0
133615,22,-5364,149,0,1,1,0,0,0,0,0
133625,34,-5371,157,0,1,1,0,0,0,0,0
133635,29,-5390,148,0,1,1,0,0,0,0,0
133645,27,-5373,139,0,1,1,0,0,0,0,0
133655,26,-5381,131,0,1,1,0,0,0,0,0
133665,14,-5390,120,0,1,1,0,0,0,0,0
133675,26,-5382,145,0,1,1,0,0,0,0,0
133685,26,-5380,137,0,1,1,0,0,0,0,0
133696,22,-5382,120,0,1,1,0,0,0,0,0
133706,31,-5374,149,0,1,1,0,0,0,0,0
133717,32,-5379,165,0,1,1,0,0,0,0,0
133727,22,-5393,169,0,1,1,0,0,0,0,0
133737,28,-5393,164,0,1,1,0,0,0,0,0
133747,26,-5387,127,0,1,1,0,0,0,0,0
133757,29,-5382,138,0,1,1,0,0,0,0,0
133767,27,-5386,166,0,1,1,0,0,0,0,0
133777,13,-5376,139,0,1,1,0,0,0,0,0
133787,23,-5376,156,0,1,1,0,0,0,0,0
133798,32,-5382,159,0,1,1,0,0,0,0,0
133808,20,-5401,152,0,1,1,0,0,0,0,0
133818,15,-5382,153,0,1,1,0,0,0,0,0
133828,31,-5382,96,0,1,1,0,0,0,0,0
133838,34,-5388,122,0,1,1,0,0,0,0,0
133848,27,-5381,163,0,1,1,0,0,0,0,0
133858,20,-5378,163,0,1,1,0,0,0,0,0
133868,30,-5388,141,0,1,1,0,0,0,0,0
133878,36,-5387,152,0,1,1,0,0,0,0,0
133879,34,-5396,149,0,1,1,0,0,0,0,0
133889,22,-5382,143,0,1,1,0,0,0,0,0
133890,24,-5379,133,0,1,1,0,0,0,0,0
133900,23,-5360,139,0,1,1,0,0,0,0,0
133910,16,-5392,157,0,1,1,1,0,0,0,0
133930,16,-5387,122,0,1,1,0,0,0,0,0
133940,29,-5382,126,0,1,1,0,0,0,0,0
133950,26,-5375,125,0,1,1,0,0,0,0,0
133961,29,-5395,149,0,1,1,0,0,0,0,0
133971,37,-5385,166,0,1,1,0,0,0,0,0
133981,32,-5382,156,0,1,1,0,0,0,0,0
133991,26,-5386,165,0,1,1,0,0,0,0,0
134001,31,-5374,172,0,1,1,0,0,0,0,0
134011,27,-5394,157,0,1,1,0,0,0,0,0
134021,16,-5376,152,0,1,1,0,0,0,0,0
134031,22,-5384,146,0,1,1,0,0,0,0,0
134042,21,-5389,141,0,1,1,0,0,0,0,0
134052,21,-5372,144,0,1,1,0,0,0,0,0
134062,11,-5375,155,0,1,1,0,0,0,0,0
134072,29,-5387,134,0,1,1,0,0,0,0,0
134082,26,-5388,152,0,1,1,0,0,0,0,0
134092,17,-5382,150,0,1,1,0,0,0,0,0
134102,21,-5373,145,0,1,1,0,0,0,0,0
134112,13,-5381,135,0,1,1,0,0,0,0,0
134122,28,-5394,138,0,1,1,0,0,0,0,0
134132,41,-5374,147,0,1,1,0,0,0,0,0
134142,31,-5373,141,0,1,1,0,0,0,0,0
134152,31,-5381,137,0,1,1,0,0,0,0,0
134162,36,-5382,144,0,1,1,0,0,0,0,0
134172,29,-5376,164,0,1,1,0,0,0,0,0
134182,13,-5370,165,0,1,1,0,0,0,0,0
134192,28,-5386,152,0,1,1,0,0,0,0,0
134203,28,-5376,149,0,1,1,0,0,0,0,0
134213,26,-5377,147,0,1,1,0,0,0,0,0
134223,24,-5384,141,0,1,1,0,0,0,0,0
134233,24,-5391,138,0,1,1,0,0,0,0,0
134243,33,-5381,141,0,1,1,0,0,0,0,0
134253,12,-5376,157,0,1,1,0,0,0,0,0
134263,13,-5385,169,0,1,1,0,0,0,0,0
134273,33,-5379,147,0,1,1,0,0,0,0,0
134283,26,-5382,146,0,1,1,0,0,0,0,0
134293,23,-5384,146,0,1,1,0,0,0,0,0
134303,24,-5387,153,0,1,1,0,0,0,0,0
134313,22,-5374,161,0,1,1,0,0,0,0,0
134323,21,-5370,170,0,1,1,0,0,0,0,0
134333,26,-5363,150,0,1,1,0,0,0,0,0
134343,18,-5383,141,0,1,1,0,0,0,0,0
134353,31,-5388,138,0,1,1,0,0,0,0,0
134363,22,-5391,135,0,1,1,0,0,0,0,0
134364,23,-5382,136,0,1,1,0,0,0,0,0
134374,18,-5388,137,0,1,1,0,0,0,0,0
134384,23,-5380,135,0,1,1,0,0,0,0,0
134394,13,-5385,138,0,1,1,0,0,0,0,0
134404,10,-5374,151,0,1,1,0,0,0,0,0
134414,22,-5375,156,0,1,1,0,0,0,0,0
134424,10,-5381,144,0,1,1,0,0,0,0,0
134434,19,-5387,127,0,1,1,0,0,0,0,0
134449,36,-5385,141,0,1,1,0,0,0,0,0
134459,28,-5383,160,0,1,1,1,0,0,0,0
134470,25,-5385,149,0,1,1,0,0,0,0,0
134480,22,-5378,143,0,1,1,0,0,0,0,0
134481,36,-5380,144,0,1,1,0,0,0,0,0
134491,32,-5381,148,0,1,1,0,0,0,0,0
134501,25,-5379,168,0,1,1,0,0,0,0,0
134512,32,-5382,152,0,1,1,0,0,0,0,0
134522,39,-5388,160,0,1,1,0,0,0,0,0
134533,33,-5381,161,0,1,1,0,0,0,0,0
134543,34,-5378,156,0,1,1,0,0,0,0,0
134554,47,-5382,146,0,1,1,0,0,0,0,0
134564,32,-5388,141,0,1,1,0,0,0,0,0
134575,29,-5371,144,0,1,1,0,0,0,0,0
134585,22,-5379,122,0,1,1,0,0,0,0,0
134596,24,-5392,142,0,1,1,0,0,0,0,0
134606,17,-5381,137,0,1,1,0,0,0,0,0
134616,15,-5388,148,0,1,1,0,0,0,0,0
134626,27,-5379,177,0,1,1,0,0,0,0,0
